2026-09-18T10:18:56.1051701Z Current runner version: '2.337.0'
2026-09-18T10:18:56.1068367Z ##[group]Runner Image Provisioner
2026-09-18T10:18:56.1068896Z Hosted Compute Agent
2026-09-18T10:18:56.1069310Z Version: 20260828.587
2026-09-18T10:18:56.1069693Z Commit: abac92662cab4cc7352de4f9f9d2e2419aad9c29
2026-09-18T10:18:56.1070147Z Build Date: 2026-08-28T16:44:25Z
2026-09-18T10:18:56.1070588Z Worker ID: {7e2caa3a-7737-4bdd-adbc-ed74204a5d68}
2026-09-18T10:18:56.1071005Z Azure Region: centralus
2026-09-18T10:18:56.1071396Z ##[endgroup]
2026-09-18T10:18:56.1072115Z ##[group]Operating System
2026-09-18T10:18:56.1072502Z Ubuntu
2026-09-18T10:18:56.1073151Z 24.04.5
2026-09-18T10:18:56.1073459Z LTS
2026-09-18T10:18:56.1073754Z ##[endgroup]
2026-09-18T10:18:56.1074126Z ##[group]Runner Image
2026-09-18T10:18:56.1074505Z Image: ubuntu-24.04
2026-09-18T10:18:56.1074862Z Version: 20260907.300.1
2026-09-18T10:18:56.1075624Z Included Software: https://github.com/actions/runner-images/blob/ubuntu24/20260907.300/images/ubuntu/Ubuntu2404-Readme.md
2026-09-18T10:18:56.1076506Z Image Release: https://github.com/actions/runner-images/releases/tag/ubuntu24%2F20260907.300
2026-09-18T10:18:56.1077098Z ##[endgroup]
2026-09-18T10:18:56.1077787Z ##[group]GITHUB_TOKEN Permissions
2026-09-18T10:18:56.1078946Z Contents: read
2026-09-18T10:18:56.1079354Z Metadata: read
2026-09-18T10:18:56.1079712Z ##[endgroup]
2026-09-18T10:18:56.1080923Z Secret source: Actions
2026-09-18T10:18:56.1081500Z Cache mode: write
2026-09-18T10:18:56.1081900Z Prepare workflow directory
2026-09-18T10:18:56.1321353Z Prepare all required actions
2026-09-18T10:18:56.1352270Z Getting action download info
2026-09-18T10:18:56.3316565Z Download action repository 'actions/checkout@3d3c42e5aac5ba805825da76410c181273ba90b1' (SHA:3d3c42e5aac5ba805825da76410c181273ba90b1)
2026-09-18T10:18:56.4852325Z Uses: tyk-swe/olp/.github/workflows/ci.yml@refs/heads/tyk/go-release-retirement (ccd138f288a99f66a2bb1145eb75d5ce57398416)
2026-09-18T10:18:56.4855256Z Complete job name: qualification / integration
2026-09-18T10:18:56.5370077Z ##[group]Run actions/checkout@3d3c42e5aac5ba805825da76410c181273ba90b1
2026-09-18T10:18:56.5370597Z with:
2026-09-18T10:18:56.5370844Z   repository: tyk-swe/olp
2026-09-18T10:18:56.5373071Z   token: ***
2026-09-18T10:18:56.5373320Z   ssh-strict: true
2026-09-18T10:18:56.5373572Z   ssh-user: git
2026-09-18T10:18:56.5373826Z   persist-credentials: true
2026-09-18T10:18:56.5374112Z   clean: true
2026-09-18T10:18:56.5374371Z   sparse-checkout-cone-mode: true
2026-09-18T10:18:56.5374665Z   fetch-depth: 1
2026-09-18T10:18:56.5374916Z   fetch-tags: false
2026-09-18T10:18:56.5375170Z   show-progress: true
2026-09-18T10:18:56.5375423Z   lfs: false
2026-09-18T10:18:56.5375659Z   submodules: false
2026-09-18T10:18:56.5375915Z   set-safe-directory: true
2026-09-18T10:18:56.5376203Z   allow-unsafe-pr-checkout: false
2026-09-18T10:18:56.5376572Z ##[endgroup]
2026-09-18T10:18:56.6071116Z Syncing repository: tyk-swe/olp
2026-09-18T10:18:56.6072231Z ##[group]Getting Git version info
2026-09-18T10:18:56.6072656Z Working directory is '/home/runner/work/olp/olp'
2026-09-18T10:18:56.6073647Z [command]/usr/bin/git version
2026-09-18T10:18:56.6155382Z git version 2.55.0
2026-09-18T10:18:56.6168198Z ##[endgroup]
2026-09-18T10:18:56.6177150Z Temporarily overriding HOME='/home/runner/work/_temp/677b6b8d-cc67-4c4d-b99f-65bdf5927ade' before making global git config changes
2026-09-18T10:18:56.6178334Z Adding repository directory to the temporary git global config as a safe directory
2026-09-18T10:18:56.6181658Z [command]/usr/bin/git config --global --add safe.directory /home/runner/work/olp/olp
2026-09-18T10:18:56.6228464Z Deleting the contents of '/home/runner/work/olp/olp'
2026-09-18T10:18:56.6230505Z ##[group]Determining repository object format
2026-09-18T10:18:56.6231651Z ##[endgroup]
2026-09-18T10:18:56.6232058Z ##[group]Initializing the repository
2026-09-18T10:18:56.6235174Z [command]/usr/bin/git init /home/runner/work/olp/olp
2026-09-18T10:18:56.6327387Z hint: Using 'master' as the name for the initial branch. This default branch name
2026-09-18T10:18:56.6328152Z hint: will change to "main" in Git 3.0. To configure the initial branch name
2026-09-18T10:18:56.6328974Z hint: to use in all of your new repositories, which will suppress this warning,
2026-09-18T10:18:56.6329609Z hint: call:
2026-09-18T10:18:56.6329959Z hint:
2026-09-18T10:18:56.6330400Z hint: 	git config --global init.defaultBranch <name>
2026-09-18T10:18:56.6330922Z hint:
2026-09-18T10:18:56.6331452Z hint: Names commonly chosen instead of 'master' are 'main', 'trunk' and
2026-09-18T10:18:56.6332142Z hint: 'development'. The just-created branch can be renamed via this command:
2026-09-18T10:18:56.6332548Z hint:
2026-09-18T10:18:56.6332973Z hint: 	git branch -m <name>
2026-09-18T10:18:56.6333241Z hint:
2026-09-18T10:18:56.6333595Z hint: Disable this message with "git config set advice.defaultBranchName false"
2026-09-18T10:18:56.6334340Z Initialized empty Git repository in /home/runner/work/olp/olp/.git/
2026-09-18T10:18:56.6339465Z [command]/usr/bin/git remote add origin https://github.com/tyk-swe/olp
2026-09-18T10:18:56.6383213Z ##[endgroup]
2026-09-18T10:18:56.6383771Z ##[group]Disabling automatic garbage collection
2026-09-18T10:18:56.6385599Z [command]/usr/bin/git config --local gc.auto 0
2026-09-18T10:18:56.6411814Z ##[endgroup]
2026-09-18T10:18:56.6412944Z ##[group]Setting up auth
2026-09-18T10:18:56.6413418Z Removing SSH command configuration
2026-09-18T10:18:56.6417222Z [command]/usr/bin/git config --local --name-only --get-regexp core\.sshCommand
2026-09-18T10:18:56.6444303Z [command]/usr/bin/git submodule foreach --recursive sh -c "git config --local --name-only --get-regexp 'core\.sshCommand' && git config --local --unset-all 'core.sshCommand' || :"
2026-09-18T10:18:56.6750111Z Removing HTTP extra header
2026-09-18T10:18:56.6755373Z [command]/usr/bin/git config --local --name-only --get-regexp http\.https\:\/\/github\.com\/\.extraheader
2026-09-18T10:18:56.6784911Z [command]/usr/bin/git submodule foreach --recursive sh -c "git config --local --name-only --get-regexp 'http\.https\:\/\/github\.com\/\.extraheader' && git config --local --unset-all 'http.https://github.com/.extraheader' || :"
2026-09-18T10:18:56.6957915Z Removing includeIf entries pointing to credentials config files
2026-09-18T10:18:56.6961635Z [command]/usr/bin/git config --local --name-only --get-regexp ^includeIf\.gitdir:
2026-09-18T10:18:56.6988084Z [command]/usr/bin/git submodule foreach --recursive git config --local --show-origin --name-only --get-regexp remote.origin.url
2026-09-18T10:18:56.7166641Z [command]/usr/bin/git config --file /home/runner/work/_temp/git-credentials-9eb35f39-82ba-45eb-89a7-68655a9394af.config http.https://github.com/.extraheader AUTHORIZATION: basic ***
2026-09-18T10:18:56.7197787Z [command]/usr/bin/git config --local includeIf.gitdir:/home/runner/work/olp/olp/.git.path /home/runner/work/_temp/git-credentials-9eb35f39-82ba-45eb-89a7-68655a9394af.config
2026-09-18T10:18:56.7223796Z [command]/usr/bin/git config --local includeIf.gitdir:/home/runner/work/olp/olp/.git/worktrees/*.path /home/runner/work/_temp/git-credentials-9eb35f39-82ba-45eb-89a7-68655a9394af.config
2026-09-18T10:18:56.7252241Z [command]/usr/bin/git config --local includeIf.gitdir:/github/workspace/.git.path /github/runner_temp/git-credentials-9eb35f39-82ba-45eb-89a7-68655a9394af.config
2026-09-18T10:18:56.7278959Z [command]/usr/bin/git config --local includeIf.gitdir:/github/workspace/.git/worktrees/*.path /github/runner_temp/git-credentials-9eb35f39-82ba-45eb-89a7-68655a9394af.config
2026-09-18T10:18:56.7304278Z ##[endgroup]
2026-09-18T10:18:56.7304912Z ##[group]Fetching the repository
2026-09-18T10:18:56.7309211Z [command]/usr/bin/git -c protocol.version=2 fetch --no-tags --prune --no-recurse-submodules --depth=1 origin +ccd138f288a99f66a2bb1145eb75d5ce57398416:refs/remotes/origin/tyk/go-release-retirement
2026-09-18T10:18:57.6873615Z From https://github.com/tyk-swe/olp
2026-09-18T10:18:57.6875200Z  * [new ref]         ccd138f288a99f66a2bb1145eb75d5ce57398416 -> origin/tyk/go-release-retirement
2026-09-18T10:18:57.6880657Z [command]/usr/bin/git branch --list --remote origin/tyk/go-release-retirement
2026-09-18T10:18:57.6903809Z   origin/tyk/go-release-retirement
2026-09-18T10:18:57.6909796Z [command]/usr/bin/git rev-parse refs/remotes/origin/tyk/go-release-retirement
2026-09-18T10:18:57.6930160Z ccd138f288a99f66a2bb1145eb75d5ce57398416
2026-09-18T10:18:57.6933647Z ##[endgroup]
2026-09-18T10:18:57.6934802Z ##[group]Determining the checkout info
2026-09-18T10:18:57.6936111Z ##[endgroup]
2026-09-18T10:18:57.6936732Z [command]/usr/bin/git sparse-checkout disable
2026-09-18T10:18:57.6976931Z [command]/usr/bin/git config --local --unset-all extensions.worktreeConfig
2026-09-18T10:18:57.7004376Z ##[group]Checking out the ref
2026-09-18T10:18:57.7005804Z [command]/usr/bin/git checkout --progress --force -B tyk/go-release-retirement refs/remotes/origin/tyk/go-release-retirement
2026-09-18T10:18:57.7559575Z Switched to a new branch 'tyk/go-release-retirement'
2026-09-18T10:18:57.7565215Z branch 'tyk/go-release-retirement' set up to track 'origin/tyk/go-release-retirement'.
2026-09-18T10:18:57.7572195Z ##[endgroup]
2026-09-18T10:18:57.7607214Z [command]/usr/bin/git log -1 --format=%H
2026-09-18T10:18:57.7631184Z ccd138f288a99f66a2bb1145eb75d5ce57398416
2026-09-18T10:18:57.7910147Z Prepare all required actions
2026-09-18T10:18:57.7911336Z Getting action download info
2026-09-18T10:18:57.9012605Z Download action repository 'actions/setup-go@924ae3a1cded613372ab5595356fb5720e22ba16' (SHA:924ae3a1cded613372ab5595356fb5720e22ba16)
2026-09-18T10:18:58.3862348Z Download action repository 'pnpm/action-setup@ea17c68df8912ef543352723c149a84f56e3d413' (SHA:ea17c68df8912ef543352723c149a84f56e3d413)
2026-09-18T10:18:58.6997999Z Download action repository 'actions/setup-node@820762786026740c76f36085b0efc47a31fe5020' (SHA:820762786026740c76f36085b0efc47a31fe5020)
2026-09-18T10:18:58.8117227Z ##[group]Run ./.github/actions/setup
2026-09-18T10:18:58.8117446Z with:
2026-09-18T10:18:58.8117591Z   services: true
2026-09-18T10:18:58.8117744Z ##[endgroup]
2026-09-18T10:18:58.8157291Z ##[start-action display=Run actions/setup-go@924ae3a1cded613372ab5595356fb5720e22ba16;id=__self.__actions_setup-go]
2026-09-18T10:18:58.8208139Z ##[group]Run actions/setup-go@924ae3a1cded613372ab5595356fb5720e22ba16
2026-09-18T10:18:58.8208397Z with:
2026-09-18T10:18:58.8208578Z   go-version-file: go.mod
2026-09-18T10:18:58.8208749Z   check-latest: false
2026-09-18T10:18:58.8210100Z   token: ***
2026-09-18T10:18:58.8210241Z   cache: true
2026-09-18T10:18:58.8210385Z ##[endgroup]
2026-09-18T10:18:58.9011222Z Setup go version spec 1.27.1
2026-09-18T10:18:58.9017907Z Attempting to download 1.27.1...
2026-09-18T10:18:59.6872335Z matching 1.27.1...
2026-09-18T10:18:59.6889303Z Acquiring 1.27.1 from https://github.com/actions/go-versions/releases/download/1.27.1-33583469715/go-1.27.1-linux-x64.tar.gz
2026-09-18T10:19:00.2250134Z Extracting Go...
2026-09-18T10:19:00.2331800Z [command]/usr/bin/tar xz --warning=no-unknown-keyword --overwrite -C /home/runner/work/_temp/da423d32-7844-4575-bb6f-647b35b589c6 -f /home/runner/work/_temp/87663dba-c789-40aa-9cdb-6ac34e892dfc
2026-09-18T10:19:01.5003919Z Successfully extracted go to /home/runner/work/_temp/da423d32-7844-4575-bb6f-647b35b589c6
2026-09-18T10:19:01.5004269Z Adding to the cache ...
2026-09-18T10:19:09.6727157Z Successfully cached go to /opt/hostedtoolcache/go/1.27.1/x64
2026-09-18T10:19:09.6728566Z Added go to the path
2026-09-18T10:19:09.6730385Z Successfully set up Go version 1.27.1
2026-09-18T10:19:09.6877267Z [command]/opt/hostedtoolcache/go/1.27.1/x64/bin/go env GOMODCACHE
2026-09-18T10:19:09.6904020Z [command]/opt/hostedtoolcache/go/1.27.1/x64/bin/go env GOCACHE
2026-09-18T10:19:09.6929094Z /home/runner/go/pkg/mod
2026-09-18T10:19:09.6963901Z /home/runner/.cache/go-build
2026-09-18T10:19:09.8200343Z Cache is not found
2026-09-18T10:19:09.8218213Z go version go1.27.1 linux/amd64
2026-09-18T10:19:09.8218338Z 
2026-09-18T10:19:09.8218520Z ##[group]go env
2026-09-18T10:19:09.9284602Z AR='ar'
2026-09-18T10:19:09.9285131Z CC='gcc'
2026-09-18T10:19:09.9285353Z CGO_CFLAGS='-O2 -g'
2026-09-18T10:19:09.9285553Z CGO_CPPFLAGS=''
2026-09-18T10:19:09.9285696Z CGO_CXXFLAGS='-O2 -g'
2026-09-18T10:19:09.9285827Z CGO_ENABLED='1'
2026-09-18T10:19:09.9285951Z CGO_FFLAGS='-O2 -g'
2026-09-18T10:19:09.9286069Z CGO_LDFLAGS='-O2 -g'
2026-09-18T10:19:09.9286187Z CXX='g++'
2026-09-18T10:19:09.9286294Z GCCGO='gccgo'
2026-09-18T10:19:09.9286407Z GO111MODULE=''
2026-09-18T10:19:09.9286534Z GOAMD64='v1'
2026-09-18T10:19:09.9286680Z GOARCH='amd64'
2026-09-18T10:19:09.9286806Z GOAUTH='netrc'
2026-09-18T10:19:09.9287009Z GOBIN='/home/runner/go/bin'
2026-09-18T10:19:09.9287171Z GOCACHE='/home/runner/.cache/go-build'
2026-09-18T10:19:09.9287326Z GOCACHEPROG=''
2026-09-18T10:19:09.9287438Z GODEBUG=''
2026-09-18T10:19:09.9287558Z GOENV='/home/runner/.config/go/env'
2026-09-18T10:19:09.9287704Z GOEXE=''
2026-09-18T10:19:09.9287812Z GOEXPERIMENT=''
2026-09-18T10:19:09.9287928Z GOFIPS140='off'
2026-09-18T10:19:09.9288039Z GOFLAGS=''
2026-09-18T10:19:09.9288430Z GOGCCFLAGS='-fPIC -m64 -pthread -Wl,--no-gc-sections -fmessage-length=0 -ffile-prefix-map=/tmp/go-build1257466483=/tmp/go-build -gno-record-gcc-switches'
2026-09-18T10:19:09.9288814Z GOHOSTARCH='amd64'
2026-09-18T10:19:09.9289103Z GOHOSTOS='linux'
2026-09-18T10:19:09.9289231Z GOINSECURE=''
2026-09-18T10:19:09.9289375Z GOMOD='/home/runner/work/olp/olp/go.mod'
2026-09-18T10:19:09.9289545Z GOMODCACHE='/home/runner/go/pkg/mod'
2026-09-18T10:19:09.9289695Z GONOPROXY=''
2026-09-18T10:19:09.9289808Z GONOSUMDB=''
2026-09-18T10:19:09.9289915Z GOOS='linux'
2026-09-18T10:19:09.9290031Z GOPACKAGESDRIVER=''
2026-09-18T10:19:09.9290167Z GOPATH='/home/runner/go'
2026-09-18T10:19:09.9290309Z GOPRIVATE=''
2026-09-18T10:19:09.9290471Z GOPROXY='https://proxy.golang.org,direct'
2026-09-18T10:19:09.9290681Z GOROOT='/opt/hostedtoolcache/go/1.27.1/x64'
2026-09-18T10:19:09.9290850Z GOSUMDB='sum.golang.org'
2026-09-18T10:19:09.9290982Z GOTELEMETRY='local'
2026-09-18T10:19:09.9291138Z GOTELEMETRYDIR='/home/runner/.config/go/telemetry'
2026-09-18T10:19:09.9291312Z GOTMPDIR=''
2026-09-18T10:19:09.9291425Z GOTOOLCHAIN='local'
2026-09-18T10:19:09.9291606Z GOTOOLDIR='/opt/hostedtoolcache/go/1.27.1/x64/pkg/tool/linux_amd64'
2026-09-18T10:19:09.9291806Z GOVCS=''
2026-09-18T10:19:09.9291922Z GOVERSION='go1.27.1'
2026-09-18T10:19:09.9292043Z GOWORK=''
2026-09-18T10:19:09.9292160Z PKG_CONFIG='pkg-config'
2026-09-18T10:19:09.9292244Z 
2026-09-18T10:19:09.9292490Z ##[endgroup]
2026-09-18T10:19:09.9431854Z ##[end-action id=__self.__actions_setup-go;outcome=success;conclusion=success;duration_ms=11127]
2026-09-18T10:19:09.9434513Z ##[start-action display=Run sudo apt-get update;id=__self.__run]
2026-09-18T10:19:09.9458065Z ##[group]Run sudo apt-get update
2026-09-18T10:19:09.9458274Z sudo apt-get update
2026-09-18T10:19:09.9458482Z sudo apt-get install -y build-essential ca-certificates
2026-09-18T10:19:09.9458689Z go mod download
2026-09-18T10:19:09.9494537Z shell: /usr/bin/bash --noprofile --norc -e -o pipefail {0}
2026-09-18T10:19:09.9494748Z env:
2026-09-18T10:19:09.9494862Z   GOTOOLCHAIN: local
2026-09-18T10:19:09.9494988Z ##[endgroup]
2026-09-18T10:19:10.0131265Z Get:1 file:/etc/apt/apt-mirrors.txt Mirrorlist [144 B]
2026-09-18T10:19:10.0541656Z Hit:2 http://azure.archive.ubuntu.com/ubuntu noble InRelease
2026-09-18T10:19:10.0550455Z Get:3 http://azure.archive.ubuntu.com/ubuntu noble-updates InRelease [126 kB]
2026-09-18T10:19:10.0559305Z Get:6 https://packages.microsoft.com/ubuntu/24.04/prod noble InRelease [3600 B]
2026-09-18T10:19:10.0583421Z Get:4 http://azure.archive.ubuntu.com/ubuntu noble-backports InRelease [126 kB]
2026-09-18T10:19:10.0608098Z Get:5 http://azure.archive.ubuntu.com/ubuntu noble-security InRelease [126 kB]
2026-09-18T10:19:10.1415626Z Get:7 https://packages.microsoft.com/ubuntu/24.04/prod noble/main amd64 Packages [476 kB]
2026-09-18T10:19:10.1527404Z Get:8 https://packages.microsoft.com/ubuntu/24.04/prod noble/main arm64 Packages [427 kB]
2026-09-18T10:19:10.1782398Z Get:9 http://azure.archive.ubuntu.com/ubuntu noble-updates/main amd64 Packages [1275 kB]
2026-09-18T10:19:10.1844548Z Get:10 http://azure.archive.ubuntu.com/ubuntu noble-updates/main Translation-en [294 kB]
2026-09-18T10:19:10.1868113Z Get:11 http://azure.archive.ubuntu.com/ubuntu noble-updates/main amd64 Components [181 kB]
2026-09-18T10:19:10.1873565Z Get:12 http://azure.archive.ubuntu.com/ubuntu noble-updates/universe amd64 Packages [1689 kB]
2026-09-18T10:19:10.1932165Z Get:13 http://azure.archive.ubuntu.com/ubuntu noble-updates/universe Translation-en [338 kB]
2026-09-18T10:19:10.1948566Z Get:14 http://azure.archive.ubuntu.com/ubuntu noble-updates/universe amd64 Components [388 kB]
2026-09-18T10:19:10.1967068Z Get:15 http://azure.archive.ubuntu.com/ubuntu noble-updates/restricted amd64 Packages [1580 kB]
2026-09-18T10:19:10.2024082Z Get:16 http://azure.archive.ubuntu.com/ubuntu noble-updates/restricted Translation-en [359 kB]
2026-09-18T10:19:10.2033062Z Get:20 https://dl.google.com/linux/chrome-stable/deb stable InRelease [2548 B]
2026-09-18T10:19:10.2441855Z Get:17 http://azure.archive.ubuntu.com/ubuntu noble-updates/multiverse amd64 Packages [45.7 kB]
2026-09-18T10:19:10.2443119Z Get:18 http://azure.archive.ubuntu.com/ubuntu noble-updates/multiverse Translation-en [13.1 kB]
2026-09-18T10:19:10.2523056Z Get:19 http://azure.archive.ubuntu.com/ubuntu noble-updates/multiverse amd64 Components [940 B]
2026-09-18T10:19:10.2533495Z Get:21 http://azure.archive.ubuntu.com/ubuntu noble-backports/main amd64 Packages [65.9 kB]
2026-09-18T10:19:10.2543460Z Get:22 http://azure.archive.ubuntu.com/ubuntu noble-backports/main amd64 Components [5748 B]
2026-09-18T10:19:10.2551358Z Get:23 http://azure.archive.ubuntu.com/ubuntu noble-backports/universe amd64 Packages [34.6 kB]
2026-09-18T10:19:10.2561147Z Get:24 http://azure.archive.ubuntu.com/ubuntu noble-backports/universe Translation-en [18.7 kB]
2026-09-18T10:19:10.2570015Z Get:25 http://azure.archive.ubuntu.com/ubuntu noble-backports/universe amd64 Components [12.6 kB]
2026-09-18T10:19:10.2934572Z Get:26 http://azure.archive.ubuntu.com/ubuntu noble-security/main amd64 Packages [1009 kB]
2026-09-18T10:19:10.2970373Z Get:27 http://azure.archive.ubuntu.com/ubuntu noble-security/main Translation-en [214 kB]
2026-09-18T10:19:10.3004972Z Get:28 http://azure.archive.ubuntu.com/ubuntu noble-security/main amd64 Components [46.4 kB]
2026-09-18T10:19:10.3020598Z Get:29 http://azure.archive.ubuntu.com/ubuntu noble-security/universe amd64 Packages [1208 kB]
2026-09-18T10:19:10.3088310Z Get:30 http://azure.archive.ubuntu.com/ubuntu noble-security/universe Translation-en [243 kB]
2026-09-18T10:19:10.3104507Z Get:31 http://azure.archive.ubuntu.com/ubuntu noble-security/universe amd64 Components [76.2 kB]
2026-09-18T10:19:10.3116746Z Get:32 http://azure.archive.ubuntu.com/ubuntu noble-security/restricted amd64 Packages [1449 kB]
2026-09-18T10:19:10.3182931Z Get:33 http://azure.archive.ubuntu.com/ubuntu noble-security/restricted Translation-en [336 kB]
2026-09-18T10:19:10.3646164Z Get:34 http://azure.archive.ubuntu.com/ubuntu noble-security/multiverse Translation-en [11.3 kB]
2026-09-18T10:19:10.4469995Z Get:35 https://dl.google.com/linux/chrome-stable/deb stable/main amd64 Packages [1408 B]
2026-09-18T10:19:13.7904489Z Fetched 12.2 MB in 1s (12.1 MB/s)
2026-09-18T10:19:14.2518884Z Reading package lists...
2026-09-18T10:19:14.2759729Z Reading package lists...
2026-09-18T10:19:14.4053167Z Building dependency tree...
2026-09-18T10:19:14.4058596Z Reading state information...
2026-09-18T10:19:14.5225598Z ca-certificates is already the newest version (20260601~24.04.1).
2026-09-18T10:19:14.5226139Z The following NEW packages will be installed:
2026-09-18T10:19:14.5228097Z   build-essential
2026-09-18T10:19:14.5358704Z 0 upgraded, 1 newly installed, 0 to remove and 73 not upgraded.
2026-09-18T10:19:14.5358980Z Need to get 4928 B of archives.
2026-09-18T10:19:14.5359187Z After this operation, 17.4 kB of additional disk space will be used.
2026-09-18T10:19:14.5359436Z Get:1 file:/etc/apt/apt-mirrors.txt Mirrorlist [144 B]
2026-09-18T10:19:14.5857103Z Get:2 http://azure.archive.ubuntu.com/ubuntu noble/main amd64 build-essential amd64 12.10ubuntu1 [4928 B]
2026-09-18T10:19:14.7608094Z Fetched 4928 B in 0s (85.1 kB/s)
2026-09-18T10:19:14.7776861Z Selecting previously unselected package build-essential.
2026-09-18T10:19:14.8063208Z (Reading database ... 
2026-09-18T10:19:14.8063382Z (Reading database ... 5%
2026-09-18T10:19:14.8063526Z (Reading database ... 10%
2026-09-18T10:19:14.8063665Z (Reading database ... 15%
2026-09-18T10:19:14.8063797Z (Reading database ... 20%
2026-09-18T10:19:14.8063996Z (Reading database ... 25%
2026-09-18T10:19:14.8064130Z (Reading database ... 30%
2026-09-18T10:19:14.8064577Z (Reading database ... 35%
2026-09-18T10:19:14.8064868Z (Reading database ... 40%
2026-09-18T10:19:14.8065074Z (Reading database ... 45%
2026-09-18T10:19:14.8065277Z (Reading database ... 50%
2026-09-18T10:19:14.8108173Z (Reading database ... 55%
2026-09-18T10:19:14.9455007Z (Reading database ... 60%
2026-09-18T10:19:15.1400118Z (Reading database ... 65%
2026-09-18T10:19:15.3075411Z (Reading database ... 70%
2026-09-18T10:19:15.4867872Z (Reading database ... 75%
2026-09-18T10:19:15.6610739Z (Reading database ... 80%
2026-09-18T10:19:15.8375813Z (Reading database ... 85%
2026-09-18T10:19:16.0435777Z (Reading database ... 90%
2026-09-18T10:19:16.2114624Z (Reading database ... 95%
2026-09-18T10:19:16.2114865Z (Reading database ... 100%
2026-09-18T10:19:16.2115194Z (Reading database ... 201818 files and directories currently installed.)
2026-09-18T10:19:16.2149551Z Preparing to unpack .../build-essential_12.10ubuntu1_amd64.deb ...
2026-09-18T10:19:16.2169948Z Unpacking build-essential (12.10ubuntu1) ...
2026-09-18T10:19:16.2469122Z Setting up build-essential (12.10ubuntu1) ...
2026-09-18T10:19:16.6920845Z 
2026-09-18T10:19:16.6921338Z Running kernel seems to be up-to-date.
2026-09-18T10:19:16.6921574Z 
2026-09-18T10:19:16.6921675Z No services need to be restarted.
2026-09-18T10:19:16.6921838Z 
2026-09-18T10:19:16.6921935Z No containers need to be restarted.
2026-09-18T10:19:16.6922130Z 
2026-09-18T10:19:16.6922251Z No user sessions are running outdated binaries.
2026-09-18T10:19:16.6922432Z 
2026-09-18T10:19:16.6922629Z No VM guests are running outdated hypervisor (qemu) binaries on this host.
2026-09-18T10:19:22.6923271Z ##[end-action id=__self.__run;outcome=success;conclusion=success;duration_ms=12748]
2026-09-18T10:19:22.6925386Z ##[start-action display=Run pnpm/action-setup@ea17c68df8912ef543352723c149a84f56e3d413;id=__self.__pnpm_action-setup]
2026-09-18T10:19:22.6948062Z ##[group]Run pnpm/action-setup@ea17c68df8912ef543352723c149a84f56e3d413
2026-09-18T10:19:22.6948264Z with:
2026-09-18T10:19:22.6948371Z   dest: ~/setup-pnpm
2026-09-18T10:19:22.6948484Z   run_install: null
2026-09-18T10:19:22.6948592Z   cache: false
2026-09-18T10:19:22.6948709Z   cache_dependency_path: pnpm-lock.yaml
2026-09-18T10:19:22.6948862Z   package_json_file: package.json
2026-09-18T10:19:22.6949021Z   standalone: false
2026-09-18T10:19:22.6949128Z env:
2026-09-18T10:19:22.6949250Z   GOTOOLCHAIN: local
2026-09-18T10:19:22.6949365Z ##[endgroup]
2026-09-18T10:19:22.7827339Z ##[group]Running self-installer...
2026-09-18T10:19:25.8716118Z 
2026-09-18T10:19:25.8716779Z added 1 package, and audited 2 packages in 2s
2026-09-18T10:19:25.8716971Z 
2026-09-18T10:19:25.8717044Z 1 package is looking for funding
2026-09-18T10:19:25.8717230Z   run `npm fund` for details
2026-09-18T10:19:25.8720478Z 
2026-09-18T10:19:25.8720567Z found 0 vulnerabilities
2026-09-18T10:19:26.2444800Z Checking for updates...
2026-09-18T10:19:26.4083676Z Switching pnpm from v11.25.0 to v11.24.0...
2026-09-18T10:19:27.0066888Z .../v11/a30-1a0b4073718-d65960f2d375cc68 | Progress: resolved 1, reused 0, downloaded 0, added 0
2026-09-18T10:19:27.0077674Z .../v11/a30-1a0b4073718-d65960f2d375cc68 |   +1 +
2026-09-18T10:19:27.1774403Z .../v11/a30-1a0b4073718-d65960f2d375cc68 | Progress: resolved 1, reused 0, downloaded 1, added 1, done
2026-09-18T10:19:27.9718077Z [WARN] Detected a pnpm v10 installation layout at PNPM_HOME. The pnpm shims at PNPM_HOME have been refreshed so the new version is active, but pnpm v11 expects bins in PNPM_HOME/bin. Run "pnpm setup" to migrate your PATH to the v11 layout.
2026-09-18T10:19:27.9743295Z Successfully updated pnpm to v11.24.0
2026-09-18T10:19:28.0021373Z ##[endgroup]
2026-09-18T10:19:28.0021661Z Installation Completed!
2026-09-18T10:19:28.0097598Z ##[end-action id=__self.__pnpm_action-setup;outcome=success;conclusion=success;duration_ms=5317]
2026-09-18T10:19:28.0100761Z ##[start-action display=Run actions/setup-node@820762786026740c76f36085b0efc47a31fe5020;id=__self.__actions_setup-node]
2026-09-18T10:19:28.0143815Z ##[group]Run actions/setup-node@820762786026740c76f36085b0efc47a31fe5020
2026-09-18T10:19:28.0144151Z with:
2026-09-18T10:19:28.0144323Z   node-version: 26
2026-09-18T10:19:28.0144504Z   cache: pnpm
2026-09-18T10:19:28.0144687Z   check-latest: false
2026-09-18T10:19:28.0146982Z   token: ***
2026-09-18T10:19:28.0147181Z   package-manager-cache: true
2026-09-18T10:19:28.0147409Z env:
2026-09-18T10:19:28.0147573Z   GOTOOLCHAIN: local
2026-09-18T10:19:28.0147806Z   PNPM_HOME: /home/runner/setup-pnpm/node_modules/.bin
2026-09-18T10:19:28.0148084Z ##[endgroup]
2026-09-18T10:19:28.0951619Z Attempting to download 26...
2026-09-18T10:19:28.7935507Z Acquiring 26.9.0 - x64 from https://github.com/actions/node-versions/releases/download/26.9.0-35174947414/node-26.9.0-linux-x64.tar.gz
2026-09-18T10:19:29.3575367Z Extracting ...
2026-09-18T10:19:29.3659601Z [command]/usr/bin/tar xz --strip 1 --warning=no-unknown-keyword --overwrite -C /home/runner/work/_temp/48cf8898-db5a-4387-a17b-6d72e3f6b547 -f /home/runner/work/_temp/fb68083c-30bb-4639-bbc2-8dad35338e6a
2026-09-18T10:19:30.4640771Z Adding to the cache ...
2026-09-18T10:19:34.1858154Z ##[group]Environment details
2026-09-18T10:19:34.3299092Z node: v26.9.0
2026-09-18T10:19:34.3299347Z npm: 11.19.1
2026-09-18T10:19:34.3299527Z yarn: 1.22.22
2026-09-18T10:19:34.3299971Z ##[endgroup]
2026-09-18T10:19:34.3311433Z [command]/home/runner/setup-pnpm/node_modules/.bin/bin/pnpm store path --silent
2026-09-18T10:19:34.6713150Z /home/runner/setup-pnpm/node_modules/.bin/store/v11
2026-09-18T10:19:34.8082249Z pnpm cache is not found
2026-09-18T10:19:34.8186409Z ##[end-action id=__self.__actions_setup-node;outcome=success;conclusion=success;duration_ms=6808]
2026-09-18T10:19:34.8188534Z ##[start-action display=Run pnpm install --frozen-lockfile;id=__self.__run_2]
2026-09-18T10:19:34.8200749Z ##[group]Run pnpm install --frozen-lockfile
2026-09-18T10:19:34.8200957Z pnpm install --frozen-lockfile
2026-09-18T10:19:34.8232860Z shell: /usr/bin/bash --noprofile --norc -e -o pipefail {0}
2026-09-18T10:19:34.8233060Z env:
2026-09-18T10:19:34.8233180Z   GOTOOLCHAIN: local
2026-09-18T10:19:34.8233339Z   PNPM_HOME: /home/runner/setup-pnpm/node_modules/.bin
2026-09-18T10:19:34.8233516Z ##[endgroup]
2026-09-18T10:19:35.0827278Z Scope: all 3 workspace projects
2026-09-18T10:19:35.1088853Z ? Verifying lockfile against supply-chain policies (325 entries)...
2026-09-18T10:19:35.1132385Z Lockfile is up to date, resolution step is skipped
2026-09-18T10:19:35.1801120Z Progress: resolved 1, reused 0, downloaded 0, added 0
2026-09-18T10:19:35.2094335Z Packages: +300
2026-09-18T10:19:35.2095089Z ++++++++++++++++++++++++++++++++++++++++++++++++++++++++++++++++++++++++++++++++
2026-09-18T10:19:35.8435435Z Packages are hard linked from the content-addressable store to the virtual store.
2026-09-18T10:19:35.8461122Z   Content-addressable store is at: /home/runner/setup-pnpm/node_modules/.bin/store/v11
2026-09-18T10:19:35.8462442Z   Virtual store is at:             node_modules/.pnpm
2026-09-18T10:19:36.1809150Z Progress: resolved 300, reused 0, downloaded 98, added 4
2026-09-18T10:19:36.9496839Z Progress: resolved 300, reused 0, downloaded 300, added 300, done
2026-09-18T10:19:37.4663436Z ✓ Lockfile passes supply-chain policies (325 entries in 2.3s)
2026-09-18T10:19:37.6851738Z 
2026-09-18T10:19:37.8147887Z Done in 2.9s using pnpm v11.24.0
2026-09-18T10:19:37.9819295Z ##[end-action id=__self.__run_2;outcome=success;conclusion=success;duration_ms=3163]
2026-09-18T10:19:37.9821289Z ##[start-action display=Run sudo apt-get update;id=__self.__run_3]
2026-09-18T10:19:37.9835748Z ##[group]Run sudo apt-get update
2026-09-18T10:19:37.9835974Z sudo apt-get update
2026-09-18T10:19:37.9836155Z sudo apt-get install -y postgresql-common
2026-09-18T10:19:37.9836401Z sudo /usr/share/postgresql-common/pgdg/apt.postgresql.org.sh -y
2026-09-18T10:19:37.9836655Z sudo apt-get install -y postgresql-client-18
2026-09-18T10:19:37.9836875Z echo /usr/lib/postgresql/18/bin >> "$GITHUB_PATH"
2026-09-18T10:19:37.9837115Z pnpm --dir console exec playwright install --with-deps chromium
2026-09-18T10:19:37.9868890Z shell: /usr/bin/bash --noprofile --norc -e -o pipefail {0}
2026-09-18T10:19:37.9869087Z env:
2026-09-18T10:19:37.9869202Z   GOTOOLCHAIN: local
2026-09-18T10:19:37.9869364Z   PNPM_HOME: /home/runner/setup-pnpm/node_modules/.bin
2026-09-18T10:19:37.9869558Z ##[endgroup]
2026-09-18T10:19:38.0371927Z Get:1 file:/etc/apt/apt-mirrors.txt Mirrorlist [144 B]
2026-09-18T10:19:38.0795150Z Hit:2 http://azure.archive.ubuntu.com/ubuntu noble InRelease
2026-09-18T10:19:38.0796581Z Hit:6 https://packages.microsoft.com/ubuntu/24.04/prod noble InRelease
2026-09-18T10:19:38.0814760Z Hit:3 http://azure.archive.ubuntu.com/ubuntu noble-updates InRelease
2026-09-18T10:19:38.0815464Z Hit:4 http://azure.archive.ubuntu.com/ubuntu noble-backports InRelease
2026-09-18T10:19:38.0816536Z Hit:5 http://azure.archive.ubuntu.com/ubuntu noble-security InRelease
2026-09-18T10:19:38.3317172Z Hit:7 https://dl.google.com/linux/chrome-stable/deb stable InRelease
2026-09-18T10:19:39.0103553Z Reading package lists...
2026-09-18T10:19:39.0339693Z Reading package lists...
2026-09-18T10:19:39.2126434Z Building dependency tree...
2026-09-18T10:19:39.2131821Z Reading state information...
2026-09-18T10:19:39.3562105Z postgresql-common is already the newest version (293.pgdg24.04+1).
2026-09-18T10:19:39.3562643Z postgresql-common set to manually installed.
2026-09-18T10:19:39.3563280Z 0 upgraded, 0 newly installed, 0 to remove and 73 not upgraded.
2026-09-18T10:19:39.3789302Z This script will enable the PostgreSQL APT repository on apt.postgresql.org on
2026-09-18T10:19:39.3789682Z your system. The distribution codename used will be noble-pgdg.
2026-09-18T10:19:39.3789875Z 
2026-09-18T10:19:39.3790295Z Using keyring /usr/share/postgresql-common/pgdg/apt.postgresql.org.gpg
2026-09-18T10:19:39.3791265Z Writing /etc/apt/sources.list.d/pgdg.sources ...
2026-09-18T10:19:39.3807718Z 
2026-09-18T10:19:39.3808018Z Running apt-get update ...
2026-09-18T10:19:39.4324809Z Get:1 file:/etc/apt/apt-mirrors.txt Mirrorlist [144 B]
2026-09-18T10:19:39.4841646Z Hit:6 https://packages.microsoft.com/ubuntu/24.04/prod noble InRelease
2026-09-18T10:19:39.5802316Z Hit:7 https://dl.google.com/linux/chrome-stable/deb stable InRelease
2026-09-18T10:19:39.5887935Z Hit:2 http://azure.archive.ubuntu.com/ubuntu noble InRelease
2026-09-18T10:19:39.5896208Z Hit:3 http://azure.archive.ubuntu.com/ubuntu noble-updates InRelease
2026-09-18T10:19:39.5902667Z Hit:4 http://azure.archive.ubuntu.com/ubuntu noble-backports InRelease
2026-09-18T10:19:39.5908765Z Hit:5 http://azure.archive.ubuntu.com/ubuntu noble-security InRelease
2026-09-18T10:19:39.6365310Z Get:8 https://apt.postgresql.org/pub/repos/apt noble-pgdg InRelease [189 kB]
2026-09-18T10:19:39.8142376Z Get:9 https://apt.postgresql.org/pub/repos/apt noble-pgdg/main amd64 Packages [838 kB]
2026-09-18T10:19:40.0486849Z Fetched 1027 kB in 1s (1856 kB/s)
2026-09-18T10:19:40.5466898Z Reading package lists...
2026-09-18T10:19:40.5557618Z 
2026-09-18T10:19:40.5557991Z You can now start installing packages from apt.postgresql.org.
2026-09-18T10:19:40.5558254Z 
2026-09-18T10:19:40.5558495Z Have a look at https://wiki.postgresql.org/wiki/Apt for more information;
2026-09-18T10:19:40.5558834Z most notably the FAQ at https://wiki.postgresql.org/wiki/Apt/FAQ
2026-09-18T10:19:40.5720980Z Reading package lists...
2026-09-18T10:19:40.7148523Z Building dependency tree...
2026-09-18T10:19:40.7153687Z Reading state information...
2026-09-18T10:19:40.8185039Z Suggested packages:
2026-09-18T10:19:40.8185426Z   postgresql-18 postgresql-doc-18
2026-09-18T10:19:40.8302161Z The following NEW packages will be installed:
2026-09-18T10:19:40.8302523Z   postgresql-client-18
2026-09-18T10:19:40.9066338Z 0 upgraded, 1 newly installed, 0 to remove and 73 not upgraded.
2026-09-18T10:19:40.9066613Z Need to get 2114 kB of archives.
2026-09-18T10:19:40.9066869Z After this operation, 10.5 MB of additional disk space will be used.
2026-09-18T10:19:40.9067347Z Get:1 https://apt.postgresql.org/pub/repos/apt noble-pgdg/main amd64 postgresql-client-18 amd64 18.6-1.pgdg24.04+2 [2114 kB]
2026-09-18T10:19:41.1906401Z Fetched 2114 kB in 0s (11.6 MB/s)
2026-09-18T10:19:41.2041509Z Selecting previously unselected package postgresql-client-18.
2026-09-18T10:19:41.2087517Z (Reading database ... 
2026-09-18T10:19:41.2087901Z (Reading database ... 5%
2026-09-18T10:19:41.2088164Z (Reading database ... 10%
2026-09-18T10:19:41.2088484Z (Reading database ... 15%
2026-09-18T10:19:41.2088737Z (Reading database ... 20%
2026-09-18T10:19:41.2089031Z (Reading database ... 25%
2026-09-18T10:19:41.2089873Z (Reading database ... 30%
2026-09-18T10:19:41.2090021Z (Reading database ... 35%
2026-09-18T10:19:41.2090174Z (Reading database ... 40%
2026-09-18T10:19:41.2090314Z (Reading database ... 45%
2026-09-18T10:19:41.2090452Z (Reading database ... 50%
2026-09-18T10:19:41.2097877Z (Reading database ... 55%
2026-09-18T10:19:41.2163878Z (Reading database ... 60%
2026-09-18T10:19:41.2179361Z (Reading database ... 65%
2026-09-18T10:19:41.2200692Z (Reading database ... 70%
2026-09-18T10:19:41.2216932Z (Reading database ... 75%
2026-09-18T10:19:41.2304255Z (Reading database ... 80%
2026-09-18T10:19:41.2319784Z (Reading database ... 85%
2026-09-18T10:19:41.2375271Z (Reading database ... 90%
2026-09-18T10:19:41.2530958Z (Reading database ... 95%
2026-09-18T10:19:41.2531226Z (Reading database ... 100%
2026-09-18T10:19:41.2531632Z (Reading database ... 201827 files and directories currently installed.)
2026-09-18T10:19:41.2563690Z Preparing to unpack .../postgresql-client-18_18.6-1.pgdg24.04+2_amd64.deb ...
2026-09-18T10:19:41.2573895Z Unpacking postgresql-client-18 (18.6-1.pgdg24.04+2) ...
2026-09-18T10:19:41.4542925Z Setting up postgresql-client-18 (18.6-1.pgdg24.04+2) ...
2026-09-18T10:19:41.7367312Z update-alternatives: using /usr/share/postgresql/18/man/man1/psql.1.gz to provide /usr/share/man/man1/psql.1.gz (psql.1.gz) in auto mode
2026-09-18T10:19:41.7650766Z Processing triggers for postgresql-common (293.pgdg24.04+1) ...
2026-09-18T10:19:41.8613311Z Building PostgreSQL dictionaries from installed myspell/hunspell packages...
2026-09-18T10:19:41.8618560Z   en_us
2026-09-18T10:19:41.9076618Z Removing obsolete dictionary files:
2026-09-18T10:19:42.2927165Z 
2026-09-18T10:19:42.2927824Z Running kernel seems to be up-to-date.
2026-09-18T10:19:42.2928151Z 
2026-09-18T10:19:42.2928295Z No services need to be restarted.
2026-09-18T10:19:42.2928455Z 
2026-09-18T10:19:42.2928597Z No containers need to be restarted.
2026-09-18T10:19:42.2928753Z 
2026-09-18T10:19:42.2928938Z No user sessions are running outdated binaries.
2026-09-18T10:19:42.2929122Z 
2026-09-18T10:19:42.2929389Z No VM guests are running outdated hypervisor (qemu) binaries on this host.
2026-09-18T10:19:43.5063249Z Installing dependencies...
2026-09-18T10:19:43.5122257Z Switching to root user to install dependencies...
2026-09-18T10:19:43.5733857Z Get:1 file:/etc/apt/apt-mirrors.txt Mirrorlist [144 B]
2026-09-18T10:19:43.6084433Z Hit:2 http://azure.archive.ubuntu.com/ubuntu noble InRelease
2026-09-18T10:19:43.6103423Z Hit:3 http://azure.archive.ubuntu.com/ubuntu noble-updates InRelease
2026-09-18T10:19:43.6113638Z Hit:4 http://azure.archive.ubuntu.com/ubuntu noble-backports InRelease
2026-09-18T10:19:43.6163665Z Hit:5 http://azure.archive.ubuntu.com/ubuntu noble-security InRelease
2026-09-18T10:19:43.6394272Z Hit:6 https://packages.microsoft.com/ubuntu/24.04/prod noble InRelease
2026-09-18T10:19:43.6628767Z Hit:7 https://apt.postgresql.org/pub/repos/apt noble-pgdg InRelease
2026-09-18T10:19:43.7199366Z Hit:8 https://dl.google.com/linux/chrome-stable/deb stable InRelease
2026-09-18T10:19:44.5060961Z Reading package lists...
2026-09-18T10:19:44.5255696Z Reading package lists...
2026-09-18T10:19:44.6680714Z Building dependency tree...
2026-09-18T10:19:44.6687005Z Reading state information...
2026-09-18T10:19:44.7778412Z libasound2t64 is already the newest version (1.2.11-1ubuntu0.3).
2026-09-18T10:19:44.7779060Z libasound2t64 set to manually installed.
2026-09-18T10:19:44.7779661Z libatk-bridge2.0-0t64 is already the newest version (2.52.0-1build1).
2026-09-18T10:19:44.7780292Z libatk-bridge2.0-0t64 set to manually installed.
2026-09-18T10:19:44.7780706Z libatk1.0-0t64 is already the newest version (2.52.0-1build1).
2026-09-18T10:19:44.7781428Z libatk1.0-0t64 set to manually installed.
2026-09-18T10:19:44.7781858Z libatspi2.0-0t64 is already the newest version (2.52.0-1build1).
2026-09-18T10:19:44.7782323Z libatspi2.0-0t64 set to manually installed.
2026-09-18T10:19:44.7782697Z libcairo2 is already the newest version (1.18.0-3build1).
2026-09-18T10:19:44.7783558Z libcairo2 set to manually installed.
2026-09-18T10:19:44.7783945Z libcups2t64 is already the newest version (2.4.7-1.2ubuntu7.14).
2026-09-18T10:19:44.7784325Z libcups2t64 set to manually installed.
2026-09-18T10:19:44.7784714Z libdbus-1-3 is already the newest version (1.14.10-4ubuntu4.1).
2026-09-18T10:19:44.7785074Z libdbus-1-3 set to manually installed.
2026-09-18T10:19:44.7785481Z libdrm2 is already the newest version (2.4.125-1ubuntu0.1~24.04.2).
2026-09-18T10:19:44.7785890Z libdrm2 set to manually installed.
2026-09-18T10:19:44.7786311Z libgbm1 is already the newest version (25.2.8-0ubuntu0.24.04.2).
2026-09-18T10:19:44.7786684Z libgbm1 set to manually installed.
2026-09-18T10:19:44.7787091Z libglib2.0-0t64 is already the newest version (2.80.0-6ubuntu3.8).
2026-09-18T10:19:44.7787499Z libglib2.0-0t64 set to manually installed.
2026-09-18T10:19:44.7787888Z libnspr4 is already the newest version (2:4.35-1.1build1).
2026-09-18T10:19:44.7788244Z libnspr4 set to manually installed.
2026-09-18T10:19:44.7788616Z libnss3 is already the newest version (2:3.98-1ubuntu0.2).
2026-09-18T10:19:44.7788961Z libnss3 set to manually installed.
2026-09-18T10:19:44.7789344Z libpango-1.0-0 is already the newest version (1.52.1+ds-1build1).
2026-09-18T10:19:44.7789728Z libpango-1.0-0 set to manually installed.
2026-09-18T10:19:44.7790089Z libx11-6 is already the newest version (2:1.8.7-1build1).
2026-09-18T10:19:44.7790437Z libx11-6 set to manually installed.
2026-09-18T10:19:44.7790776Z libxcb1 is already the newest version (1.15-1ubuntu2).
2026-09-18T10:19:44.7791112Z libxcb1 set to manually installed.
2026-09-18T10:19:44.7791496Z libxcomposite1 is already the newest version (1:0.4.5-1build3).
2026-09-18T10:19:44.7791881Z libxcomposite1 set to manually installed.
2026-09-18T10:19:44.7792278Z libxdamage1 is already the newest version (1:1.1.6-1build1).
2026-09-18T10:19:44.7792645Z libxdamage1 set to manually installed.
2026-09-18T10:19:44.7793163Z libxext6 is already the newest version (2:1.3.4-1build2).
2026-09-18T10:19:44.7793513Z libxext6 set to manually installed.
2026-09-18T10:19:44.7793878Z libxfixes3 is already the newest version (1:6.0.0-2build1).
2026-09-18T10:19:44.7794232Z libxfixes3 set to manually installed.
2026-09-18T10:19:44.7794610Z libxkbcommon0 is already the newest version (1.6.0-1build1).
2026-09-18T10:19:44.7794977Z libxkbcommon0 set to manually installed.
2026-09-18T10:19:44.7795352Z libxrandr2 is already the newest version (2:1.5.2-2build1).
2026-09-18T10:19:44.7795706Z libxrandr2 set to manually installed.
2026-09-18T10:19:44.7796270Z xvfb is already the newest version (2:21.1.12-1ubuntu1.6).
2026-09-18T10:19:44.7796775Z fonts-noto-color-emoji is already the newest version (2.047-0ubuntu0.24.04.1).
2026-09-18T10:19:44.7797301Z libfontconfig1 is already the newest version (2.15.0-1.1ubuntu2).
2026-09-18T10:19:44.7798108Z libfontconfig1 set to manually installed.
2026-09-18T10:19:44.7798524Z libfreetype6 is already the newest version (2.13.2+dfsg-1ubuntu0.1).
2026-09-18T10:19:44.7798919Z libfreetype6 set to manually installed.
2026-09-18T10:19:44.7799305Z fonts-liberation is already the newest version (1:2.1.5-3).
2026-09-18T10:19:44.7799687Z fonts-liberation set to manually installed.
2026-09-18T10:19:44.7800059Z The following additional packages will be installed:
2026-09-18T10:19:44.7800420Z   xfonts-encodings xfonts-utils
2026-09-18T10:19:44.7800689Z Recommended packages:
2026-09-18T10:19:44.7800964Z   fonts-ipafont-mincho fonts-tlwg-loma
2026-09-18T10:19:44.7922993Z The following NEW packages will be installed:
2026-09-18T10:19:44.7923725Z   fonts-freefont-ttf fonts-ipafont-gothic fonts-tlwg-loma-otf fonts-unifont
2026-09-18T10:19:44.7925934Z   fonts-wqy-zenhei xfonts-cyrillic xfonts-encodings xfonts-scalable
2026-09-18T10:19:44.7926392Z   xfonts-utils
2026-09-18T10:19:44.8054509Z 0 upgraded, 9 newly installed, 0 to remove and 73 not upgraded.
2026-09-18T10:19:44.8054911Z Need to get 21.1 MB of archives.
2026-09-18T10:19:44.8055873Z After this operation, 79.5 MB of additional disk space will be used.
2026-09-18T10:19:44.8056343Z Get:1 file:/etc/apt/apt-mirrors.txt Mirrorlist [144 B]
2026-09-18T10:19:44.8628632Z Get:2 http://azure.archive.ubuntu.com/ubuntu noble/universe amd64 fonts-ipafont-gothic all 00303-21ubuntu1 [3513 kB]
2026-09-18T10:19:44.9842567Z Get:3 http://azure.archive.ubuntu.com/ubuntu noble/main amd64 fonts-freefont-ttf all 20211204+svn4273-2 [5641 kB]
2026-09-18T10:19:45.1043670Z Get:4 http://azure.archive.ubuntu.com/ubuntu noble/universe amd64 fonts-tlwg-loma-otf all 1:0.7.3-1 [107 kB]
2026-09-18T10:19:45.2229453Z Get:5 http://azure.archive.ubuntu.com/ubuntu noble/universe amd64 fonts-unifont all 1:15.1.01-1build1 [2993 kB]
2026-09-18T10:19:45.3434025Z Get:6 http://azure.archive.ubuntu.com/ubuntu noble/universe amd64 fonts-wqy-zenhei all 0.9.45-8 [7472 kB]
2026-09-18T10:19:45.5919892Z Get:7 http://azure.archive.ubuntu.com/ubuntu noble/main amd64 xfonts-encodings all 1:1.0.5-0ubuntu2 [578 kB]
2026-09-18T10:19:45.7105616Z Get:8 http://azure.archive.ubuntu.com/ubuntu noble/main amd64 xfonts-utils amd64 1:7.7+6build3 [94.4 kB]
2026-09-18T10:19:45.7451925Z Get:9 http://azure.archive.ubuntu.com/ubuntu noble/universe amd64 xfonts-cyrillic all 1:1.0.5+nmu1 [384 kB]
2026-09-18T10:19:45.8133470Z Get:10 http://azure.archive.ubuntu.com/ubuntu noble/main amd64 xfonts-scalable all 1:1.0.3-1.3 [304 kB]
2026-09-18T10:19:46.1207556Z Fetched 21.1 MB in 1s (20.3 MB/s)
2026-09-18T10:19:46.3131878Z Selecting previously unselected package fonts-ipafont-gothic.
2026-09-18T10:19:46.3180017Z (Reading database ... 
2026-09-18T10:19:46.3180347Z (Reading database ... 5%
2026-09-18T10:19:46.3180656Z (Reading database ... 10%
2026-09-18T10:19:46.3180959Z (Reading database ... 15%
2026-09-18T10:19:46.3181257Z (Reading database ... 20%
2026-09-18T10:19:46.3181532Z (Reading database ... 25%
2026-09-18T10:19:46.3182096Z (Reading database ... 30%
2026-09-18T10:19:46.3182388Z (Reading database ... 35%
2026-09-18T10:19:46.3182672Z (Reading database ... 40%
2026-09-18T10:19:46.3183065Z (Reading database ... 45%
2026-09-18T10:19:46.3183365Z (Reading database ... 50%
2026-09-18T10:19:46.3197567Z (Reading database ... 55%
2026-09-18T10:19:46.3265293Z (Reading database ... 60%
2026-09-18T10:19:46.3281168Z (Reading database ... 65%
2026-09-18T10:19:46.3300941Z (Reading database ... 70%
2026-09-18T10:19:46.3319501Z (Reading database ... 75%
2026-09-18T10:19:46.3411012Z (Reading database ... 80%
2026-09-18T10:19:46.3427244Z (Reading database ... 85%
2026-09-18T10:19:46.3484669Z (Reading database ... 90%
2026-09-18T10:19:46.3645513Z (Reading database ... 95%
2026-09-18T10:19:46.3645784Z (Reading database ... 100%
2026-09-18T10:19:46.3646199Z (Reading database ... 202219 files and directories currently installed.)
2026-09-18T10:19:46.3679961Z Preparing to unpack .../0-fonts-ipafont-gothic_00303-21ubuntu1_all.deb ...
2026-09-18T10:19:46.3892131Z Unpacking fonts-ipafont-gothic (00303-21ubuntu1) ...
2026-09-18T10:19:46.9702353Z Selecting previously unselected package fonts-freefont-ttf.
2026-09-18T10:19:46.9806734Z Preparing to unpack .../1-fonts-freefont-ttf_20211204+svn4273-2_all.deb ...
2026-09-18T10:19:46.9818061Z Unpacking fonts-freefont-ttf (20211204+svn4273-2) ...
2026-09-18T10:19:47.2491426Z Selecting previously unselected package fonts-tlwg-loma-otf.
2026-09-18T10:19:47.2593398Z Preparing to unpack .../2-fonts-tlwg-loma-otf_1%3a0.7.3-1_all.deb ...
2026-09-18T10:19:47.2696037Z Unpacking fonts-tlwg-loma-otf (1:0.7.3-1) ...
2026-09-18T10:19:47.3996316Z Selecting previously unselected package fonts-unifont.
2026-09-18T10:19:47.4099732Z Preparing to unpack .../3-fonts-unifont_1%3a15.1.01-1build1_all.deb ...
2026-09-18T10:19:47.4578620Z Unpacking fonts-unifont (1:15.1.01-1build1) ...
2026-09-18T10:19:47.8373683Z Selecting previously unselected package fonts-wqy-zenhei.
2026-09-18T10:19:47.8478019Z Preparing to unpack .../4-fonts-wqy-zenhei_0.9.45-8_all.deb ...
2026-09-18T10:19:47.8657035Z Unpacking fonts-wqy-zenhei (0.9.45-8) ...
2026-09-18T10:19:48.4761663Z Selecting previously unselected package xfonts-encodings.
2026-09-18T10:19:48.4863583Z Preparing to unpack .../5-xfonts-encodings_1%3a1.0.5-0ubuntu2_all.deb ...
2026-09-18T10:19:48.5031345Z Unpacking xfonts-encodings (1:1.0.5-0ubuntu2) ...
2026-09-18T10:19:48.6543527Z Selecting previously unselected package xfonts-utils.
2026-09-18T10:19:48.6648945Z Preparing to unpack .../6-xfonts-utils_1%3a7.7+6build3_amd64.deb ...
2026-09-18T10:19:48.6737772Z Unpacking xfonts-utils (1:7.7+6build3) ...
2026-09-18T10:19:49.4599046Z Selecting previously unselected package xfonts-cyrillic.
2026-09-18T10:19:49.4698269Z Preparing to unpack .../7-xfonts-cyrillic_1%3a1.0.5+nmu1_all.deb ...
2026-09-18T10:19:49.4733367Z Unpacking xfonts-cyrillic (1:1.0.5+nmu1) ...
2026-09-18T10:19:49.5055210Z Selecting previously unselected package xfonts-scalable.
2026-09-18T10:19:49.5152422Z Preparing to unpack .../8-xfonts-scalable_1%3a1.0.3-1.3_all.deb ...
2026-09-18T10:19:49.5161304Z Unpacking xfonts-scalable (1:1.0.3-1.3) ...
2026-09-18T10:19:49.5500343Z Setting up fonts-wqy-zenhei (0.9.45-8) ...
2026-09-18T10:19:49.5608123Z Setting up fonts-freefont-ttf (20211204+svn4273-2) ...
2026-09-18T10:19:49.5629935Z Setting up fonts-tlwg-loma-otf (1:0.7.3-1) ...
2026-09-18T10:19:49.5650601Z Setting up xfonts-encodings (1:1.0.5-0ubuntu2) ...
2026-09-18T10:19:49.5672231Z Setting up fonts-ipafont-gothic (00303-21ubuntu1) ...
2026-09-18T10:19:49.5729816Z update-alternatives: using /usr/share/fonts/opentype/ipafont-gothic/ipag.ttf to provide /usr/share/fonts/truetype/fonts-japanese-gothic.ttf (fonts-japanese-gothic.ttf) in auto mode
2026-09-18T10:19:49.5747076Z Setting up fonts-unifont (1:15.1.01-1build1) ...
2026-09-18T10:19:49.5768024Z Setting up xfonts-utils (1:7.7+6build3) ...
2026-09-18T10:19:49.7073038Z Setting up xfonts-cyrillic (1:1.0.5+nmu1) ...
2026-09-18T10:19:49.7488543Z Setting up xfonts-scalable (1:1.0.3-1.3) ...
2026-09-18T10:19:49.7711813Z Processing triggers for man-db (2.12.0-4build2) ...
2026-09-18T10:19:49.7731322Z Not building database; man-db/auto-update is not 'true'.
2026-09-18T10:19:49.7745685Z Processing triggers for fontconfig (2.15.0-1.1ubuntu2) ...
2026-09-18T10:19:50.2464651Z 
2026-09-18T10:19:50.2465295Z Running kernel seems to be up-to-date.
2026-09-18T10:19:50.2465465Z 
2026-09-18T10:19:50.2465552Z No services need to be restarted.
2026-09-18T10:19:50.2465655Z 
2026-09-18T10:19:50.2465737Z No containers need to be restarted.
2026-09-18T10:19:50.2465837Z 
2026-09-18T10:19:50.2465939Z No user sessions are running outdated binaries.
2026-09-18T10:19:50.2466053Z 
2026-09-18T10:19:50.2466211Z No VM guests are running outdated hypervisor (qemu) binaries on this host.
2026-09-18T10:19:50.9523506Z Downloading Chrome for Testing 153.0.8010.12 (playwright chromium v1243) from https://cdn.playwright.dev/builds/cft/153.0.8010.12/linux64/chrome-linux64.zip
2026-09-18T10:19:51.2502204Z |                                                                                |   0% of 186.8 MiB
2026-09-18T10:19:51.6723957Z |■■■■■■■■                                                                        |  10% of 186.8 MiB
2026-09-18T10:19:51.7407346Z |■■■■■■■■■■■■■■■■                                                                |  20% of 186.8 MiB
2026-09-18T10:19:51.8040473Z |■■■■■■■■■■■■■■■■■■■■■■■■                                                        |  30% of 186.8 MiB
2026-09-18T10:19:51.8653115Z |■■■■■■■■■■■■■■■■■■■■■■■■■■■■■■■■                                                |  40% of 186.8 MiB
2026-09-18T10:19:51.9107551Z |■■■■■■■■■■■■■■■■■■■■■■■■■■■■■■■■■■■■■■■■                                        |  50% of 186.8 MiB
2026-09-18T10:19:51.9371159Z |■■■■■■■■■■■■■■■■■■■■■■■■■■■■■■■■■■■■■■■■■■■■■■■■                                |  60% of 186.8 MiB
2026-09-18T10:19:51.9784204Z |■■■■■■■■■■■■■■■■■■■■■■■■■■■■■■■■■■■■■■■■■■■■■■■■■■■■■■■■                        |  70% of 186.8 MiB
2026-09-18T10:19:52.0208049Z |■■■■■■■■■■■■■■■■■■■■■■■■■■■■■■■■■■■■■■■■■■■■■■■■■■■■■■■■■■■■■■■■                |  80% of 186.8 MiB
2026-09-18T10:19:52.0629880Z |■■■■■■■■■■■■■■■■■■■■■■■■■■■■■■■■■■■■■■■■■■■■■■■■■■■■■■■■■■■■■■■■■■■■■■■■        |  90% of 186.8 MiB
2026-09-18T10:19:52.0984412Z |■■■■■■■■■■■■■■■■■■■■■■■■■■■■■■■■■■■■■■■■■■■■■■■■■■■■■■■■■■■■■■■■■■■■■■■■■■■■■■■■| 100% of 186.8 MiB
2026-09-18T10:19:54.5004688Z Chrome for Testing 153.0.8010.12 (playwright chromium v1243) downloaded to /home/runner/.cache/ms-playwright/chromium-1243
2026-09-18T10:19:54.5006310Z Downloading FFmpeg (playwright ffmpeg v1011) from https://cdn.playwright.dev/dbazure/download/playwright/builds/ffmpeg/1011/ffmpeg-linux.zip
2026-09-18T10:19:54.8074616Z |                                                                                |   0% of 2.3 MiB
2026-09-18T10:19:54.8476675Z |■■■■■■■■                                                                        |  10% of 2.3 MiB
2026-09-18T10:19:54.8631836Z |■■■■■■■■■■■■■■■■                                                                |  20% of 2.3 MiB
2026-09-18T10:19:54.8769891Z |■■■■■■■■■■■■■■■■■■■■■■■■                                                        |  30% of 2.3 MiB
2026-09-18T10:19:54.8894444Z |■■■■■■■■■■■■■■■■■■■■■■■■■■■■■■■■                                                |  40% of 2.3 MiB
2026-09-18T10:19:54.9017599Z |■■■■■■■■■■■■■■■■■■■■■■■■■■■■■■■■■■■■■■■■                                        |  50% of 2.3 MiB
2026-09-18T10:19:54.9038458Z |■■■■■■■■■■■■■■■■■■■■■■■■■■■■■■■■■■■■■■■■■■■■■■■■                                |  60% of 2.3 MiB
2026-09-18T10:19:54.9088531Z |■■■■■■■■■■■■■■■■■■■■■■■■■■■■■■■■■■■■■■■■■■■■■■■■■■■■■■■■                        |  70% of 2.3 MiB
2026-09-18T10:19:54.9166111Z |■■■■■■■■■■■■■■■■■■■■■■■■■■■■■■■■■■■■■■■■■■■■■■■■■■■■■■■■■■■■■■■■                |  80% of 2.3 MiB
2026-09-18T10:19:54.9182531Z |■■■■■■■■■■■■■■■■■■■■■■■■■■■■■■■■■■■■■■■■■■■■■■■■■■■■■■■■■■■■■■■■■■■■■■■■        |  90% of 2.3 MiB
2026-09-18T10:19:54.9293508Z |■■■■■■■■■■■■■■■■■■■■■■■■■■■■■■■■■■■■■■■■■■■■■■■■■■■■■■■■■■■■■■■■■■■■■■■■■■■■■■■■| 100% of 2.3 MiB
2026-09-18T10:19:54.9733257Z FFmpeg (playwright ffmpeg v1011) downloaded to /home/runner/.cache/ms-playwright/ffmpeg-1011
2026-09-18T10:19:54.9735676Z Downloading Chrome Headless Shell 153.0.8010.12 (playwright chromium-headless-shell v1243) from https://cdn.playwright.dev/builds/cft/153.0.8010.12/linux64/chrome-headless-shell-linux64.zip
2026-09-18T10:19:55.3094680Z |                                                                                |   0% of 114.3 MiB
2026-09-18T10:19:55.7413519Z |■■■■■■■■                                                                        |  10% of 114.3 MiB
2026-09-18T10:19:55.8146348Z |■■■■■■■■■■■■■■■■                                                                |  20% of 114.3 MiB
2026-09-18T10:19:55.8574324Z |■■■■■■■■■■■■■■■■■■■■■■■■                                                        |  30% of 114.3 MiB
2026-09-18T10:19:55.8811700Z |■■■■■■■■■■■■■■■■■■■■■■■■■■■■■■■■                                                |  40% of 114.3 MiB
2026-09-18T10:19:55.9129916Z |■■■■■■■■■■■■■■■■■■■■■■■■■■■■■■■■■■■■■■■■                                        |  50% of 114.3 MiB
2026-09-18T10:19:55.9566822Z |■■■■■■■■■■■■■■■■■■■■■■■■■■■■■■■■■■■■■■■■■■■■■■■■                                |  60% of 114.3 MiB
2026-09-18T10:19:55.9884476Z |■■■■■■■■■■■■■■■■■■■■■■■■■■■■■■■■■■■■■■■■■■■■■■■■■■■■■■■■                        |  70% of 114.3 MiB
2026-09-18T10:19:56.0229717Z |■■■■■■■■■■■■■■■■■■■■■■■■■■■■■■■■■■■■■■■■■■■■■■■■■■■■■■■■■■■■■■■■                |  80% of 114.3 MiB
2026-09-18T10:19:56.0768897Z |■■■■■■■■■■■■■■■■■■■■■■■■■■■■■■■■■■■■■■■■■■■■■■■■■■■■■■■■■■■■■■■■■■■■■■■■        |  90% of 114.3 MiB
2026-09-18T10:19:56.1096194Z |■■■■■■■■■■■■■■■■■■■■■■■■■■■■■■■■■■■■■■■■■■■■■■■■■■■■■■■■■■■■■■■■■■■■■■■■■■■■■■■■| 100% of 114.3 MiB
2026-09-18T10:19:57.6176460Z Chrome Headless Shell 153.0.8010.12 (playwright chromium-headless-shell v1243) downloaded to /home/runner/.cache/ms-playwright/chromium_headless_shell-1243
2026-09-18T10:19:57.6426844Z ##[end-action id=__self.__run_3;outcome=success;conclusion=success;duration_ms=19660]
2026-09-18T10:19:57.6453057Z ##[group]Run ./scripts/without-rust.sh make integration
2026-09-18T10:19:57.6453301Z ./scripts/without-rust.sh make integration
2026-09-18T10:19:57.6483764Z shell: /usr/bin/bash --noprofile --norc -e -o pipefail {0}
2026-09-18T10:19:57.6483947Z env:
2026-09-18T10:19:57.6484055Z   GOTOOLCHAIN: local
2026-09-18T10:19:57.6484201Z   PNPM_HOME: /home/runner/setup-pnpm/node_modules/.bin
2026-09-18T10:19:57.6484368Z ##[endgroup]
2026-09-18T10:19:57.6859874Z ./scripts/integration.sh
2026-09-18T10:19:58.1460081Z  valkey Pulling 
2026-09-18T10:19:58.1460460Z  postgres Pulling 
2026-09-18T10:19:58.7995841Z  6310eb16bf42 Pulling fs layer 
2026-09-18T10:19:58.7996197Z  51e5124f5695 Pulling fs layer 
2026-09-18T10:19:58.7996461Z  018807ff1c98 Pulling fs layer 
2026-09-18T10:19:58.7996722Z  d9d27a3256d4 Pulling fs layer 
2026-09-18T10:19:58.7996973Z  452b3d816033 Pulling fs layer 
2026-09-18T10:19:58.7997673Z  4f4fb700ef54 Pulling fs layer 
2026-09-18T10:19:58.7998152Z  8b86a061cab9 Pulling fs layer 
2026-09-18T10:19:58.7998679Z  d9d27a3256d4 Waiting 
2026-09-18T10:19:58.7998984Z  452b3d816033 Waiting 
2026-09-18T10:19:58.7999327Z  4f4fb700ef54 Waiting 
2026-09-18T10:19:58.7999675Z  8b86a061cab9 Waiting 
2026-09-18T10:19:58.8254301Z  6310eb16bf42 Pulling fs layer 
2026-09-18T10:19:58.8256726Z  6463c6b5c703 Pulling fs layer 
2026-09-18T10:19:58.8257158Z  8d6422da287d Pulling fs layer 
2026-09-18T10:19:58.8302510Z  2fc0e69f8d7d Pulling fs layer 
2026-09-18T10:19:58.8302679Z  6463c6b5c703 Waiting 
2026-09-18T10:19:58.8303051Z  5fa29c524b4e Pulling fs layer 
2026-09-18T10:19:58.8303195Z  8d6422da287d Waiting 
2026-09-18T10:19:58.8303338Z  ace4b5b96a91 Pulling fs layer 
2026-09-18T10:19:58.8303478Z  2fc0e69f8d7d Waiting 
2026-09-18T10:19:58.8303618Z  af2a6480a058 Pulling fs layer 
2026-09-18T10:19:58.8303770Z  5ee6c6ca7fd9 Pulling fs layer 
2026-09-18T10:19:58.8303919Z  5fa29c524b4e Waiting 
2026-09-18T10:19:58.8304163Z  ace4b5b96a91 Waiting 
2026-09-18T10:19:58.8304309Z  c5694bff1357 Pulling fs layer 
2026-09-18T10:19:58.8304444Z  af2a6480a058 Waiting 
2026-09-18T10:19:58.8304583Z  aedab7177504 Pulling fs layer 
2026-09-18T10:19:58.8304733Z  a4635eaec9b8 Pulling fs layer 
2026-09-18T10:19:58.8304881Z  46e663abc8f5 Pulling fs layer 
2026-09-18T10:19:58.8305014Z  5ee6c6ca7fd9 Waiting 
2026-09-18T10:19:58.8305135Z  c5694bff1357 Waiting 
2026-09-18T10:19:58.8305257Z  aedab7177504 Waiting 
2026-09-18T10:19:58.8305375Z  a4635eaec9b8 Waiting 
2026-09-18T10:19:58.8305513Z  1bb54e8f7727 Pulling fs layer 
2026-09-18T10:19:58.8305647Z  46e663abc8f5 Waiting 
2026-09-18T10:19:58.8305765Z  1bb54e8f7727 Waiting 
2026-09-18T10:19:58.9617267Z  018807ff1c98 Downloading [>                                                  ]  48.58kB/3.366MB
2026-09-18T10:19:58.9661569Z  51e5124f5695 Downloading [==================================================>]   1.11kB/1.11kB
2026-09-18T10:19:58.9661988Z  51e5124f5695 Verifying Checksum 
2026-09-18T10:19:58.9662301Z  51e5124f5695 Download complete 
2026-09-18T10:19:58.9757028Z  6310eb16bf42 Downloading [>                                                  ]  310.7kB/29.79MB
2026-09-18T10:19:58.9757559Z  6310eb16bf42 Downloading [>                                                  ]  310.7kB/29.79MB
2026-09-18T10:19:59.0620317Z  018807ff1c98 Downloading [=================================================> ]  3.342MB/3.366MB
2026-09-18T10:19:59.0622555Z  018807ff1c98 Verifying Checksum 
2026-09-18T10:19:59.0622959Z  018807ff1c98 Download complete 
2026-09-18T10:19:59.0764403Z  6310eb16bf42 Downloading [==============>                                    ]  8.404MB/29.79MB
2026-09-18T10:19:59.0764986Z  6310eb16bf42 Downloading [==============>                                    ]  8.404MB/29.79MB
2026-09-18T10:19:59.1255779Z  6310eb16bf42 Verifying Checksum 
2026-09-18T10:19:59.1258289Z  6310eb16bf42 Verifying Checksum 
2026-09-18T10:19:59.1258552Z  6310eb16bf42 Download complete 
2026-09-18T10:19:59.1258770Z  6310eb16bf42 Download complete 
2026-09-18T10:19:59.1308669Z  d9d27a3256d4 Downloading [>                                                  ]  146.9kB/14.54MB
2026-09-18T10:19:59.1462974Z  6310eb16bf42 Extracting [>                                                  ]  327.7kB/29.79MB
2026-09-18T10:19:59.1463714Z  6310eb16bf42 Extracting [>                                                  ]  327.7kB/29.79MB
2026-09-18T10:19:59.2123493Z  452b3d816033 Downloading [==================================================>]     138B/138B
2026-09-18T10:19:59.2124346Z  452b3d816033 Verifying Checksum 
2026-09-18T10:19:59.2124668Z  452b3d816033 Download complete 
2026-09-18T10:19:59.2313495Z  d9d27a3256d4 Downloading [===============>                                   ]  4.571MB/14.54MB
2026-09-18T10:19:59.2465470Z  6310eb16bf42 Extracting [===============>                                   ]  9.503MB/29.79MB
2026-09-18T10:19:59.2466309Z  6310eb16bf42 Extracting [===============>                                   ]  9.503MB/29.79MB
2026-09-18T10:19:59.2551569Z  4f4fb700ef54 Downloading [==================================================>]      32B/32B
2026-09-18T10:19:59.2552227Z  4f4fb700ef54 Verifying Checksum 
2026-09-18T10:19:59.2552623Z  4f4fb700ef54 Download complete 
2026-09-18T10:19:59.2753737Z  d9d27a3256d4 Verifying Checksum 
2026-09-18T10:19:59.2754146Z  d9d27a3256d4 Download complete 
2026-09-18T10:19:59.3476200Z  6310eb16bf42 Extracting [=============================>                     ]  17.37MB/29.79MB
2026-09-18T10:19:59.3476831Z  6310eb16bf42 Extracting [=============================>                     ]  17.37MB/29.79MB
2026-09-18T10:19:59.3539696Z  8b86a061cab9 Downloading [==================================================>]     666B/666B
2026-09-18T10:19:59.3540197Z  8b86a061cab9 Verifying Checksum 
2026-09-18T10:19:59.3540525Z  8b86a061cab9 Download complete 
2026-09-18T10:19:59.4066261Z  6463c6b5c703 Downloading [==================================================>]   1.17kB/1.17kB
2026-09-18T10:19:59.4069183Z  6463c6b5c703 Verifying Checksum 
2026-09-18T10:19:59.4069481Z  6463c6b5c703 Download complete 
2026-09-18T10:19:59.4436251Z  8d6422da287d Downloading [>                                                  ]  64.97kB/6.443MB
2026-09-18T10:19:59.4921399Z  2fc0e69f8d7d Downloading [>                                                  ]  15.81kB/1.257MB
2026-09-18T10:19:59.5015264Z  6310eb16bf42 Extracting [===========================================>       ]  26.21MB/29.79MB
2026-09-18T10:19:59.5015808Z  6310eb16bf42 Extracting [===========================================>       ]  26.21MB/29.79MB
2026-09-18T10:19:59.5358199Z  5fa29c524b4e Downloading [>                                                  ]  97.73kB/8.204MB
2026-09-18T10:19:59.5471945Z  8d6422da287d Downloading [===========================>                       ]  3.604MB/6.443MB
2026-09-18T10:19:59.5644146Z  8d6422da287d Verifying Checksum 
2026-09-18T10:19:59.5644629Z  8d6422da287d Download complete 
2026-09-18T10:19:59.5688431Z  2fc0e69f8d7d Verifying Checksum 
2026-09-18T10:19:59.5688794Z  2fc0e69f8d7d Download complete 
2026-09-18T10:19:59.6303745Z  5fa29c524b4e Verifying Checksum 
2026-09-18T10:19:59.6304353Z  5fa29c524b4e Download complete 
2026-09-18T10:19:59.6583232Z  6310eb16bf42 Extracting [================================================>  ]  29.16MB/29.79MB
2026-09-18T10:19:59.6583973Z  6310eb16bf42 Extracting [================================================>  ]  29.16MB/29.79MB
2026-09-18T10:19:59.7044959Z  af2a6480a058 Downloading [==================================================>]     116B/116B
2026-09-18T10:19:59.7045358Z  af2a6480a058 Verifying Checksum 
2026-09-18T10:19:59.7045679Z  af2a6480a058 Download complete 
2026-09-18T10:19:59.7079887Z  6310eb16bf42 Extracting [==================================================>]  29.79MB/29.79MB
2026-09-18T10:19:59.7080472Z  6310eb16bf42 Extracting [==================================================>]  29.79MB/29.79MB
2026-09-18T10:19:59.7094132Z  6310eb16bf42 Extracting [==================================================>]  29.79MB/29.79MB
2026-09-18T10:19:59.7095693Z  6310eb16bf42 Extracting [==================================================>]  29.79MB/29.79MB
2026-09-18T10:19:59.7258614Z  6310eb16bf42 Pull complete 
2026-09-18T10:19:59.7258888Z  6310eb16bf42 Pull complete 
2026-09-18T10:19:59.7260580Z  ace4b5b96a91 Downloading [>                                                  ]  15.81kB/1.312MB
2026-09-18T10:19:59.7279849Z  6463c6b5c703 Extracting [==================================================>]   1.17kB/1.17kB
2026-09-18T10:19:59.7281616Z  51e5124f5695 Extracting [==================================================>]   1.11kB/1.11kB
2026-09-18T10:19:59.7285461Z  6463c6b5c703 Extracting [==================================================>]   1.17kB/1.17kB
2026-09-18T10:19:59.7286139Z  51e5124f5695 Extracting [==================================================>]   1.11kB/1.11kB
2026-09-18T10:19:59.7715781Z  5ee6c6ca7fd9 Downloading [==================================================>]  3.141kB/3.141kB
2026-09-18T10:19:59.7716620Z  5ee6c6ca7fd9 Download complete 
2026-09-18T10:19:59.8097489Z  ace4b5b96a91 Verifying Checksum 
2026-09-18T10:19:59.8097838Z  ace4b5b96a91 Download complete 
2026-09-18T10:19:59.8965910Z  c5694bff1357 Downloading [>                                                  ]  524.6kB/115.4MB
2026-09-18T10:19:59.9149223Z  aedab7177504 Downloading [=========>                                         ]  3.529kB/19.42kB
2026-09-18T10:19:59.9154931Z  aedab7177504 Downloading [==================================================>]  19.42kB/19.42kB
2026-09-18T10:19:59.9155295Z  aedab7177504 Verifying Checksum 
2026-09-18T10:19:59.9155557Z  aedab7177504 Download complete 
2026-09-18T10:19:59.9500655Z  a4635eaec9b8 Downloading [==================================================>]     128B/128B
2026-09-18T10:19:59.9501231Z  a4635eaec9b8 Verifying Checksum 
2026-09-18T10:19:59.9501692Z  a4635eaec9b8 Download complete 
2026-09-18T10:19:59.9977547Z  c5694bff1357 Downloading [====>                                              ]  11.19MB/115.4MB
2026-09-18T10:20:00.0913680Z  46e663abc8f5 Downloading [============================>                      ]   3.53kB/6.107kB
2026-09-18T10:20:00.0914022Z  46e663abc8f5 Download complete 
2026-09-18T10:20:00.0980557Z  c5694bff1357 Downloading [========================>                          ]  55.43MB/115.4MB
2026-09-18T10:20:00.1014305Z  1bb54e8f7727 Downloading [==================================================>]     185B/185B
2026-09-18T10:20:00.1014753Z  1bb54e8f7727 Verifying Checksum 
2026-09-18T10:20:00.1015301Z  1bb54e8f7727 Download complete 
2026-09-18T10:20:00.1994199Z  c5694bff1357 Downloading [==========================================>        ]  98.63MB/115.4MB
2026-09-18T10:20:00.2345642Z  c5694bff1357 Verifying Checksum 
2026-09-18T10:20:00.2345864Z  c5694bff1357 Download complete 
2026-09-18T10:20:06.1124535Z  51e5124f5695 Pull complete 
2026-09-18T10:20:06.1224235Z  6463c6b5c703 Pull complete 
2026-09-18T10:20:06.1242926Z  018807ff1c98 Extracting [>                                                  ]  65.54kB/3.366MB
2026-09-18T10:20:06.1258537Z  8d6422da287d Extracting [>                                                  ]  65.54kB/6.443MB
2026-09-18T10:20:06.1695064Z  018807ff1c98 Extracting [==================================================>]  3.366MB/3.366MB
2026-09-18T10:20:06.2971417Z  8d6422da287d Extracting [=================================================> ]  6.357MB/6.443MB
2026-09-18T10:20:06.3061241Z  8d6422da287d Extracting [==================================================>]  6.443MB/6.443MB
2026-09-18T10:20:06.3100531Z  018807ff1c98 Pull complete 
2026-09-18T10:20:06.3162436Z  d9d27a3256d4 Extracting [>                                                  ]  163.8kB/14.54MB
2026-09-18T10:20:06.4165776Z  d9d27a3256d4 Extracting [===================>                               ]  5.571MB/14.54MB
2026-09-18T10:20:06.4166178Z  8d6422da287d Pull complete 
2026-09-18T10:20:06.4178556Z  2fc0e69f8d7d Extracting [=>                                                 ]  32.77kB/1.257MB
2026-09-18T10:20:06.4422525Z  2fc0e69f8d7d Extracting [==================================================>]  1.257MB/1.257MB
2026-09-18T10:20:06.5198455Z  d9d27a3256d4 Extracting [=================================>                 ]  9.667MB/14.54MB
2026-09-18T10:20:06.5322592Z  2fc0e69f8d7d Pull complete 
2026-09-18T10:20:06.5347264Z  5fa29c524b4e Extracting [>                                                  ]   98.3kB/8.204MB
2026-09-18T10:20:06.5709071Z  d9d27a3256d4 Extracting [==================================================>]  14.54MB/14.54MB
2026-09-18T10:20:06.6659047Z  5fa29c524b4e Extracting [=================>                                 ]  2.949MB/8.204MB
2026-09-18T10:20:06.6690892Z  d9d27a3256d4 Pull complete 
2026-09-18T10:20:06.6702913Z  452b3d816033 Extracting [==================================================>]     138B/138B
2026-09-18T10:20:06.6707900Z  452b3d816033 Extracting [==================================================>]     138B/138B
2026-09-18T10:20:06.6804060Z  452b3d816033 Pull complete 
2026-09-18T10:20:06.6816392Z  4f4fb700ef54 Extracting [==================================================>]      32B/32B
2026-09-18T10:20:06.6820563Z  4f4fb700ef54 Extracting [==================================================>]      32B/32B
2026-09-18T10:20:06.6884058Z  4f4fb700ef54 Pull complete 
2026-09-18T10:20:06.6903617Z  8b86a061cab9 Extracting [==================================================>]     666B/666B
2026-09-18T10:20:06.6904626Z  8b86a061cab9 Extracting [==================================================>]     666B/666B
2026-09-18T10:20:06.6985204Z  8b86a061cab9 Pull complete 
2026-09-18T10:20:06.7044778Z  valkey Pulled 
2026-09-18T10:20:06.7671437Z  5fa29c524b4e Extracting [=====================================>             ]  6.095MB/8.204MB
2026-09-18T10:20:06.8027649Z  5fa29c524b4e Extracting [==================================================>]  8.204MB/8.204MB
2026-09-18T10:20:06.9005889Z  5fa29c524b4e Pull complete 
2026-09-18T10:20:06.9016553Z  ace4b5b96a91 Extracting [=>                                                 ]  32.77kB/1.312MB
2026-09-18T10:20:06.9394823Z  ace4b5b96a91 Extracting [==================================================>]  1.312MB/1.312MB
2026-09-18T10:20:06.9701549Z  ace4b5b96a91 Pull complete 
2026-09-18T10:20:06.9713176Z  af2a6480a058 Extracting [==================================================>]     116B/116B
2026-09-18T10:20:06.9717242Z  af2a6480a058 Extracting [==================================================>]     116B/116B
2026-09-18T10:20:06.9786183Z  af2a6480a058 Pull complete 
2026-09-18T10:20:06.9798818Z  5ee6c6ca7fd9 Extracting [==================================================>]  3.141kB/3.141kB
2026-09-18T10:20:06.9801876Z  5ee6c6ca7fd9 Extracting [==================================================>]  3.141kB/3.141kB
2026-09-18T10:20:06.9871611Z  5ee6c6ca7fd9 Pull complete 
2026-09-18T10:20:07.0255199Z  c5694bff1357 Extracting [>                                                  ]  557.1kB/115.4MB
2026-09-18T10:20:07.1349116Z  c5694bff1357 Extracting [====>                                              ]   9.47MB/115.4MB
2026-09-18T10:20:07.2402576Z  c5694bff1357 Extracting [======>                                            ]  16.15MB/115.4MB
2026-09-18T10:20:07.3484815Z  c5694bff1357 Extracting [==========>                                        ]  23.95MB/115.4MB
2026-09-18T10:20:07.4499889Z  c5694bff1357 Extracting [===============>                                   ]  35.65MB/115.4MB
2026-09-18T10:20:07.5514335Z  c5694bff1357 Extracting [====================>                              ]  47.91MB/115.4MB
2026-09-18T10:20:07.6569892Z  c5694bff1357 Extracting [=========================>                         ]  57.93MB/115.4MB
2026-09-18T10:20:07.7600032Z  c5694bff1357 Extracting [==============================>                    ]  69.63MB/115.4MB
2026-09-18T10:20:07.8652118Z  c5694bff1357 Extracting [===================================>               ]     83MB/115.4MB
2026-09-18T10:20:07.9665965Z  c5694bff1357 Extracting [=========================================>         ]   94.7MB/115.4MB
2026-09-18T10:20:08.0713975Z  c5694bff1357 Extracting [===========================================>       ]  101.4MB/115.4MB
2026-09-18T10:20:08.1741501Z  c5694bff1357 Extracting [=============================================>     ]  105.8MB/115.4MB
2026-09-18T10:20:08.2748528Z  c5694bff1357 Extracting [===============================================>   ]  109.7MB/115.4MB
2026-09-18T10:20:08.3751716Z  c5694bff1357 Extracting [================================================>  ]    112MB/115.4MB
2026-09-18T10:20:08.5246037Z  c5694bff1357 Extracting [=================================================> ]  114.2MB/115.4MB
2026-09-18T10:20:08.5926231Z  c5694bff1357 Extracting [==================================================>]  115.4MB/115.4MB
2026-09-18T10:20:10.3412973Z  c5694bff1357 Pull complete 
2026-09-18T10:20:10.3426695Z  aedab7177504 Extracting [==================================================>]  19.42kB/19.42kB
2026-09-18T10:20:10.3431399Z  aedab7177504 Extracting [==================================================>]  19.42kB/19.42kB
2026-09-18T10:20:10.3559846Z  aedab7177504 Pull complete 
2026-09-18T10:20:10.3571234Z  a4635eaec9b8 Extracting [==================================================>]     128B/128B
2026-09-18T10:20:10.3573951Z  a4635eaec9b8 Extracting [==================================================>]     128B/128B
2026-09-18T10:20:10.3647857Z  a4635eaec9b8 Pull complete 
2026-09-18T10:20:10.3694129Z  46e663abc8f5 Extracting [==================================================>]  6.107kB/6.107kB
2026-09-18T10:20:10.3694707Z  46e663abc8f5 Extracting [==================================================>]  6.107kB/6.107kB
2026-09-18T10:20:10.3777901Z  46e663abc8f5 Pull complete 
2026-09-18T10:20:10.3789886Z  1bb54e8f7727 Extracting [==================================================>]     185B/185B
2026-09-18T10:20:10.3793088Z  1bb54e8f7727 Extracting [==================================================>]     185B/185B
2026-09-18T10:20:10.3857227Z  1bb54e8f7727 Pull complete 
2026-09-18T10:20:10.3912515Z  postgres Pulled 
2026-09-18T10:20:10.3930805Z  Network olp-go-test-4848-16413_default  Creating
2026-09-18T10:20:10.4198040Z  Network olp-go-test-4848-16413_default  Created
2026-09-18T10:20:10.4252906Z  Volume "olp-go-test-4848-16413_valkey-go"  Creating
2026-09-18T10:20:10.4263979Z  Volume "olp-go-test-4848-16413_valkey-go"  Created
2026-09-18T10:20:10.4265917Z  Volume "olp-go-test-4848-16413_postgres-go"  Creating
2026-09-18T10:20:10.4274840Z  Volume "olp-go-test-4848-16413_postgres-go"  Created
2026-09-18T10:20:10.4278514Z  Container olp-go-test-4848-16413-valkey-1  Creating
2026-09-18T10:20:10.4278992Z  Container olp-go-test-4848-16413-postgres-1  Creating
2026-09-18T10:20:10.4502504Z  Container olp-go-test-4848-16413-postgres-1  Created
2026-09-18T10:20:10.4503237Z  Container olp-go-test-4848-16413-valkey-1  Created
2026-09-18T10:20:10.4508267Z  Container olp-go-test-4848-16413-valkey-1  Starting
2026-09-18T10:20:10.4509167Z  Container olp-go-test-4848-16413-postgres-1  Starting
2026-09-18T10:20:10.7535894Z  Container olp-go-test-4848-16413-postgres-1  Started
2026-09-18T10:20:10.7593362Z  Container olp-go-test-4848-16413-valkey-1  Started
2026-09-18T10:20:10.7593787Z  Container olp-go-test-4848-16413-postgres-1  Waiting
2026-09-18T10:20:10.7594146Z  Container olp-go-test-4848-16413-valkey-1  Waiting
2026-09-18T10:20:12.2601516Z  Container olp-go-test-4848-16413-valkey-1  Healthy
2026-09-18T10:20:12.2601970Z  Container olp-go-test-4848-16413-postgres-1  Healthy
2026-09-18T10:20:12.4007186Z make[1]: Entering directory '/home/runner/work/olp/olp'
2026-09-18T10:20:12.4212307Z ./scripts/api.sh
2026-09-18T10:20:25.2229222Z $ openapi-typescript ../openapi/management.json -o src/lib/api/schema.d.ts
2026-09-18T10:20:25.4807725Z ✨ openapi-typescript 7.13.0
2026-09-18T10:20:25.6757915Z 🚀 ../openapi/management.json → src/lib/api/schema.d.ts [196.1ms]
2026-09-18T10:20:25.7017901Z mkdir -p .local/bin
2026-09-18T10:20:25.7043854Z CGO_ENABLED=1 go build -mod=readonly -trimpath -ldflags='-X github.com/tyk-swe/olp/internal/process.Version=3.0.0' -o .local/bin/olp ./cmd/olp
2026-09-18T10:20:57.0361538Z pnpm --dir console build
2026-09-18T10:20:57.3026315Z $ vite build && node scripts/asset-manifest.mjs
2026-09-18T10:20:57.7962046Z vite v8.2.2 building ssr environment for production...
2026-09-18T10:20:57.8026599Z transforming...
2026-09-18T10:20:58.7185636Z ✓ 479 modules transformed.
2026-09-18T10:20:58.7602678Z rendering chunks...
2026-09-18T10:20:59.2396671Z vite v8.2.2 building client environment for production...
2026-09-18T10:20:59.2489089Z transforming...
2026-09-18T10:20:59.9913839Z ✓ 519 modules transformed.
2026-09-18T10:21:00.0393982Z rendering chunks...
2026-09-18T10:21:00.0787324Z computing gzip size...
2026-09-18T10:21:00.0822653Z .svelte-kit/output/client/_app/version.json                                                          0.02 kB │ gzip:  0.04 kB
2026-09-18T10:21:00.0823814Z .svelte-kit/output/client/_app/immutable/assets/geist-mono-symbols2-wght-normal.CO5SzqOn.woff2       5.81 kB
2026-09-18T10:21:00.0824314Z .svelte-kit/output/client/_app/immutable/assets/geist-mono-cyrillic-ext-wght-normal.X_5orZeX.woff2   6.17 kB
2026-09-18T10:21:00.0824798Z .svelte-kit/output/client/_app/immutable/assets/geist-cyrillic-ext-wght-normal.DjL33-gN.woff2        7.42 kB
2026-09-18T10:21:00.0825270Z .svelte-kit/output/client/_app/immutable/assets/geist-mono-vietnamese-wght-normal.DadHysG0.woff2     7.69 kB
2026-09-18T10:21:00.0825753Z .svelte-kit/output/client/_app/immutable/assets/geist-vietnamese-wght-normal.6IgcOCM7.woff2          8.00 kB
2026-09-18T10:21:00.0826226Z .svelte-kit/output/client/_app/immutable/assets/geist-mono-cyrillic-wght-normal.DiZS0aHC.woff2      12.94 kB
2026-09-18T10:21:00.0826703Z .svelte-kit/output/client/_app/immutable/assets/geist-mono-latin-ext-wght-normal.Bwz-egvJ.woff2     14.69 kB
2026-09-18T10:21:00.0827187Z .svelte-kit/output/client/_app/immutable/assets/geist-cyrillic-wght-normal.BEAKL7Jp.woff2           15.08 kB
2026-09-18T10:21:00.0827662Z .svelte-kit/output/client/_app/immutable/assets/geist-latin-ext-wght-normal.DC-KSUi6.woff2          16.51 kB
2026-09-18T10:21:00.0828133Z .svelte-kit/output/client/_app/immutable/assets/geist-mono-latin-wght-normal.XN7g48iV.woff2         23.12 kB
2026-09-18T10:21:00.0828607Z .svelte-kit/output/client/_app/immutable/assets/geist-latin-wght-normal.BgDaEnEv.woff2              29.40 kB
2026-09-18T10:21:00.0829150Z .svelte-kit/output/client/.vite/manifest.json                                                       39.57 kB │ gzip:  4.28 kB
2026-09-18T10:21:00.0829679Z .svelte-kit/output/client/_app/immutable/assets/BrandMark.DWSde6Ww.css                               0.20 kB │ gzip:  0.14 kB
2026-09-18T10:21:00.0830251Z .svelte-kit/output/client/_app/immutable/assets/CursorPagination.DbjTanq2.css                        0.37 kB │ gzip:  0.23 kB
2026-09-18T10:21:00.0830808Z .svelte-kit/output/client/_app/immutable/assets/1.B6hFuh5l.css                                       0.48 kB │ gzip:  0.29 kB
2026-09-18T10:21:00.0831334Z .svelte-kit/output/client/_app/immutable/assets/9.qI-HkGM6.css                                       0.52 kB │ gzip:  0.26 kB
2026-09-18T10:21:00.0831881Z .svelte-kit/output/client/_app/immutable/assets/RoutingDecisions.BKVcnrD-.css                        0.55 kB │ gzip:  0.30 kB
2026-09-18T10:21:00.0832443Z .svelte-kit/output/client/_app/immutable/assets/userKeys.D_MV4LJ6.css                                0.61 kB │ gzip:  0.34 kB
2026-09-18T10:21:00.0833154Z .svelte-kit/output/client/_app/immutable/assets/RoutingPolicyEditor.BJZqratL.css                     0.64 kB │ gzip:  0.32 kB
2026-09-18T10:21:00.0833732Z .svelte-kit/output/client/_app/immutable/assets/concurrentEdit.CsCOeo4a.css                          0.73 kB │ gzip:  0.32 kB
2026-09-18T10:21:00.0834284Z .svelte-kit/output/client/_app/immutable/assets/24.C7XsZRMY.css                                      0.86 kB │ gzip:  0.38 kB
2026-09-18T10:21:00.0834967Z .svelte-kit/output/client/_app/immutable/assets/19.D9y8bvuj.css                                      0.90 kB │ gzip:  0.38 kB
2026-09-18T10:21:00.0835504Z .svelte-kit/output/client/_app/immutable/assets/SecretDialog.BrGd2n-3.css                            1.20 kB │ gzip:  0.52 kB
2026-09-18T10:21:00.0836079Z .svelte-kit/output/client/_app/immutable/assets/RoutingPreferencesForm.CY3T8blZ.css                  1.26 kB │ gzip:  0.48 kB
2026-09-18T10:21:00.0836633Z .svelte-kit/output/client/_app/immutable/assets/31.CEOwprLc.css                                      1.31 kB │ gzip:  0.47 kB
2026-09-18T10:21:00.0837150Z .svelte-kit/output/client/_app/immutable/assets/32.BwL_XRn9.css                                      1.44 kB │ gzip:  0.54 kB
2026-09-18T10:21:00.0837672Z .svelte-kit/output/client/_app/immutable/assets/13.Gsf7t1N4.css                                      1.52 kB │ gzip:  0.53 kB
2026-09-18T10:21:00.0838208Z .svelte-kit/output/client/_app/immutable/assets/SetupFrame.D6wd0yGF.css                              1.76 kB │ gzip:  0.65 kB
2026-09-18T10:21:00.0838847Z .svelte-kit/output/client/_app/immutable/assets/33.Dyc3CfHy.css                                      2.18 kB │ gzip:  0.69 kB
2026-09-18T10:21:00.0839374Z .svelte-kit/output/client/_app/immutable/assets/17.DrPclZPa.css                                      2.76 kB │ gzip:  0.81 kB
2026-09-18T10:21:00.0839909Z .svelte-kit/output/client/_app/immutable/assets/28.BCB9RDaG.css                                      2.79 kB │ gzip:  0.77 kB
2026-09-18T10:21:00.0840431Z .svelte-kit/output/client/_app/immutable/assets/29.CYId_v8V.css                                      3.10 kB │ gzip:  0.79 kB
2026-09-18T10:21:00.0840992Z .svelte-kit/output/client/_app/immutable/assets/ProviderValidationIssues.Bq4flAVf.css                3.47 kB │ gzip:  1.00 kB
2026-09-18T10:21:00.0841549Z .svelte-kit/output/client/_app/immutable/assets/26.DlIVoB3o.css                                      3.74 kB │ gzip:  0.91 kB
2026-09-18T10:21:00.0842100Z .svelte-kit/output/client/_app/immutable/assets/MediaJobsPage.DijQ2MQj.css                           3.80 kB │ gzip:  0.93 kB
2026-09-18T10:21:00.0842637Z .svelte-kit/output/client/_app/immutable/assets/14.NR8GeMMd.css                                      3.99 kB │ gzip:  0.96 kB
2026-09-18T10:21:00.0843688Z .svelte-kit/output/client/_app/immutable/assets/18.CdA5oDe0.css                                      4.31 kB │ gzip:  1.11 kB
2026-09-18T10:21:00.0844652Z .svelte-kit/output/client/_app/immutable/assets/10.CijXb7Fq.css                                      4.96 kB │ gzip:  1.06 kB
2026-09-18T10:21:00.0845556Z .svelte-kit/output/client/_app/immutable/assets/ApiKeysPage.C1150Hut.css                             5.75 kB │ gzip:  1.34 kB
2026-09-18T10:21:00.0846575Z .svelte-kit/output/client/_app/immutable/assets/RequestsPage.BIk2CKIP.css                            5.95 kB │ gzip:  1.28 kB
2026-09-18T10:21:00.0847631Z .svelte-kit/output/client/_app/immutable/assets/RouteDraftEditor.CIDBHk7l.css                        6.40 kB │ gzip:  1.38 kB
2026-09-18T10:21:00.0848624Z .svelte-kit/output/client/_app/immutable/assets/30.CXOtVeLQ.css                                      6.52 kB │ gzip:  1.40 kB
2026-09-18T10:21:00.0849593Z .svelte-kit/output/client/_app/immutable/assets/21.B3HoXNuv.css                                      6.78 kB │ gzip:  1.49 kB
2026-09-18T10:21:00.0850565Z .svelte-kit/output/client/_app/immutable/assets/2.BnWPllTG.css                                       7.53 kB │ gzip:  1.71 kB
2026-09-18T10:21:00.0851527Z .svelte-kit/output/client/_app/immutable/assets/8.BGP8xmCq.css                                       8.14 kB │ gzip:  1.60 kB
2026-09-18T10:21:00.0852484Z .svelte-kit/output/client/_app/immutable/assets/20.3JpcSsMC.css                                      9.99 kB │ gzip:  1.88 kB
2026-09-18T10:21:00.0853469Z .svelte-kit/output/client/_app/immutable/assets/0.Ch5s6Vn3.css                                      18.21 kB │ gzip:  4.36 kB
2026-09-18T10:21:00.0854617Z .svelte-kit/output/client/_app/immutable/chunks/DPz1S9cj.js                                          0.02 kB │ gzip:  0.04 kB
2026-09-18T10:21:00.0855539Z .svelte-kit/output/client/_app/immutable/chunks/DpSOtwKn.js                                          0.03 kB │ gzip:  0.05 kB
2026-09-18T10:21:00.0856441Z .svelte-kit/output/client/_app/immutable/chunks/xihTtKlq.js                                          0.06 kB │ gzip:  0.08 kB
2026-09-18T10:21:00.0857365Z .svelte-kit/output/client/_app/immutable/chunks/Dro3YUrB.js                                          0.06 kB │ gzip:  0.07 kB
2026-09-18T10:21:00.0858286Z .svelte-kit/output/client/_app/immutable/entry/start.B4HW6suH.js                                     0.08 kB │ gzip:  0.09 kB
2026-09-18T10:21:00.0859168Z .svelte-kit/output/client/_app/immutable/chunks/4YQg3QUo.js                                          0.09 kB │ gzip:  0.10 kB
2026-09-18T10:21:00.0860031Z .svelte-kit/output/client/_app/immutable/chunks/9ixZWaVC.js                                          0.09 kB │ gzip:  0.10 kB
2026-09-18T10:21:00.0861100Z .svelte-kit/output/client/_app/immutable/chunks/VceKG1iP.js                                          0.10 kB │ gzip:  0.11 kB
2026-09-18T10:21:00.0862028Z .svelte-kit/output/client/_app/immutable/chunks/Dgu-Izkv.js                                          0.13 kB │ gzip:  0.11 kB
2026-09-18T10:21:00.0863182Z .svelte-kit/output/client/_app/immutable/chunks/C6gsH53v.js                                          0.17 kB │ gzip:  0.13 kB
2026-09-18T10:21:00.0864032Z .svelte-kit/output/client/_app/immutable/nodes/27.D8XYsHeb.js                                        0.17 kB │ gzip:  0.13 kB
2026-09-18T10:21:00.0864906Z .svelte-kit/output/client/_app/immutable/chunks/BbdtUQHO.js                                          0.21 kB │ gzip:  0.18 kB
2026-09-18T10:21:00.0865776Z .svelte-kit/output/client/_app/immutable/chunks/BexL5aaV.js                                          0.21 kB │ gzip:  0.18 kB
2026-09-18T10:21:00.0866647Z .svelte-kit/output/client/_app/immutable/chunks/Q5_vLEpc.js                                          0.24 kB │ gzip:  0.13 kB
2026-09-18T10:21:00.0867567Z .svelte-kit/output/client/_app/immutable/nodes/3.3KyyLJsS.js                                         0.28 kB │ gzip:  0.21 kB
2026-09-18T10:21:00.0869154Z .svelte-kit/output/client/_app/immutable/nodes/5.CyihaUtd.js                                         0.28 kB │ gzip:  0.21 kB
2026-09-18T10:21:00.0870008Z .svelte-kit/output/client/_app/immutable/nodes/7.CeVLORsV.js                                         0.28 kB │ gzip:  0.21 kB
2026-09-18T10:21:00.0870866Z .svelte-kit/output/client/_app/immutable/chunks/C3OMN1aR.js                                          0.28 kB │ gzip:  0.22 kB
2026-09-18T10:21:00.0871750Z .svelte-kit/output/client/_app/immutable/chunks/BXcNC0MZ.js                                          0.29 kB │ gzip:  0.16 kB
2026-09-18T10:21:00.0872620Z .svelte-kit/output/client/_app/immutable/nodes/25.CRQgsbzX.js                                        0.30 kB │ gzip:  0.20 kB
2026-09-18T10:21:00.0873676Z .svelte-kit/output/client/_app/immutable/chunks/BkjuMpiz.js                                          0.32 kB │ gzip:  0.24 kB
2026-09-18T10:21:00.0874522Z .svelte-kit/output/client/_app/immutable/chunks/DP_eUzDF.js                                          0.33 kB │ gzip:  0.22 kB
2026-09-18T10:21:00.0875406Z .svelte-kit/output/client/_app/immutable/nodes/11.DySI6yC4.js                                        0.37 kB │ gzip:  0.24 kB
2026-09-18T10:21:00.0876308Z .svelte-kit/output/client/_app/immutable/nodes/15.C2-WGk0F.js                                        0.37 kB │ gzip:  0.24 kB
2026-09-18T10:21:00.0877218Z .svelte-kit/output/client/_app/immutable/nodes/22.J9I0PhuW.js                                        0.37 kB │ gzip:  0.24 kB
2026-09-18T10:21:00.0878287Z .svelte-kit/output/client/_app/immutable/nodes/12.D23nbUQg.js                                        0.37 kB │ gzip:  0.24 kB
2026-09-18T10:21:00.0879124Z .svelte-kit/output/client/_app/immutable/chunks/BpcPbYLx.js                                          0.40 kB │ gzip:  0.26 kB
2026-09-18T10:21:00.0880166Z .svelte-kit/output/client/_app/immutable/nodes/16.D97iSQnl.js                                        0.44 kB │ gzip:  0.27 kB
2026-09-18T10:21:00.0881034Z .svelte-kit/output/client/_app/immutable/nodes/4.DsXpHoDU.js                                         0.44 kB │ gzip:  0.29 kB
2026-09-18T10:21:00.0881908Z .svelte-kit/output/client/_app/immutable/nodes/23.Co_7Dwu8.js                                        0.45 kB │ gzip:  0.27 kB
2026-09-18T10:21:00.0882971Z .svelte-kit/output/client/_app/immutable/nodes/6.C3yXFvqR.js                                         0.45 kB │ gzip:  0.29 kB
2026-09-18T10:21:00.0883864Z .svelte-kit/output/client/_app/immutable/chunks/OCadlyWW.js                                          0.51 kB │ gzip:  0.33 kB
2026-09-18T10:21:00.0884750Z .svelte-kit/output/client/_app/immutable/chunks/T0p_1gkU.js                                          0.60 kB │ gzip:  0.35 kB
2026-09-18T10:21:00.0885645Z .svelte-kit/output/client/_app/immutable/chunks/yCSwBoVu.js                                          0.63 kB │ gzip:  0.32 kB
2026-09-18T10:21:00.0886662Z .svelte-kit/output/client/_app/immutable/chunks/DmwcY4cW.js                                          0.63 kB │ gzip:  0.35 kB
2026-09-18T10:21:00.0887554Z .svelte-kit/output/client/_app/immutable/chunks/CfY_-D1a.js                                          0.65 kB │ gzip:  0.34 kB
2026-09-18T10:21:00.0888433Z .svelte-kit/output/client/_app/immutable/chunks/DtdWoN14.js                                          0.67 kB │ gzip:  0.40 kB
2026-09-18T10:21:00.0889323Z .svelte-kit/output/client/_app/immutable/chunks/DqJX7kfI.js                                          0.69 kB │ gzip:  0.30 kB
2026-09-18T10:21:00.0890210Z .svelte-kit/output/client/_app/immutable/chunks/DvObCNt0.js                                          0.75 kB │ gzip:  0.43 kB
2026-09-18T10:21:00.0891097Z .svelte-kit/output/client/_app/immutable/chunks/Cik4LbLP.js                                          0.79 kB │ gzip:  0.42 kB
2026-09-18T10:21:00.0892004Z .svelte-kit/output/client/_app/immutable/chunks/BiGfdzMQ.js                                          0.83 kB │ gzip:  0.28 kB
2026-09-18T10:21:00.0893014Z .svelte-kit/output/client/_app/immutable/chunks/CeEVCS5h.js                                          0.85 kB │ gzip:  0.29 kB
2026-09-18T10:21:00.0893900Z .svelte-kit/output/client/_app/immutable/nodes/9.DezQm-hW.js                                         0.99 kB │ gzip:  0.57 kB
2026-09-18T10:21:00.0894796Z .svelte-kit/output/client/_app/immutable/nodes/1.B85QDi79.js                                         1.00 kB │ gzip:  0.57 kB
2026-09-18T10:21:00.0895678Z .svelte-kit/output/client/_app/immutable/chunks/kh2qLI1n.js                                          1.34 kB │ gzip:  0.75 kB
2026-09-18T10:21:00.0896560Z .svelte-kit/output/client/_app/immutable/chunks/meWJt6RJ.js                                          1.34 kB │ gzip:  0.73 kB
2026-09-18T10:21:00.0897450Z .svelte-kit/output/client/_app/immutable/chunks/Bjy-W4x2.js                                          1.36 kB │ gzip:  0.65 kB
2026-09-18T10:21:00.0898355Z .svelte-kit/output/client/_app/immutable/chunks/JcPKaOmk.js                                          1.37 kB │ gzip:  0.68 kB
2026-09-18T10:21:00.0899256Z .svelte-kit/output/client/_app/immutable/chunks/BetgckNs.js                                          1.58 kB │ gzip:  0.62 kB
2026-09-18T10:21:00.0900144Z .svelte-kit/output/client/_app/immutable/chunks/Bg-HN9sX.js                                          1.68 kB │ gzip:  0.75 kB
2026-09-18T10:21:00.0901034Z .svelte-kit/output/client/_app/immutable/chunks/BD1l0pjB.js                                          1.75 kB │ gzip:  0.84 kB
2026-09-18T10:21:00.0901919Z .svelte-kit/output/client/_app/immutable/chunks/Dklz0Izb.js                                          1.78 kB │ gzip:  0.79 kB
2026-09-18T10:21:00.0902927Z .svelte-kit/output/client/_app/immutable/chunks/Cvg4LN7Y.js                                          1.83 kB │ gzip:  0.60 kB
2026-09-18T10:21:00.0903970Z .svelte-kit/output/client/_app/immutable/chunks/DmM3jFS-.js                                          1.84 kB │ gzip:  0.70 kB
2026-09-18T10:21:00.0904862Z .svelte-kit/output/client/_app/immutable/chunks/DcD5QFHo.js                                          2.01 kB │ gzip:  0.87 kB
2026-09-18T10:21:00.0905755Z .svelte-kit/output/client/_app/immutable/chunks/CDpK0viA.js                                          2.06 kB │ gzip:  0.63 kB
2026-09-18T10:21:00.0906649Z .svelte-kit/output/client/_app/immutable/chunks/BzB2OK0L.js                                          2.53 kB │ gzip:  1.01 kB
2026-09-18T10:21:00.0907544Z .svelte-kit/output/client/_app/immutable/chunks/cp2uMWdm.js                                          2.85 kB │ gzip:  0.83 kB
2026-09-18T10:21:00.0908442Z .svelte-kit/output/client/_app/immutable/chunks/BAe-Pd6w.js                                          3.43 kB │ gzip:  1.14 kB
2026-09-18T10:21:00.0909337Z .svelte-kit/output/client/_app/immutable/chunks/Dc2oxeW2.js                                          3.43 kB │ gzip:  1.36 kB
2026-09-18T10:21:00.0910367Z .svelte-kit/output/client/_app/immutable/chunks/CJU8ewOl.js                                          4.00 kB │ gzip:  1.60 kB
2026-09-18T10:21:00.0911253Z .svelte-kit/output/client/_app/immutable/chunks/CCZZzsws.js                                          4.69 kB │ gzip:  1.67 kB
2026-09-18T10:21:00.0912149Z .svelte-kit/output/client/_app/immutable/chunks/jt9CXBz0.js                                          5.16 kB │ gzip:  1.93 kB
2026-09-18T10:21:00.0913229Z .svelte-kit/output/client/_app/immutable/nodes/32.DdyhIDNB.js                                        5.24 kB │ gzip:  2.36 kB
2026-09-18T10:21:00.0914127Z .svelte-kit/output/client/_app/immutable/chunks/Blst4tRu.js                                          5.36 kB │ gzip:  2.34 kB
2026-09-18T10:21:00.0915016Z .svelte-kit/output/client/_app/immutable/nodes/31.DEk4bVwP.js                                        5.64 kB │ gzip:  2.15 kB
2026-09-18T10:21:00.0915916Z .svelte-kit/output/client/_app/immutable/chunks/BxFWDhdJ.js                                          7.00 kB │ gzip:  2.53 kB
2026-09-18T10:21:00.0916782Z .svelte-kit/output/client/_app/immutable/chunks/CT4NHZiG.js                                          7.05 kB │ gzip:  2.75 kB
2026-09-18T10:21:00.0917652Z .svelte-kit/output/client/_app/immutable/nodes/24.CgUUfqjK.js                                        7.32 kB │ gzip:  2.72 kB
2026-09-18T10:21:00.0918560Z .svelte-kit/output/client/_app/immutable/nodes/0.B9-E0KUf.js                                         7.65 kB │ gzip:  2.51 kB
2026-09-18T10:21:00.0919460Z .svelte-kit/output/client/_app/immutable/nodes/13.DBbHtull.js                                        8.21 kB │ gzip:  3.33 kB
2026-09-18T10:21:00.0920333Z .svelte-kit/output/client/_app/immutable/nodes/19.CtX5p5Yb.js                                        8.51 kB │ gzip:  3.68 kB
2026-09-18T10:21:00.0921193Z .svelte-kit/output/client/_app/immutable/nodes/33.C6N0YeAz.js                                        8.86 kB │ gzip:  3.17 kB
2026-09-18T10:21:00.0922056Z .svelte-kit/output/client/_app/immutable/nodes/26.DfV1e_7O.js                                        9.25 kB │ gzip:  3.19 kB
2026-09-18T10:21:00.0923092Z .svelte-kit/output/client/_app/immutable/chunks/CHIhzoJV.js                                         10.71 kB │ gzip:  3.88 kB
2026-09-18T10:21:00.0923988Z .svelte-kit/output/client/_app/immutable/chunks/Bbn9jEbP.js                                         11.51 kB │ gzip:  3.98 kB
2026-09-18T10:21:00.0924806Z .svelte-kit/output/client/_app/immutable/nodes/2.BPFN--jK.js                                        11.69 kB │ gzip:  4.38 kB
2026-09-18T10:21:00.0925688Z .svelte-kit/output/client/_app/immutable/chunks/CrCVobHR.js                                         12.96 kB │ gzip:  4.24 kB
2026-09-18T10:21:00.0926599Z .svelte-kit/output/client/_app/immutable/entry/app.DyKIkANB.js                                      13.57 kB │ gzip:  4.38 kB
2026-09-18T10:21:00.0927167Z .svelte-kit/output/client/_app/immutable/nodes/17.UGh8Gc5M.js                                       14.57 kB │ gzip:  5.69 kB
2026-09-18T10:21:00.0927850Z .svelte-kit/output/client/_app/immutable/chunks/CT-RevDF.js                                         15.81 kB │ gzip:  4.86 kB
2026-09-18T10:21:00.0928382Z .svelte-kit/output/client/_app/immutable/nodes/8.CM-3ncfz.js                                        16.38 kB │ gzip:  5.87 kB
2026-09-18T10:21:00.0928901Z .svelte-kit/output/client/_app/immutable/chunks/D12fhiFE.js                                         16.79 kB │ gzip:  5.82 kB
2026-09-18T10:21:00.0929630Z .svelte-kit/output/client/_app/immutable/nodes/18.DvfHud_d.js                                       18.60 kB │ gzip:  6.55 kB
2026-09-18T10:21:00.0930816Z .svelte-kit/output/client/_app/immutable/nodes/28.C1zO-HYj.js                                       19.36 kB │ gzip:  6.85 kB
2026-09-18T10:21:00.0931610Z .svelte-kit/output/client/_app/immutable/nodes/29.TZEUPSeG.js                                       20.82 kB │ gzip:  6.66 kB
2026-09-18T10:21:00.0932259Z .svelte-kit/output/client/_app/immutable/nodes/30.Di1Alw9n.js                                       22.40 kB │ gzip:  7.50 kB
2026-09-18T10:21:00.0932972Z .svelte-kit/output/client/_app/immutable/chunks/C0Sv50Pm.js                                         24.59 kB │ gzip:  6.81 kB
2026-09-18T10:21:00.0933497Z .svelte-kit/output/client/_app/immutable/nodes/10.DBjQfkbG.js                                       26.34 kB │ gzip:  9.05 kB
2026-09-18T10:21:00.0934016Z .svelte-kit/output/client/_app/immutable/chunks/DwEMesFV.js                                         27.50 kB │ gzip:  8.78 kB
2026-09-18T10:21:00.0934534Z .svelte-kit/output/client/_app/immutable/nodes/14.BIrNVpG9.js                                       27.70 kB │ gzip:  8.69 kB
2026-09-18T10:21:00.0935051Z .svelte-kit/output/client/_app/immutable/chunks/_mTZ8YyY.js                                         30.07 kB │ gzip: 11.63 kB
2026-09-18T10:21:00.0935573Z .svelte-kit/output/client/_app/immutable/nodes/21.CdUmAYYX.js                                       30.63 kB │ gzip:  9.88 kB
2026-09-18T10:21:00.0936132Z .svelte-kit/output/client/_app/immutable/chunks/_vTrmhB8.js                                         34.85 kB │ gzip: 11.84 kB
2026-09-18T10:21:00.0936649Z .svelte-kit/output/client/_app/immutable/nodes/20.Ch1ZmTpa.js                                       50.19 kB │ gzip: 14.88 kB
2026-09-18T10:21:00.0937167Z .svelte-kit/output/client/_app/immutable/chunks/Cg9fePgA.js                                         50.94 kB │ gzip: 19.36 kB
2026-09-18T10:21:00.0937402Z 
2026-09-18T10:21:00.0937745Z ✓ built in 846ms
2026-09-18T10:21:00.5062570Z computing gzip size...
2026-09-18T10:21:00.5124361Z .svelte-kit/output/server/_app/immutable/assets/geist-mono-symbols2-wght-normal.CO5SzqOn.woff2        5.81 kB
2026-09-18T10:21:00.5124894Z .svelte-kit/output/server/_app/immutable/assets/geist-mono-cyrillic-ext-wght-normal.X_5orZeX.woff2    6.17 kB
2026-09-18T10:21:00.5125389Z .svelte-kit/output/server/_app/immutable/assets/geist-cyrillic-ext-wght-normal.DjL33-gN.woff2         7.42 kB
2026-09-18T10:21:00.5126144Z .svelte-kit/output/server/_app/immutable/assets/geist-mono-vietnamese-wght-normal.DadHysG0.woff2      7.69 kB
2026-09-18T10:21:00.5126938Z .svelte-kit/output/server/_app/immutable/assets/geist-vietnamese-wght-normal.6IgcOCM7.woff2           8.00 kB
2026-09-18T10:21:00.5127721Z .svelte-kit/output/server/_app/immutable/assets/geist-mono-cyrillic-wght-normal.DiZS0aHC.woff2       12.94 kB
2026-09-18T10:21:00.5128299Z .svelte-kit/output/server/_app/immutable/assets/geist-mono-latin-ext-wght-normal.Bwz-egvJ.woff2      14.69 kB
2026-09-18T10:21:00.5128775Z .svelte-kit/output/server/_app/immutable/assets/geist-cyrillic-wght-normal.BEAKL7Jp.woff2            15.08 kB
2026-09-18T10:21:00.5129251Z .svelte-kit/output/server/_app/immutable/assets/geist-latin-ext-wght-normal.DC-KSUi6.woff2           16.51 kB
2026-09-18T10:21:00.5129732Z .svelte-kit/output/server/_app/immutable/assets/geist-mono-latin-wght-normal.XN7g48iV.woff2          23.12 kB
2026-09-18T10:21:00.5130437Z .svelte-kit/output/server/_app/immutable/assets/geist-latin-wght-normal.BgDaEnEv.woff2               29.40 kB
2026-09-18T10:21:00.5131188Z .svelte-kit/output/server/.vite/manifest.json                                                        39.39 kB │ gzip:  3.99 kB
2026-09-18T10:21:00.5131718Z .svelte-kit/output/server/_app/immutable/assets/BrandMark.DWSde6Ww.css                                0.20 kB │ gzip:  0.14 kB
2026-09-18T10:21:00.5132295Z .svelte-kit/output/server/_app/immutable/assets/CursorPagination.DbjTanq2.css                         0.37 kB │ gzip:  0.23 kB
2026-09-18T10:21:00.5133075Z .svelte-kit/output/server/_app/immutable/assets/_error.B6hFuh5l.css                                   0.48 kB │ gzip:  0.29 kB
2026-09-18T10:21:00.5133619Z .svelte-kit/output/server/_app/immutable/assets/_page.qI-HkGM6.css                                    0.52 kB │ gzip:  0.26 kB
2026-09-18T10:21:00.5134171Z .svelte-kit/output/server/_app/immutable/assets/RoutingDecisions.BKVcnrD-.css                         0.55 kB │ gzip:  0.30 kB
2026-09-18T10:21:00.5134856Z .svelte-kit/output/server/_app/immutable/assets/userKeys.D_MV4LJ6.css                                 0.61 kB │ gzip:  0.34 kB
2026-09-18T10:21:00.5135420Z .svelte-kit/output/server/_app/immutable/assets/RoutingPolicyEditor.BJZqratL.css                      0.64 kB │ gzip:  0.32 kB
2026-09-18T10:21:00.5135994Z .svelte-kit/output/server/_app/immutable/assets/ConflictNotice.CsCOeo4a.css                           0.73 kB │ gzip:  0.32 kB
2026-09-18T10:21:00.5136547Z .svelte-kit/output/server/_app/immutable/assets/_page.BkP3pjFd.css                                    0.81 kB │ gzip:  0.37 kB
2026-09-18T10:21:00.5137080Z .svelte-kit/output/server/_app/immutable/assets/_page.lJnZ3fco.css                                    0.85 kB │ gzip:  0.38 kB
2026-09-18T10:21:00.5137626Z .svelte-kit/output/server/_app/immutable/assets/SecretDialog.BrGd2n-3.css                             1.20 kB │ gzip:  0.52 kB
2026-09-18T10:21:00.5138203Z .svelte-kit/output/server/_app/immutable/assets/RoutingPreferencesForm.CY3T8blZ.css                   1.26 kB │ gzip:  0.48 kB
2026-09-18T10:21:00.5138770Z .svelte-kit/output/server/_app/immutable/assets/_page.CEOwprLc.css                                    1.31 kB │ gzip:  0.47 kB
2026-09-18T10:21:00.5139455Z .svelte-kit/output/server/_app/immutable/assets/_page.BwL_XRn9.css                                    1.44 kB │ gzip:  0.54 kB
2026-09-18T10:21:00.5139980Z .svelte-kit/output/server/_app/immutable/assets/_page.Gsf7t1N4.css                                    1.52 kB │ gzip:  0.53 kB
2026-09-18T10:21:00.5140512Z .svelte-kit/output/server/_app/immutable/assets/_page.DYuTP756.css                                    1.71 kB │ gzip:  0.59 kB
2026-09-18T10:21:00.5141058Z .svelte-kit/output/server/_app/immutable/assets/SetupFrame.D6wd0yGF.css                               1.76 kB │ gzip:  0.65 kB
2026-09-18T10:21:00.5141599Z .svelte-kit/output/server/_app/immutable/assets/_page.Dyc3CfHy.css                                    2.18 kB │ gzip:  0.69 kB
2026-09-18T10:21:00.5142189Z .svelte-kit/output/server/_app/immutable/assets/_page.rrQ-NEpm.css                                    2.71 kB │ gzip:  0.80 kB
2026-09-18T10:21:00.5142890Z .svelte-kit/output/server/_app/immutable/assets/_page.BCB9RDaG.css                                    2.79 kB │ gzip:  0.77 kB
2026-09-18T10:21:00.5143423Z .svelte-kit/output/server/_app/immutable/assets/_page.CYId_v8V.css                                    3.10 kB │ gzip:  0.79 kB
2026-09-18T10:21:00.5143980Z .svelte-kit/output/server/_app/immutable/assets/ProviderValidationIssues.Bq4flAVf.css                 3.47 kB │ gzip:  1.00 kB
2026-09-18T10:21:00.5144538Z .svelte-kit/output/server/_app/immutable/assets/_page.DlIVoB3o.css                                    3.74 kB │ gzip:  0.91 kB
2026-09-18T10:21:00.5145088Z .svelte-kit/output/server/_app/immutable/assets/MediaJobsPage.DijQ2MQj.css                            3.80 kB │ gzip:  0.93 kB
2026-09-18T10:21:00.5145635Z .svelte-kit/output/server/_app/immutable/assets/_page.NR8GeMMd.css                                    3.99 kB │ gzip:  0.96 kB
2026-09-18T10:21:00.5146282Z .svelte-kit/output/server/_app/immutable/assets/_page.CdA5oDe0.css                                    4.31 kB │ gzip:  1.11 kB
2026-09-18T10:21:00.5146829Z .svelte-kit/output/server/_app/immutable/assets/ApiKeysPage.C1150Hut.css                              5.75 kB │ gzip:  1.34 kB
2026-09-18T10:21:00.5147509Z .svelte-kit/output/server/_app/immutable/assets/RequestsPage.DUtItHAT.css                             5.84 kB │ gzip:  1.27 kB
2026-09-18T10:21:00.5148078Z .svelte-kit/output/server/_app/immutable/assets/RouteDraftEditor.r4fVuFeG.css                         6.30 kB │ gzip:  1.37 kB
2026-09-18T10:21:00.5148633Z .svelte-kit/output/server/_app/immutable/assets/_page.LYuNuxZE.css                                    6.42 kB │ gzip:  1.40 kB
2026-09-18T10:21:00.5149164Z .svelte-kit/output/server/_app/immutable/assets/_page.3siVHESI.css                                    6.73 kB │ gzip:  1.48 kB
2026-09-18T10:21:00.5149796Z .svelte-kit/output/server/_app/immutable/assets/_layout.BnWPllTG.css                                  7.53 kB │ gzip:  1.71 kB
2026-09-18T10:21:00.5150329Z .svelte-kit/output/server/_app/immutable/assets/_page.D08K6GzD.css                                    8.09 kB │ gzip:  1.59 kB
2026-09-18T10:21:00.5150867Z .svelte-kit/output/server/_app/immutable/assets/_page.3JpcSsMC.css                                    9.99 kB │ gzip:  1.88 kB
2026-09-18T10:21:00.5151401Z .svelte-kit/output/server/_app/immutable/assets/_layout.BMARtlm5.css                                 18.02 kB │ gzip:  4.32 kB
2026-09-18T10:21:00.5151916Z .svelte-kit/output/server/chunks/navigation.js                                                        0.03 kB │ gzip:  0.05 kB
2026-09-18T10:21:00.5152412Z .svelte-kit/output/server/entries/pages/_layout.ts.js                                                 0.07 kB │ gzip:  0.09 kB
2026-09-18T10:21:00.5153016Z .svelte-kit/output/server/env.js                                                                      0.22 kB │ gzip:  0.14 kB
2026-09-18T10:21:00.5153505Z .svelte-kit/output/server/chunks/apiKeyListState.js                                                   0.22 kB │ gzip:  0.16 kB
2026-09-18T10:21:00.5154017Z .svelte-kit/output/server/chunks/providerPagination.js                                                0.25 kB │ gzip:  0.18 kB
2026-09-18T10:21:00.5154524Z .svelte-kit/output/server/chunks/routeListState.js                                                    0.26 kB │ gzip:  0.18 kB
2026-09-18T10:21:00.5155028Z .svelte-kit/output/server/chunks/env.js                                                               0.28 kB │ gzip:  0.17 kB
2026-09-18T10:21:00.5155548Z .svelte-kit/output/server/entries/pages/(console)/routes/new/_page.svelte.js                          0.29 kB │ gzip:  0.19 kB
2026-09-18T10:21:00.5156072Z .svelte-kit/output/server/chunks/requestKeys.js                                                       0.30 kB │ gzip:  0.20 kB
2026-09-18T10:21:00.5156569Z .svelte-kit/output/server/chunks/apiKeyQueries.js                                                     0.34 kB │ gzip:  0.21 kB
2026-09-18T10:21:00.5157069Z .svelte-kit/output/server/chunks/ReadOnlyNote.js                                                      0.35 kB │ gzip:  0.24 kB
2026-09-18T10:21:00.5157659Z .svelte-kit/output/server/internal.js                                                                 0.40 kB │ gzip:  0.19 kB
2026-09-18T10:21:00.5158171Z .svelte-kit/output/server/entries/pages/(console)/routes/_routeId_/_page.svelte.js                    0.44 kB │ gzip:  0.24 kB
2026-09-18T10:21:00.5158726Z .svelte-kit/output/server/entries/pages/(console)/routes/_layout.svelte.js                            0.45 kB │ gzip:  0.26 kB
2026-09-18T10:21:00.5159278Z .svelte-kit/output/server/entries/pages/(console)/api-keys/_layout.svelte.js                          0.45 kB │ gzip:  0.27 kB
2026-09-18T10:21:00.5159829Z .svelte-kit/output/server/entries/pages/(console)/providers/_layout.svelte.js                         0.46 kB │ gzip:  0.28 kB
2026-09-18T10:21:00.5160826Z .svelte-kit/output/server/chunks/unsavedChanges.js                                                    0.46 kB │ gzip:  0.27 kB
2026-09-18T10:21:00.5161330Z .svelte-kit/output/server/chunks/useRole.svelte.js                                                    0.48 kB │ gzip:  0.26 kB
2026-09-18T10:21:00.5161839Z .svelte-kit/output/server/chunks/focusError.js                                                        0.50 kB │ gzip:  0.33 kB
2026-09-18T10:21:00.5162327Z .svelte-kit/output/server/chunks/routeKeys.js                                                         0.54 kB │ gzip:  0.26 kB
2026-09-18T10:21:00.5162954Z .svelte-kit/output/server/chunks/api.js                                                               0.58 kB │ gzip:  0.36 kB
2026-09-18T10:21:00.5163459Z .svelte-kit/output/server/chunks/query.js                                                             0.62 kB │ gzip:  0.39 kB
2026-09-18T10:21:00.5163955Z .svelte-kit/output/server/chunks/CursorPagination.js                                                  0.71 kB │ gzip:  0.38 kB
2026-09-18T10:21:00.5164690Z .svelte-kit/output/server/chunks/BrandMark.js                                                         0.74 kB │ gzip:  0.42 kB
2026-09-18T10:21:00.5165214Z .svelte-kit/output/server/entries/pages/(console)/media-jobs/_layout.svelte.js                        0.75 kB │ gzip:  0.37 kB
2026-09-18T10:21:00.5165766Z .svelte-kit/output/server/entries/pages/(console)/requests/_layout.svelte.js                          0.75 kB │ gzip:  0.36 kB
2026-09-18T10:21:00.5166288Z .svelte-kit/output/server/chunks/urlSync.svelte.js                                                    0.77 kB │ gzip:  0.43 kB
2026-09-18T10:21:00.5166804Z .svelte-kit/output/server/entries/pages/(console)/api-keys/_page.svelte.js                            0.83 kB │ gzip:  0.37 kB
2026-09-18T10:21:00.5167348Z .svelte-kit/output/server/entries/pages/(console)/requests/_page.svelte.js                            0.84 kB │ gzip:  0.36 kB
2026-09-18T10:21:00.5167907Z .svelte-kit/output/server/entries/pages/(console)/media-jobs/_page.svelte.js                          0.85 kB │ gzip:  0.37 kB
2026-09-18T10:21:00.5168450Z .svelte-kit/output/server/entries/pages/(console)/api-keys/new/_page.svelte.js                        0.86 kB │ gzip:  0.38 kB
2026-09-18T10:21:00.5168977Z .svelte-kit/output/server/entries/pages/_error.svelte.js                                              0.87 kB │ gzip:  0.46 kB
2026-09-18T10:21:00.5169474Z .svelte-kit/output/server/chunks/pagination2.js                                                       0.87 kB │ gzip:  0.48 kB
2026-09-18T10:21:00.5170003Z .svelte-kit/output/server/entries/pages/(console)/media-jobs/_jobId_/_page.svelte.js                  0.96 kB │ gzip:  0.40 kB
2026-09-18T10:21:00.5170563Z .svelte-kit/output/server/entries/pages/(console)/requests/_requestId_/_page.svelte.js                0.96 kB │ gzip:  0.39 kB
2026-09-18T10:21:00.5171118Z .svelte-kit/output/server/entries/pages/(console)/_...path_/_page.svelte.js                           1.02 kB │ gzip:  0.54 kB
2026-09-18T10:21:00.5171635Z .svelte-kit/output/server/chunks/api2.js                                                              1.05 kB │ gzip:  0.48 kB
2026-09-18T10:21:00.5172117Z .svelte-kit/output/server/chunks/SecretDialog.js                                                      1.07 kB │ gzip:  0.50 kB
2026-09-18T10:21:00.5172609Z .svelte-kit/output/server/chunks/ConflictNotice.js                                                    1.07 kB │ gzip:  0.54 kB
2026-09-18T10:21:00.5173290Z .svelte-kit/output/server/chunks/serviceCapabilities.svelte.js                                        1.13 kB │ gzip:  0.42 kB
2026-09-18T10:21:00.5173787Z .svelte-kit/output/server/chunks/paths.js                                                             1.15 kB │ gzip:  0.65 kB
2026-09-18T10:21:00.5174256Z .svelte-kit/output/server/chunks/usage.js                                                             1.20 kB │ gzip:  0.37 kB
2026-09-18T10:21:00.5174926Z .svelte-kit/output/server/chunks/concurrentEdit.js                                                    1.23 kB │ gzip:  0.39 kB
2026-09-18T10:21:00.5175428Z .svelte-kit/output/server/chunks/displayNamePolicy.js                                                 1.29 kB │ gzip:  0.61 kB
2026-09-18T10:21:00.5176095Z .svelte-kit/output/server/entries/pages/setup/_page.svelte.js                                         1.31 kB │ gzip:  0.58 kB
2026-09-18T10:21:00.5176697Z .svelte-kit/output/server/chunks/internal.js                                                          1.31 kB │ gzip:  0.54 kB
2026-09-18T10:21:00.5177350Z .svelte-kit/output/server/chunks/authorization.js                                                     1.32 kB │ gzip:  0.49 kB
2026-09-18T10:21:00.5177906Z .svelte-kit/output/server/entries/pages/invitations/accept/_page.svelte.js                            1.34 kB │ gzip:  0.56 kB
2026-09-18T10:21:00.5178615Z .svelte-kit/output/server/chunks/client2.js                                                           1.41 kB │ gzip:  0.70 kB
2026-09-18T10:21:00.5179345Z .svelte-kit/output/server/chunks/providerKeys.js                                                      1.48 kB │ gzip:  0.45 kB
2026-09-18T10:21:00.5179896Z .svelte-kit/output/server/chunks/pagination.js                                                        1.56 kB │ gzip:  0.65 kB
2026-09-18T10:21:00.5180369Z .svelte-kit/output/server/chunks/auth.js                                                              1.61 kB │ gzip:  0.58 kB
2026-09-18T10:21:00.5180844Z .svelte-kit/output/server/chunks/SetupFrame.js                                                        1.82 kB │ gzip:  0.78 kB
2026-09-18T10:21:00.5181319Z .svelte-kit/output/server/chunks/api3.js                                                              2.16 kB │ gzip:  0.84 kB
2026-09-18T10:21:00.5181778Z .svelte-kit/output/server/chunks/api4.js                                                              2.28 kB │ gzip:  0.70 kB
2026-09-18T10:21:00.5182255Z .svelte-kit/output/server/chunks/state.js                                                             2.69 kB │ gzip:  1.13 kB
2026-09-18T10:21:00.5182887Z .svelte-kit/output/server/chunks/mediaJobListState.js                                                 2.90 kB │ gzip:  1.05 kB
2026-09-18T10:21:00.5183408Z .svelte-kit/output/server/chunks/budgetPresentation.js                                                2.93 kB │ gzip:  1.22 kB
2026-09-18T10:21:00.5183911Z .svelte-kit/output/server/chunks/requestListState.js                                                  2.96 kB │ gzip:  1.08 kB
2026-09-18T10:21:00.5184404Z .svelte-kit/output/server/chunks/models.js                                                            3.47 kB │ gzip:  0.82 kB
2026-09-18T10:21:00.5184875Z .svelte-kit/output/server/chunks/NavIcon.js                                                           3.49 kB │ gzip:  1.20 kB
2026-09-18T10:21:00.5185350Z .svelte-kit/output/server/chunks/filters.js                                                           3.52 kB │ gzip:  1.55 kB
2026-09-18T10:21:00.5185832Z .svelte-kit/output/server/chunks/exports.js                                                           4.66 kB │ gzip:  1.52 kB
2026-09-18T10:21:00.5186301Z .svelte-kit/output/server/chunks/api5.js                                                              4.95 kB │ gzip:  1.38 kB
2026-09-18T10:21:00.5186768Z .svelte-kit/output/server/chunks/userKeys.js                                                          5.32 kB │ gzip:  1.55 kB
2026-09-18T10:21:00.5187259Z .svelte-kit/output/server/chunks/RoutingDecisions.js                                                  5.72 kB │ gzip:  1.88 kB
2026-09-18T10:21:00.5187760Z .svelte-kit/output/server/chunks/RoutingPolicyEditor.js                                               5.76 kB │ gzip:  1.91 kB
2026-09-18T10:21:00.5188252Z .svelte-kit/output/server/chunks/mutation.js                                                          5.86 kB │ gzip:  1.55 kB
2026-09-18T10:21:00.5188833Z .svelte-kit/output/server/chunks/format.js                                                            5.94 kB │ gzip:  2.00 kB
2026-09-18T10:21:00.5189381Z .svelte-kit/output/server/chunks/client.js                                                            5.94 kB │ gzip:  2.36 kB
2026-09-18T10:21:00.5189869Z .svelte-kit/output/server/entries/pages/login/_page.svelte.js                                         6.08 kB │ gzip:  2.22 kB
2026-09-18T10:21:00.5190413Z .svelte-kit/output/server/entries/pages/(console)/routes/_routeId_/revisions/_page.svelte.js          6.55 kB │ gzip:  1.92 kB
2026-09-18T10:21:00.5190955Z .svelte-kit/output/server/chunks/providerEditor.js                                                    8.45 kB │ gzip:  2.50 kB
2026-09-18T10:21:00.5191472Z .svelte-kit/output/server/chunks/RoutingPreferencesForm.js                                            8.84 kB │ gzip:  2.43 kB
2026-09-18T10:21:00.5192003Z .svelte-kit/output/server/entries/pages/(console)/access/_page.svelte.js                              8.98 kB │ gzip:  2.79 kB
2026-09-18T10:21:00.5192551Z .svelte-kit/output/server/entries/pages/(console)/routes/_page.svelte.js                              9.34 kB │ gzip:  2.46 kB
2026-09-18T10:21:00.5193134Z .svelte-kit/output/server/chunks/routing.js                                                           9.40 kB │ gzip:  3.14 kB
2026-09-18T10:21:00.5193646Z .svelte-kit/output/server/entries/pages/(console)/providers/_page.svelte.js                           9.46 kB │ gzip:  2.77 kB
2026-09-18T10:21:00.5194187Z .svelte-kit/output/server/entries/pages/(console)/audit/_page.svelte.js                              10.60 kB │ gzip:  3.16 kB
2026-09-18T10:21:00.5194732Z .svelte-kit/output/server/entries/pages/(console)/_layout.svelte.js                                  13.19 kB │ gzip:  3.39 kB
2026-09-18T10:21:00.5195265Z .svelte-kit/output/server/chunks/MediaJobsPage.js                                                    14.43 kB │ gzip:  3.42 kB
2026-09-18T10:21:00.5195802Z .svelte-kit/output/server/entries/pages/(console)/models/_page.svelte.js                             15.72 kB │ gzip:  4.32 kB
2026-09-18T10:21:00.5196336Z .svelte-kit/output/server/entries/pages/_layout.svelte.js                                            16.64 kB │ gzip:  3.81 kB
2026-09-18T10:21:00.5196827Z .svelte-kit/output/server/chunks/uneval.js                                                           17.25 kB │ gzip:  4.78 kB
2026-09-18T10:21:00.5197309Z .svelte-kit/output/server/chunks/createQuery.js                                                      18.27 kB │ gzip:  4.58 kB
2026-09-18T10:21:00.5197823Z .svelte-kit/output/server/chunks/ProviderValidationIssues.js                                         18.73 kB │ gzip:  4.20 kB
2026-09-18T10:21:00.5198353Z .svelte-kit/output/server/entries/pages/(console)/_page.svelte.js                                    19.32 kB │ gzip:  4.89 kB
2026-09-18T10:21:00.5198906Z .svelte-kit/output/server/entries/pages/(console)/playground/_page.svelte.js                         21.17 kB │ gzip:  5.50 kB
2026-09-18T10:21:00.5199467Z .svelte-kit/output/server/entries/pages/(console)/settings/_page.svelte.js                           21.56 kB │ gzip:  5.32 kB
2026-09-18T10:21:00.5199983Z .svelte-kit/output/server/chunks/context.js                                                          24.54 kB │ gzip:  6.37 kB
2026-09-18T10:21:00.5200466Z .svelte-kit/output/server/chunks/RequestsPage.js                                                     25.61 kB │ gzip:  5.21 kB
2026-09-18T10:21:00.5200982Z .svelte-kit/output/server/entries/pages/(console)/usage/_page.svelte.js                              25.86 kB │ gzip:  6.41 kB
2026-09-18T10:21:00.5201532Z .svelte-kit/output/server/entries/pages/(console)/settings/profile/_page.svelte.js                   28.37 kB │ gzip:  6.42 kB
2026-09-18T10:21:00.5202057Z .svelte-kit/output/server/chunks/lifecycle.js                                                        28.97 kB │ gzip:  7.68 kB
2026-09-18T10:21:00.5202537Z .svelte-kit/output/server/chunks/shared.js                                                           30.01 kB │ gzip:  8.09 kB
2026-09-18T10:21:00.5203354Z .svelte-kit/output/server/entries/pages/(console)/health/_page.svelte.js                             32.45 kB │ gzip:  7.60 kB
2026-09-18T10:21:00.5203890Z .svelte-kit/output/server/chunks/RouteDraftEditor.js                                                 34.04 kB │ gzip:  8.03 kB
2026-09-18T10:21:00.5204397Z .svelte-kit/output/server/chunks/ApiKeysPage.js                                                      35.36 kB │ gzip:  8.11 kB
2026-09-18T10:21:00.5204877Z .svelte-kit/output/server/chunks/utils.js                                                            37.45 kB │ gzip: 10.84 kB
2026-09-18T10:21:00.5205355Z .svelte-kit/output/server/chunks/internal2.js                                                        37.95 kB │ gzip: 10.34 kB
2026-09-18T10:21:00.5205878Z .svelte-kit/output/server/entries/pages/(console)/providers/new/_page.svelte.js                      38.01 kB │ gzip:  9.03 kB
2026-09-18T10:21:00.5206455Z .svelte-kit/output/server/entries/pages/(console)/providers/_providerId_/_page.svelte.js             54.08 kB │ gzip: 10.76 kB
2026-09-18T10:21:00.5206979Z .svelte-kit/output/server/remote-entry.js                                                            55.47 kB │ gzip: 12.13 kB
2026-09-18T10:21:00.5207457Z .svelte-kit/output/server/chunks/index-server.js                                                    126.18 kB │ gzip: 32.63 kB
2026-09-18T10:21:00.5207928Z .svelte-kit/output/server/index.js                                                                  132.45 kB │ gzip: 33.27 kB
2026-09-18T10:21:00.5208123Z 
2026-09-18T10:21:00.5208259Z ✓ built in 2.72s
2026-09-18T10:21:00.5208350Z 
2026-09-18T10:21:00.5208494Z Run npm run preview to preview your production build locally.
2026-09-18T10:21:00.5208637Z 
2026-09-18T10:21:00.5208726Z > Using @sveltejs/adapter-static
2026-09-18T10:21:00.8841488Z   Wrote site to "build"
2026-09-18T10:21:00.8842147Z   ✔ done
2026-09-18T10:21:01.0344504Z Verified console manifest: 413 assets
2026-09-18T10:21:01.0478726Z make[1]: Leaving directory '/home/runner/work/olp/olp'
2026-09-18T10:21:01.1391266Z {"migration":"complete"}
2026-09-18T10:21:01.1528177Z Unable to find image 'valkey/valkey:9-alpine' locally
2026-09-18T10:21:01.6478524Z 9-alpine: Pulling from valkey/valkey
2026-09-18T10:21:01.8209739Z 55afa1ecc21d: Already exists
2026-09-18T10:21:01.8226649Z f13fe725a748: Pulling fs layer
2026-09-18T10:21:01.8227000Z 7088823af441: Pulling fs layer
2026-09-18T10:21:01.8227282Z b5fbcda668fd: Pulling fs layer
2026-09-18T10:21:01.8227457Z 02a7ff0006b0: Pulling fs layer
2026-09-18T10:21:01.8227615Z 4f4fb700ef54: Pulling fs layer
2026-09-18T10:21:01.8227773Z 3a31f694eab2: Pulling fs layer
2026-09-18T10:21:01.8227913Z 02a7ff0006b0: Waiting
2026-09-18T10:21:01.8228045Z 4f4fb700ef54: Waiting
2026-09-18T10:21:01.8228173Z 3a31f694eab2: Waiting
2026-09-18T10:21:01.9883688Z f13fe725a748: Verifying Checksum
2026-09-18T10:21:01.9884073Z f13fe725a748: Download complete
2026-09-18T10:21:02.0790887Z 7088823af441: Verifying Checksum
2026-09-18T10:21:02.0791310Z 7088823af441: Download complete
2026-09-18T10:21:02.0882425Z b5fbcda668fd: Verifying Checksum
2026-09-18T10:21:02.0882869Z b5fbcda668fd: Download complete
2026-09-18T10:21:02.1181593Z 02a7ff0006b0: Verifying Checksum
2026-09-18T10:21:02.1181858Z 02a7ff0006b0: Download complete
2026-09-18T10:21:02.2213765Z 3a31f694eab2: Verifying Checksum
2026-09-18T10:21:02.2214042Z 3a31f694eab2: Download complete
2026-09-18T10:21:02.2490983Z 4f4fb700ef54: Verifying Checksum
2026-09-18T10:21:02.2491241Z 4f4fb700ef54: Download complete
2026-09-18T10:21:04.5289703Z f13fe725a748: Pull complete
2026-09-18T10:21:04.6965923Z 7088823af441: Pull complete
2026-09-18T10:21:04.9986010Z b5fbcda668fd: Pull complete
2026-09-18T10:21:05.0066132Z 02a7ff0006b0: Pull complete
2026-09-18T10:21:05.0129089Z 4f4fb700ef54: Pull complete
2026-09-18T10:21:05.0205542Z 3a31f694eab2: Pull complete
2026-09-18T10:21:05.0241392Z Digest: sha256:a0dbf4c1d5708782907c10e2c72deff317518518b5288a58416981d9db95d30b
2026-09-18T10:21:05.0253263Z Status: Downloaded newer image for valkey/valkey:9-alpine
2026-09-18T10:27:31.8446966Z === RUN   TestConcurrentOwnerChangesKeepUsableAuthority
2026-09-18T10:27:31.8447549Z --- PASS: TestConcurrentOwnerChangesKeepUsableAuthority (1.84s)
2026-09-18T10:27:31.8448087Z === RUN   TestInterruptedRotationResumesAndRejectsStaleWriters
2026-09-18T10:27:31.8448648Z 2026/09/18 10:21:55 ERROR management request failed error_type=*errors.errorString
2026-09-18T10:27:31.8449229Z --- PASS: TestInterruptedRotationResumesAndRejectsStaleWriters (0.52s)
2026-09-18T10:27:31.8449765Z === RUN   TestFailedMigrationLeavesNoPartialInstallationAndRecovers
2026-09-18T10:27:31.8450326Z --- PASS: TestFailedMigrationLeavesNoPartialInstallationAndRecovers (0.18s)
2026-09-18T10:27:31.8450790Z === RUN   TestAPIKeyRouteAllowlistsRejectNull
2026-09-18T10:27:31.8451178Z === RUN   TestAPIKeyRouteAllowlistsRejectNull/omitted
2026-09-18T10:27:31.8451564Z === RUN   TestAPIKeyRouteAllowlistsRejectNull/empty
2026-09-18T10:27:31.8452038Z === RUN   TestAPIKeyRouteAllowlistsRejectNull/restricted
2026-09-18T10:27:31.8452450Z --- PASS: TestAPIKeyRouteAllowlistsRejectNull (0.50s)
2026-09-18T10:27:31.8453180Z     --- PASS: TestAPIKeyRouteAllowlistsRejectNull/omitted (0.01s)
2026-09-18T10:27:31.8453652Z     --- PASS: TestAPIKeyRouteAllowlistsRejectNull/empty (0.01s)
2026-09-18T10:27:31.8454109Z     --- PASS: TestAPIKeyRouteAllowlistsRejectNull/restricted (0.01s)
2026-09-18T10:27:31.8454520Z === RUN   TestAccessTransactionsReplayAndSecretSafety
2026-09-18T10:27:31.8454925Z --- PASS: TestAccessTransactionsReplayAndSecretSafety (1.02s)
2026-09-18T10:27:31.8455412Z === RUN   TestConcurrentSetupInvitationsAndPasswordSessionTransitions
2026-09-18T10:27:31.8455989Z --- PASS: TestConcurrentSetupInvitationsAndPasswordSessionTransitions (3.39s)
2026-09-18T10:27:31.8456542Z === RUN   TestFreshMigrationsIsolationPrivilegesAndRotationCLI
2026-09-18T10:27:31.8457047Z --- PASS: TestFreshMigrationsIsolationPrivilegesAndRotationCLI (0.93s)
2026-09-18T10:27:31.8457517Z === RUN   TestAccountingRejectsConcurrentIdentityReuse
2026-09-18T10:27:31.8457997Z === RUN   TestAccountingRejectsConcurrentIdentityReuse/event
2026-09-18T10:27:31.8458426Z === RUN   TestAccountingRejectsConcurrentIdentityReuse/request
2026-09-18T10:27:31.8458867Z --- PASS: TestAccountingRejectsConcurrentIdentityReuse (0.29s)
2026-09-18T10:27:31.8459382Z     --- PASS: TestAccountingRejectsConcurrentIdentityReuse/event (0.15s)
2026-09-18T10:27:31.8459914Z     --- PASS: TestAccountingRejectsConcurrentIdentityReuse/request (0.14s)
2026-09-18T10:27:31.8460371Z === RUN   TestAccountingDoesNotHideChangedPayloadBehindFacts
2026-09-18T10:27:31.8460838Z --- PASS: TestAccountingDoesNotHideChangedPayloadBehindFacts (0.13s)
2026-09-18T10:27:31.8461293Z === RUN   TestReceiptsProtectRequestsWithNoRemainingFacts
2026-09-18T10:27:31.8461744Z --- PASS: TestReceiptsProtectRequestsWithNoRemainingFacts (0.13s)
2026-09-18T10:27:31.8462181Z === RUN   TestRequestFiltersSurviveUsageFactRetention
2026-09-18T10:27:31.8462614Z --- PASS: TestRequestFiltersSurviveUsageFactRetention (0.13s)
2026-09-18T10:27:31.8463159Z === RUN   TestPricingUsesTheRecordedRevisionVendor
2026-09-18T10:27:31.8463583Z --- PASS: TestPricingUsesTheRecordedRevisionVendor (0.13s)
2026-09-18T10:27:31.8463995Z === RUN   TestExpiredEventGapCoversItsHistoricalWindow
2026-09-18T10:27:31.8464428Z --- PASS: TestExpiredEventGapCoversItsHistoricalWindow (0.13s)
2026-09-18T10:27:31.8464884Z === RUN   TestAccountingPersistsPricedAttemptsAndIsReplaySafe
2026-09-18T10:27:31.8465342Z === PAUSE TestAccountingPersistsPricedAttemptsAndIsReplaySafe
2026-09-18T10:27:31.8465784Z === RUN   TestAccountingRejectsEventsOutsideTheReplayWindow
2026-09-18T10:27:31.8466220Z === PAUSE TestAccountingRejectsEventsOutsideTheReplayWindow
2026-09-18T10:27:31.8466588Z === RUN   TestAccountingPricingProvenance
2026-09-18T10:27:31.8466899Z === PAUSE TestAccountingPricingProvenance
2026-09-18T10:27:31.8467319Z === RUN   TestAccountingRefusesToPriceCachedTokensWithoutTheirTotal
2026-09-18T10:27:31.8468300Z === PAUSE TestAccountingRefusesToPriceCachedTokensWithoutTheirTotal
2026-09-18T10:27:31.8468760Z === RUN   TestOutstandingInvitationsLoseIssuerAuthority
2026-09-18T10:27:31.8469197Z --- PASS: TestOutstandingInvitationsLoseIssuerAuthority (1.57s)
2026-09-18T10:27:31.8469682Z === RUN   TestRequestMetadataConsumerDrainsTheGroupAcrossWorkers
2026-09-18T10:27:31.8470164Z === PAUSE TestRequestMetadataConsumerDrainsTheGroupAcrossWorkers
2026-09-18T10:27:31.8470659Z === RUN   TestRequestMetadataConsumerReclaimsADeadOwnersDeliveries
2026-09-18T10:27:31.8472145Z === PAUSE TestRequestMetadataConsumerReclaimsADeadOwnersDeliveries
2026-09-18T10:27:31.8472667Z === RUN   TestRequestMetadataConsumerRecordsUnusableDeliveriesAsGaps
2026-09-18T10:27:31.8473279Z === PAUSE TestRequestMetadataConsumerRecordsUnusableDeliveriesAsGaps
2026-09-18T10:27:31.8473983Z === RUN   TestRequestMetadataConsumerLeavesUnsupportedVersionsPending
2026-09-18T10:27:31.8474509Z === PAUSE TestRequestMetadataConsumerLeavesUnsupportedVersionsPending
2026-09-18T10:27:31.8475051Z === RUN   TestRequestMetadataConsumerReplaysACommittedEventAsADuplicate
2026-09-18T10:27:31.8475583Z === PAUSE TestRequestMetadataConsumerReplaysACommittedEventAsADuplicate
2026-09-18T10:27:31.8476100Z === RUN   TestRequestMetadataConsumerRebuildsAGroupLostWithItsStream
2026-09-18T10:27:31.8476604Z === PAUSE TestRequestMetadataConsumerRebuildsAGroupLostWithItsStream
2026-09-18T10:27:31.8477075Z === RUN   TestLargeCredentialPoolWritesReplayOriginalResponse
2026-09-18T10:27:31.8477554Z --- PASS: TestLargeCredentialPoolWritesReplayOriginalResponse (0.58s)
2026-09-18T10:27:31.8478143Z === RUN   TestCustomHeaderAuthenticationAndSimulationMatchLiveCredentialRestrictions
2026-09-18T10:27:31.8478866Z     credential_routing_test.go:110: route excluded
2026-09-18T10:27:31.8479247Z     credential_routing_test.go:110: route allowed
2026-09-18T10:27:31.8479607Z     credential_routing_test.go:110: model excluded
2026-09-18T10:27:31.8479968Z     credential_routing_test.go:110: model allowed
2026-09-18T10:27:31.8480317Z     credential_routing_test.go:110: key excluded
2026-09-18T10:27:31.8480686Z     credential_routing_test.go:110: key allowed
2026-09-18T10:27:31.8481031Z     credential_routing_test.go:110: unrestricted
2026-09-18T10:27:31.8481585Z --- PASS: TestCustomHeaderAuthenticationAndSimulationMatchLiveCredentialRestrictions (2.13s)
2026-09-18T10:27:31.8482140Z === RUN   TestGatewayEpochCheckpointsBufferLossExactly
2026-09-18T10:27:31.8482533Z === PAUSE TestGatewayEpochCheckpointsBufferLossExactly
2026-09-18T10:27:31.8483431Z === RUN   TestGatewayEpochGracefulCloseIsIdempotentAndFinal
2026-09-18T10:27:31.8483859Z === PAUSE TestGatewayEpochGracefulCloseIsIdempotentAndFinal
2026-09-18T10:27:31.8484333Z === RUN   TestGatewayEpochSupersededByANewProcessIsRecordedAsUnclean
2026-09-18T10:27:31.8484841Z === PAUSE TestGatewayEpochSupersededByANewProcessIsRecordedAsUnclean
2026-09-18T10:27:31.8485316Z === RUN   TestGatewayEpochDetectionConfirmsEachStaleEpochOnce
2026-09-18T10:27:31.8485762Z === PAUSE TestGatewayEpochDetectionConfirmsEachStaleEpochOnce
2026-09-18T10:27:31.8486162Z === RUN   TestRequestMetadataGapsAreReportedOnlyOnce
2026-09-18T10:27:31.8486535Z === PAUSE TestRequestMetadataGapsAreReportedOnlyOnce
2026-09-18T10:27:31.8486897Z === RUN   TestConsumerHealthKeepsTheFreshestSample
2026-09-18T10:27:31.8487253Z === PAUSE TestConsumerHealthKeepsTheFreshestSample
2026-09-18T10:27:31.8487576Z === RUN   TestGatewayEnforcesKeyBudgets
2026-09-18T10:27:31.8487924Z === RUN   TestGatewayEnforcesKeyBudgets/requests_per_minute
2026-09-18T10:27:31.8488392Z === RUN   TestGatewayEnforcesKeyBudgets/a_request_larger_than_the_token_window
2026-09-18T10:27:31.8489009Z === RUN   TestGatewayEnforcesKeyBudgets/concurrency_is_held_for_the_request_and_returned_after_it
2026-09-18T10:27:31.8489600Z === RUN   TestGatewayEnforcesKeyBudgets/a_client_that_hangs_up_returns_its_slot
2026-09-18T10:27:31.8490175Z === RUN   TestGatewayEnforcesKeyBudgets/a_cost_budget_is_only_spent_against_a_known_balance
2026-09-18T10:27:31.8490888Z --- PASS: TestGatewayEnforcesKeyBudgets (1.54s)
2026-09-18T10:27:31.8491327Z     --- PASS: TestGatewayEnforcesKeyBudgets/requests_per_minute (0.01s)
2026-09-18T10:27:31.8491950Z     --- PASS: TestGatewayEnforcesKeyBudgets/a_request_larger_than_the_token_window (0.01s)
2026-09-18T10:27:31.8492896Z     --- PASS: TestGatewayEnforcesKeyBudgets/concurrency_is_held_for_the_request_and_returned_after_it (1.02s)
2026-09-18T10:27:31.8493659Z     --- PASS: TestGatewayEnforcesKeyBudgets/a_client_that_hangs_up_returns_its_slot (0.03s)
2026-09-18T10:27:31.8494416Z     --- PASS: TestGatewayEnforcesKeyBudgets/a_cost_budget_is_only_spent_against_a_known_balance (0.01s)
2026-09-18T10:27:31.8494941Z === RUN   TestGatewayEnforcesProviderQuotas
2026-09-18T10:27:31.8495313Z --- PASS: TestGatewayEnforcesProviderQuotas (0.51s)
2026-09-18T10:27:31.8495733Z === RUN   TestGatewayRefundsRequestsThatReachedNoProvider
2026-09-18T10:27:31.8496215Z --- PASS: TestGatewayRefundsRequestsThatReachedNoProvider (0.60s)
2026-09-18T10:27:31.8496626Z === RUN   TestGatewayLimitOutagePolicy
2026-09-18T10:27:31.8496962Z --- PASS: TestGatewayLimitOutagePolicy (0.61s)
2026-09-18T10:27:31.8497347Z === RUN   TestCapabilitiesReportConfiguredEnforcement
2026-09-18T10:27:31.8497788Z --- PASS: TestCapabilitiesReportConfiguredEnforcement (0.69s)
2026-09-18T10:27:31.8498230Z === RUN   TestGatewayFromEmptyInstallationToSDKTraffic
2026-09-18T10:27:31.8498683Z --- PASS: TestGatewayFromEmptyInstallationToSDKTraffic (1.80s)
2026-09-18T10:27:31.8499115Z === RUN   TestAPIKeyListingsPreserveIntegerPrecision
2026-09-18T10:27:31.8499552Z --- PASS: TestAPIKeyListingsPreserveIntegerPrecision (0.71s)
2026-09-18T10:27:31.8499963Z === RUN   TestAPIKeyBudgetAndTokenLimitContract
2026-09-18T10:27:31.8500360Z --- PASS: TestAPIKeyBudgetAndTokenLimitContract (0.57s)
2026-09-18T10:27:31.8500807Z === RUN   TestExpiredKeyCreationStillReplaysItsOriginalResult
2026-09-18T10:27:31.8501320Z --- PASS: TestExpiredKeyCreationStillReplaysItsOriginalResult (3.51s)
2026-09-18T10:27:31.8501762Z === RUN   TestAPIKeyBudgetReportsLiveSpend
2026-09-18T10:27:31.8502127Z --- PASS: TestAPIKeyBudgetReportsLiveSpend (0.92s)
2026-09-18T10:27:31.8502491Z === RUN   TestAPIKeyBudgetWithoutEnforcement
2026-09-18T10:27:31.8502958Z --- PASS: TestAPIKeyBudgetWithoutEnforcement (0.55s)
2026-09-18T10:27:31.8503333Z === RUN   TestWrongTypeLimitStateIsNotAnOutage
2026-09-18T10:27:31.8503723Z --- PASS: TestWrongTypeLimitStateIsNotAnOutage (0.00s)
2026-09-18T10:27:31.8504128Z === RUN   TestProviderUsageRejectsMalformedCounters
2026-09-18T10:27:31.8504553Z --- PASS: TestProviderUsageRejectsMalformedCounters (0.00s)
2026-09-18T10:27:31.8504978Z === RUN   TestProviderConcurrencyCoversTheWholeStream
2026-09-18T10:27:31.8505411Z --- PASS: TestProviderConcurrencyCoversTheWholeStream (3.10s)
2026-09-18T10:27:31.8505932Z === RUN   TestLimitsRefundsAreIdempotentAndCannotChangeASuccessorWindow
2026-09-18T10:27:31.8506540Z --- PASS: TestLimitsRefundsAreIdempotentAndCannotChangeASuccessorWindow (0.01s)
2026-09-18T10:27:31.8507028Z === RUN   TestLimitsServerTimeUnifiesCallers
2026-09-18T10:27:31.8507395Z --- PASS: TestLimitsServerTimeUnifiesCallers (0.01s)
2026-09-18T10:27:31.8507871Z === RUN   TestLimitsMinuteRolloverResetsOnceAndRetryMatchesServerWindow
2026-09-18T10:27:31.8508470Z --- PASS: TestLimitsMinuteRolloverResetsOnceAndRetryMatchesServerWindow (0.00s)
2026-09-18T10:27:31.8508981Z === RUN   TestLimitsRetryStaysPositiveNearTheMinuteEnd
2026-09-18T10:27:31.8509431Z --- PASS: TestLimitsRetryStaysPositiveNearTheMinuteEnd (36.86s)
2026-09-18T10:27:31.8509834Z === RUN   TestLimitsRejectionsConsumeNothing
2026-09-18T10:27:31.8510196Z === RUN   TestLimitsRejectionsConsumeNothing/requests
2026-09-18T10:27:31.8510569Z === RUN   TestLimitsRejectionsConsumeNothing/tokens
2026-09-18T10:27:31.8510960Z === RUN   TestLimitsRejectionsConsumeNothing/concurrency
2026-09-18T10:27:31.8511353Z --- PASS: TestLimitsRejectionsConsumeNothing (1.20s)
2026-09-18T10:27:31.8511807Z     --- PASS: TestLimitsRejectionsConsumeNothing/requests (1.20s)
2026-09-18T10:27:31.8512572Z     --- PASS: TestLimitsRejectionsConsumeNothing/tokens (0.00s)
2026-09-18T10:27:31.8513162Z     --- PASS: TestLimitsRejectionsConsumeNothing/concurrency (0.00s)
2026-09-18T10:27:31.8513616Z === RUN   TestLimitsTokenReconciliationMatchesActualUsage
2026-09-18T10:27:31.8514081Z --- PASS: TestLimitsTokenReconciliationMatchesActualUsage (0.00s)
2026-09-18T10:27:31.8514565Z === RUN   TestLimitsTokenReconciliationDoesNotTouchANewWindow
2026-09-18T10:27:31.8515064Z --- PASS: TestLimitsTokenReconciliationDoesNotTouchANewWindow (0.00s)
2026-09-18T10:27:31.8515561Z === RUN   TestLimitsConcurrencyExpiryAndReleaseUseServerState
2026-09-18T10:27:31.8516062Z --- PASS: TestLimitsConcurrencyExpiryAndReleaseUseServerState (0.00s)
2026-09-18T10:27:31.8516519Z === RUN   TestLimitsUnlimitedDimensionsCreateNoState
2026-09-18T10:27:31.8516943Z --- PASS: TestLimitsUnlimitedDimensionsCreateNoState (0.00s)
2026-09-18T10:27:31.8517410Z === RUN   TestLimitsMalformedRateStateFailsClosedBeforeMutation
2026-09-18T10:27:31.8517939Z --- PASS: TestLimitsMalformedRateStateFailsClosedBeforeMutation (0.00s)
2026-09-18T10:27:31.8518476Z === RUN   TestLimitsCountersRetainExactBehaviorAtTheLuaSafeMaximum
2026-09-18T10:27:31.8519033Z --- PASS: TestLimitsCountersRetainExactBehaviorAtTheLuaSafeMaximum (0.00s)
2026-09-18T10:27:31.8519585Z === RUN   TestLimitsTokenReconciliationSaturatesAtTheLuaSafeMaximum
2026-09-18T10:27:31.8520147Z --- PASS: TestLimitsTokenReconciliationSaturatesAtTheLuaSafeMaximum (0.00s)
2026-09-18T10:27:31.8520658Z === RUN   TestLimitsConcurrentReplicasEnforceOneAtomicLimit
2026-09-18T10:27:31.8521143Z --- PASS: TestLimitsConcurrentReplicasEnforceOneAtomicLimit (0.00s)
2026-09-18T10:27:31.8521578Z === RUN   TestLimitsCooldownsKeepTheLongestExpiry
2026-09-18T10:27:31.8521981Z --- PASS: TestLimitsCooldownsKeepTheLongestExpiry (0.00s)
2026-09-18T10:27:31.8522471Z === RUN   TestLimitsProviderSlotsShareQuotaAndCooldownsAcrossGateways
2026-09-18T10:27:31.8523261Z --- PASS: TestLimitsProviderSlotsShareQuotaAndCooldownsAcrossGateways (0.00s)
2026-09-18T10:27:31.8523774Z === RUN   TestLimitsCostBudgetsFailClosedUntilReconciled
2026-09-18T10:27:31.8524227Z --- PASS: TestLimitsCostBudgetsFailClosedUntilReconciled (0.01s)
2026-09-18T10:27:31.8524721Z === RUN   TestLimitsMonthlyBudgetExhaustionRejectsWithItsOwnWindow
2026-09-18T10:27:31.8525264Z --- PASS: TestLimitsMonthlyBudgetExhaustionRejectsWithItsOwnWindow (0.00s)
2026-09-18T10:27:31.8525740Z === RUN   TestLimitsDurableSpendReconcilesIntoValkey
2026-09-18T10:27:31.8526164Z --- PASS: TestLimitsDurableSpendReconcilesIntoValkey (0.25s)
2026-09-18T10:27:31.8526572Z === RUN   TestLimitsOutagePolicyIsReadFromSettings
2026-09-18T10:27:31.8526978Z --- PASS: TestLimitsOutagePolicyIsReadFromSettings (0.12s)
2026-09-18T10:27:31.8527412Z === RUN   TestLimitsCostReconciliationLeadershipIsExclusive
2026-09-18T10:27:31.8527895Z --- PASS: TestLimitsCostReconciliationLeadershipIsExclusive (0.17s)
2026-09-18T10:27:31.8528359Z === RUN   TestLimitsBudgetWindowsIgnoreTheSessionTimeZone
2026-09-18T10:27:31.8528869Z === RUN   TestLimitsBudgetWindowsIgnoreTheSessionTimeZone/new_york_month_end
2026-09-18T10:27:31.8529466Z === RUN   TestLimitsBudgetWindowsIgnoreTheSessionTimeZone/new_york_daylight_saving
2026-09-18T10:27:31.8530049Z === RUN   TestLimitsBudgetWindowsIgnoreTheSessionTimeZone/berlin_month_end
2026-09-18T10:27:31.8530627Z === RUN   TestLimitsBudgetWindowsIgnoreTheSessionTimeZone/berlin_daylight_saving
2026-09-18T10:27:31.8531181Z === RUN   TestLimitsBudgetWindowsIgnoreTheSessionTimeZone/new_york_now
2026-09-18T10:27:31.8531693Z === RUN   TestLimitsBudgetWindowsIgnoreTheSessionTimeZone/berlin_now
2026-09-18T10:27:31.8532193Z --- PASS: TestLimitsBudgetWindowsIgnoreTheSessionTimeZone (0.18s)
2026-09-18T10:27:31.8532905Z     --- PASS: TestLimitsBudgetWindowsIgnoreTheSessionTimeZone/new_york_month_end (0.02s)
2026-09-18T10:27:31.8533628Z     --- PASS: TestLimitsBudgetWindowsIgnoreTheSessionTimeZone/new_york_daylight_saving (0.01s)
2026-09-18T10:27:31.8534528Z     --- PASS: TestLimitsBudgetWindowsIgnoreTheSessionTimeZone/berlin_month_end (0.01s)
2026-09-18T10:27:31.8535223Z     --- PASS: TestLimitsBudgetWindowsIgnoreTheSessionTimeZone/berlin_daylight_saving (0.01s)
2026-09-18T10:27:31.8535893Z     --- PASS: TestLimitsBudgetWindowsIgnoreTheSessionTimeZone/new_york_now (0.01s)
2026-09-18T10:27:31.8536516Z     --- PASS: TestLimitsBudgetWindowsIgnoreTheSessionTimeZone/berlin_now (0.01s)
2026-09-18T10:27:31.8536978Z === RUN   TestM4SharedValkeyIsolatesInstallations
2026-09-18T10:27:31.8537376Z --- PASS: TestM4SharedValkeyIsolatesInstallations (6.39s)
2026-09-18T10:27:31.8537765Z === RUN   TestM4ReplicasShareOneAdmissionDecision
2026-09-18T10:27:31.8538298Z === RUN   TestM4ReplicasShareOneAdmissionDecision/a_request_window_is_spent_across_replicas
2026-09-18T10:27:31.8538994Z === RUN   TestM4ReplicasShareOneAdmissionDecision/a_concurrency_slot_is_held_against_every_replica
2026-09-18T10:27:31.8539560Z --- PASS: TestM4ReplicasShareOneAdmissionDecision (2.12s)
2026-09-18T10:27:31.8540214Z     --- PASS: TestM4ReplicasShareOneAdmissionDecision/a_request_window_is_spent_across_replicas (0.01s)
2026-09-18T10:27:31.8541033Z     --- PASS: TestM4ReplicasShareOneAdmissionDecision/a_concurrency_slot_is_held_against_every_replica (1.51s)
2026-09-18T10:27:31.8541591Z === RUN   TestM4AccountingIsDurableAcrossReplicas
2026-09-18T10:27:31.8541989Z --- PASS: TestM4AccountingIsDurableAcrossReplicas (0.98s)
2026-09-18T10:27:31.8542428Z === RUN   TestM4CrashBeforeAcknowledgementReplaysAsDuplicate
2026-09-18T10:27:31.8543013Z --- PASS: TestM4CrashBeforeAcknowledgementReplaysAsDuplicate (1.33s)
2026-09-18T10:27:31.8543508Z === RUN   TestM4PendingDeliveriesAreReclaimedAfterAWorkerIsLost
2026-09-18T10:27:31.8544024Z --- PASS: TestM4PendingDeliveriesAreReclaimedAfterAWorkerIsLost (31.07s)
2026-09-18T10:27:31.8544550Z === RUN   TestM4ReconciliationLeadershipIsScopedToTheInstallation
2026-09-18T10:27:31.8545088Z --- PASS: TestM4ReconciliationLeadershipIsScopedToTheInstallation (0.32s)
2026-09-18T10:27:31.8545566Z === RUN   TestM4CostReconciliationSurvivesLeaderLoss
2026-09-18T10:27:31.8545993Z --- PASS: TestM4CostReconciliationSurvivesLeaderLoss (60.66s)
2026-09-18T10:27:31.8546398Z === RUN   TestM4BudgetsRecoverFromLostSpendState
2026-09-18T10:27:31.8546795Z --- PASS: TestM4BudgetsRecoverFromLostSpendState (0.53s)
2026-09-18T10:27:31.8547219Z === RUN   TestM4GatewayEpochsRecordAndResolveLostReplicas
2026-09-18T10:27:31.8547697Z --- PASS: TestM4GatewayEpochsRecordAndResolveLostReplicas (80.68s)
2026-09-18T10:27:31.8548224Z === RUN   TestRotationAuthenticatesEveryDestinationSecretBeforeWriting
2026-09-18T10:27:31.8548907Z === RUN   TestRotationAuthenticatesEveryDestinationSecretBeforeWriting/replacement_destination_key
2026-09-18T10:27:31.8549684Z === RUN   TestRotationAuthenticatesEveryDestinationSecretBeforeWriting/mixed_destination_keys
2026-09-18T10:27:31.8550500Z === RUN   TestRotationAuthenticatesEveryDestinationSecretBeforeWriting/tampered_expired_destination
2026-09-18T10:27:31.8551030Z === RUN   TestRotationAuthenticatesEveryDestinationSecretBeforeWriting/completed_rotation_with_replacement_key
2026-09-18T10:27:31.8551985Z === RUN   TestRotationAuthenticatesEveryDestinationSecretBeforeWriting/destination_exists_before_version_advances
2026-09-18T10:27:31.8552856Z --- PASS: TestRotationAuthenticatesEveryDestinationSecretBeforeWriting (1.77s)
2026-09-18T10:27:31.8553691Z     --- PASS: TestRotationAuthenticatesEveryDestinationSecretBeforeWriting/replacement_destination_key (0.28s)
2026-09-18T10:27:31.8554625Z     --- PASS: TestRotationAuthenticatesEveryDestinationSecretBeforeWriting/mixed_destination_keys (0.28s)
2026-09-18T10:27:31.8555553Z     --- PASS: TestRotationAuthenticatesEveryDestinationSecretBeforeWriting/tampered_expired_destination (0.29s)
2026-09-18T10:27:31.8556526Z     --- PASS: TestRotationAuthenticatesEveryDestinationSecretBeforeWriting/completed_rotation_with_replacement_key (0.62s)
2026-09-18T10:27:31.8557554Z     --- PASS: TestRotationAuthenticatesEveryDestinationSecretBeforeWriting/destination_exists_before_version_advances (0.30s)
2026-09-18T10:27:31.8558479Z === RUN   TestStartupAuthenticatesEveryStoredSecret
2026-09-18T10:27:31.8558927Z === RUN   TestStartupAuthenticatesEveryStoredSecret/matching_keys
2026-09-18T10:27:31.8559432Z === RUN   TestStartupAuthenticatesEveryStoredSecret/replaced_active_key
2026-09-18T10:27:31.8559964Z === RUN   TestStartupAuthenticatesEveryStoredSecret/replaced_old_key
2026-09-18T10:27:31.8560451Z === RUN   TestStartupAuthenticatesEveryStoredSecret/missing_old_key
2026-09-18T10:27:31.8561015Z === RUN   TestStartupAuthenticatesEveryStoredSecret/mixed_material_under_one_version
2026-09-18T10:27:31.8561623Z === RUN   TestStartupAuthenticatesEveryStoredSecret/tampered_expired_record
2026-09-18T10:27:31.8562121Z --- PASS: TestStartupAuthenticatesEveryStoredSecret (2.60s)
2026-09-18T10:27:31.8562677Z     --- PASS: TestStartupAuthenticatesEveryStoredSecret/matching_keys (0.40s)
2026-09-18T10:27:31.8563467Z     --- PASS: TestStartupAuthenticatesEveryStoredSecret/replaced_active_key (0.38s)
2026-09-18T10:27:31.8564107Z     --- PASS: TestStartupAuthenticatesEveryStoredSecret/replaced_old_key (0.61s)
2026-09-18T10:27:31.8564712Z     --- PASS: TestStartupAuthenticatesEveryStoredSecret/missing_old_key (0.40s)
2026-09-18T10:27:31.8565424Z     --- PASS: TestStartupAuthenticatesEveryStoredSecret/mixed_material_under_one_version (0.41s)
2026-09-18T10:27:31.8566866Z     --- PASS: TestStartupAuthenticatesEveryStoredSecret/tampered_expired_record (0.39s)
2026-09-18T10:27:31.8567386Z === RUN   TestMigrationDDLFailureRollsBackAndRecovers
2026-09-18T10:27:31.8567826Z --- PASS: TestMigrationDDLFailureRollsBackAndRecovers (0.12s)
2026-09-18T10:27:31.8568276Z === RUN   TestPopulatedInstallationAppliesForwardMigration
2026-09-18T10:27:31.8568752Z --- PASS: TestPopulatedInstallationAppliesForwardMigration (0.43s)
2026-09-18T10:27:31.8569186Z === RUN   TestMigrationRejectsNonSequentialHistory
2026-09-18T10:27:31.8569591Z --- PASS: TestMigrationRejectsNonSequentialHistory (0.26s)
2026-09-18T10:27:31.8570124Z === RUN   TestMountedDefaultsServeWithoutMasterKeyAndKeepPublishedOwnership
2026-09-18T10:27:31.8570820Z --- PASS: TestMountedDefaultsServeWithoutMasterKeyAndKeepPublishedOwnership (0.48s)
2026-09-18T10:27:31.8571423Z === RUN   TestOIDCClientChangeRequiresAnIndependentOwnerSignIn
2026-09-18T10:27:31.8571936Z --- PASS: TestOIDCClientChangeRequiresAnIndependentOwnerSignIn (0.98s)
2026-09-18T10:27:31.8572337Z === RUN   TestOIDCConfigurationCanDisableUnavailableProvider
2026-09-18T10:27:31.8572631Z --- PASS: TestOIDCConfigurationCanDisableUnavailableProvider (0.59s)
2026-09-18T10:27:31.8573118Z === RUN   TestOIDCDisableUnavailableProviderPreservesLastUsableOwner
2026-09-18T10:27:31.8573452Z --- PASS: TestOIDCDisableUnavailableProviderPreservesLastUsableOwner (0.54s)
2026-09-18T10:27:31.8573796Z === RUN   TestOIDCConfigurationRejectsPrivateAdvertisedEndpoints
2026-09-18T10:27:31.8574346Z === RUN   TestOIDCConfigurationRejectsPrivateAdvertisedEndpoints/issuer
2026-09-18T10:27:31.8574961Z === RUN   TestOIDCConfigurationRejectsPrivateAdvertisedEndpoints/authorization_endpoint
2026-09-18T10:27:31.8575581Z === RUN   TestOIDCConfigurationRejectsPrivateAdvertisedEndpoints/token_endpoint
2026-09-18T10:27:31.8576151Z === RUN   TestOIDCConfigurationRejectsPrivateAdvertisedEndpoints/jwks_uri
2026-09-18T10:27:31.8576704Z --- PASS: TestOIDCConfigurationRejectsPrivateAdvertisedEndpoints (1.75s)
2026-09-18T10:27:31.8577335Z     --- PASS: TestOIDCConfigurationRejectsPrivateAdvertisedEndpoints/issuer (0.42s)
2026-09-18T10:27:31.8578098Z     --- PASS: TestOIDCConfigurationRejectsPrivateAdvertisedEndpoints/authorization_endpoint (0.41s)
2026-09-18T10:27:31.8578884Z     --- PASS: TestOIDCConfigurationRejectsPrivateAdvertisedEndpoints/token_endpoint (0.47s)
2026-09-18T10:27:31.8579604Z     --- PASS: TestOIDCConfigurationRejectsPrivateAdvertisedEndpoints/jwks_uri (0.44s)
2026-09-18T10:27:31.8580137Z === RUN   TestOIDCConfigurationPreservesTheLastMappedOwner
2026-09-18T10:27:31.8580629Z === RUN   TestOIDCConfigurationPreservesTheLastMappedOwner/default
2026-09-18T10:27:31.8581381Z === RUN   TestOIDCConfigurationPreservesTheLastMappedOwner/email
2026-09-18T10:27:31.8581876Z === RUN   TestOIDCConfigurationPreservesTheLastMappedOwner/groups
2026-09-18T10:27:31.8582350Z --- PASS: TestOIDCConfigurationPreservesTheLastMappedOwner (2.57s)
2026-09-18T10:27:31.8583066Z     --- PASS: TestOIDCConfigurationPreservesTheLastMappedOwner/default (0.99s)
2026-09-18T10:27:31.8583656Z     --- PASS: TestOIDCConfigurationPreservesTheLastMappedOwner/email (0.51s)
2026-09-18T10:27:31.8584251Z     --- PASS: TestOIDCConfigurationPreservesTheLastMappedOwner/groups (1.07s)
2026-09-18T10:27:31.8584775Z === RUN   TestOIDCSecretRemovalRequiresAnIndependentOwnerSignIn
2026-09-18T10:27:31.8585285Z --- PASS: TestOIDCSecretRemovalRequiresAnIndependentOwnerSignIn (0.77s)
2026-09-18T10:27:31.8585767Z === RUN   TestConcurrentOIDCConsumptionAndIdentityLinking
2026-09-18T10:27:31.8586268Z --- PASS: TestConcurrentOIDCConsumptionAndIdentityLinking (1.31s)
2026-09-18T10:27:31.8586755Z === RUN   TestOIDCRoleSyncRetiresSessionsAndOutstandingGrants
2026-09-18T10:27:31.8587264Z --- PASS: TestOIDCRoleSyncRetiresSessionsAndOutstandingGrants (0.65s)
2026-09-18T10:27:31.8587760Z === RUN   TestOIDCScopeReductionRequiresAnIndependentOwnerSignIn
2026-09-18T10:27:31.8588292Z --- PASS: TestOIDCScopeReductionRequiresAnIndependentOwnerSignIn (0.78s)
2026-09-18T10:27:31.8588845Z === RUN   TestOIDCSecretReplacementRequiresFreshOwnerSignIn
2026-09-18T10:27:31.8589317Z --- PASS: TestOIDCSecretReplacementRequiresFreshOwnerSignIn (0.75s)
2026-09-18T10:27:31.8589787Z === RUN   TestOIDCDiscoverySelectsTokenAuthentication
2026-09-18T10:27:31.8590274Z === RUN   TestOIDCDiscoverySelectsTokenAuthentication/omitted_defaults_to_basic
2026-09-18T10:27:31.8590798Z === RUN   TestOIDCDiscoverySelectsTokenAuthentication/basic
2026-09-18T10:27:31.8591086Z === RUN   TestOIDCDiscoverySelectsTokenAuthentication/post
2026-09-18T10:27:31.8591430Z === RUN   TestOIDCDiscoverySelectsTokenAuthentication/both
2026-09-18T10:27:31.8591804Z === RUN   TestOIDCDiscoverySelectsTokenAuthentication/unsupported_method_is_rejected_before_saving
2026-09-18T10:27:31.8592151Z --- PASS: TestOIDCDiscoverySelectsTokenAuthentication (2.17s)
2026-09-18T10:27:31.8592512Z     --- PASS: TestOIDCDiscoverySelectsTokenAuthentication/omitted_defaults_to_basic (0.54s)
2026-09-18T10:27:31.8593046Z     --- PASS: TestOIDCDiscoverySelectsTokenAuthentication/basic (0.41s)
2026-09-18T10:27:31.8593365Z     --- PASS: TestOIDCDiscoverySelectsTokenAuthentication/post (0.43s)
2026-09-18T10:27:31.8593683Z     --- PASS: TestOIDCDiscoverySelectsTokenAuthentication/both (0.40s)
2026-09-18T10:27:31.8594104Z     --- PASS: TestOIDCDiscoverySelectsTokenAuthentication/unsupported_method_is_rejected_before_saving (0.39s)
2026-09-18T10:27:31.8594442Z === RUN   TestOIDCLoginPreservesEncodedReturnURLs
2026-09-18T10:27:31.8594675Z === RUN   TestOIDCLoginPreservesEncodedReturnURLs/GET
2026-09-18T10:27:31.8594917Z === RUN   TestOIDCLoginPreservesEncodedReturnURLs/POST
2026-09-18T10:27:31.8595172Z --- PASS: TestOIDCLoginPreservesEncodedReturnURLs (0.45s)
2026-09-18T10:27:31.8595458Z     --- PASS: TestOIDCLoginPreservesEncodedReturnURLs/GET (0.02s)
2026-09-18T10:27:31.8595750Z     --- PASS: TestOIDCLoginPreservesEncodedReturnURLs/POST (0.01s)
2026-09-18T10:27:31.8596020Z === RUN   TestOIDCMappingUniquenessMatchesClaimComparison
2026-09-18T10:27:31.8596320Z === RUN   TestOIDCMappingUniquenessMatchesClaimComparison/identical_emails
2026-09-18T10:27:31.8596656Z === RUN   TestOIDCMappingUniquenessMatchesClaimComparison/email_case_variants
2026-09-18T10:27:31.8597014Z === RUN   TestOIDCMappingUniquenessMatchesClaimComparison/email_unicode_case_variants
2026-09-18T10:27:31.8597361Z === RUN   TestOIDCMappingUniquenessMatchesClaimComparison/identical_groups
2026-09-18T10:27:31.8597673Z --- PASS: TestOIDCMappingUniquenessMatchesClaimComparison (0.41s)
2026-09-18T10:27:31.8598029Z     --- PASS: TestOIDCMappingUniquenessMatchesClaimComparison/identical_emails (0.00s)
2026-09-18T10:27:31.8598661Z     --- PASS: TestOIDCMappingUniquenessMatchesClaimComparison/email_case_variants (0.00s)
2026-09-18T10:27:31.8599221Z     --- PASS: TestOIDCMappingUniquenessMatchesClaimComparison/email_unicode_case_variants (0.00s)
2026-09-18T10:27:31.8599867Z     --- PASS: TestOIDCMappingUniquenessMatchesClaimComparison/identical_groups (0.00s)
2026-09-18T10:27:31.8600344Z === RUN   TestOIDCVerifierFlowBindingLinkingAndEnrollment
2026-09-18T10:27:31.8600632Z --- PASS: TestOIDCVerifierFlowBindingLinkingAndEnrollment (1.63s)
2026-09-18T10:27:31.8601029Z === RUN   TestOIDCUnlinkPreservesAnIdentityAuthorizedByCurrentMappings
2026-09-18T10:27:31.8601371Z === RUN   TestOIDCUnlinkPreservesAnIdentityAuthorizedByCurrentMappings/email
2026-09-18T10:27:31.8601735Z === RUN   TestOIDCUnlinkPreservesAnIdentityAuthorizedByCurrentMappings/groups
2026-09-18T10:27:31.8602107Z --- PASS: TestOIDCUnlinkPreservesAnIdentityAuthorizedByCurrentMappings (1.02s)
2026-09-18T10:27:31.8602516Z     --- PASS: TestOIDCUnlinkPreservesAnIdentityAuthorizedByCurrentMappings/email (0.51s)
2026-09-18T10:27:31.8603063Z     --- PASS: TestOIDCUnlinkPreservesAnIdentityAuthorizedByCurrentMappings/groups (0.51s)
2026-09-18T10:27:31.8603392Z === RUN   TestProcessModesPrivateProbesAndShutdown
2026-09-18T10:27:31.8603695Z === RUN   TestProcessModesPrivateProbesAndShutdown/all
2026-09-18T10:27:31.8604172Z     process_test.go:97: validated registration of 100 frozen management operations
2026-09-18T10:27:31.8604600Z === RUN   TestProcessModesPrivateProbesAndShutdown/gateway
2026-09-18T10:27:31.8604889Z === RUN   TestProcessModesPrivateProbesAndShutdown/control
2026-09-18T10:27:31.8605339Z     process_test.go:97: validated registration of 100 frozen management operations
2026-09-18T10:27:31.8605626Z === RUN   TestProcessModesPrivateProbesAndShutdown/worker
2026-09-18T10:27:31.8605888Z --- PASS: TestProcessModesPrivateProbesAndShutdown (8.40s)
2026-09-18T10:27:31.8606185Z     --- PASS: TestProcessModesPrivateProbesAndShutdown/all (1.15s)
2026-09-18T10:27:31.8606507Z     --- PASS: TestProcessModesPrivateProbesAndShutdown/gateway (1.03s)
2026-09-18T10:27:31.8606827Z     --- PASS: TestProcessModesPrivateProbesAndShutdown/control (1.15s)
2026-09-18T10:27:31.8607147Z     --- PASS: TestProcessModesPrivateProbesAndShutdown/worker (5.06s)
2026-09-18T10:27:31.8607412Z === RUN   TestInvalidConfigurationFailsBeforeBinding
2026-09-18T10:27:31.8607669Z --- PASS: TestInvalidConfigurationFailsBeforeBinding (0.03s)
2026-09-18T10:27:31.8607954Z === RUN   TestNoAuthPublicationIgnoresRetainedRevokedCredential
2026-09-18T10:27:31.8608267Z --- PASS: TestNoAuthPublicationIgnoresRetainedRevokedCredential (0.49s)
2026-09-18T10:27:31.8608564Z === RUN   TestProviderAndNativeSurfaceParity
2026-09-18T10:27:31.8608924Z === RUN   TestProviderAndNativeSurfaceParity/openai
2026-09-18T10:27:31.8609337Z === RUN   TestProviderAndNativeSurfaceParity/openai_compatible
2026-09-18T10:27:31.8609770Z === RUN   TestProviderAndNativeSurfaceParity/anthropic
2026-09-18T10:27:31.8610151Z === RUN   TestProviderAndNativeSurfaceParity/gemini
2026-09-18T10:27:31.8610576Z === RUN   TestProviderAndNativeSurfaceParity/azure_openai
2026-09-18T10:27:31.8610975Z === RUN   TestProviderAndNativeSurfaceParity/vertex_ai
2026-09-18T10:27:31.8611370Z === RUN   TestProviderAndNativeSurfaceParity/bedrock
2026-09-18T10:27:31.8611751Z --- PASS: TestProviderAndNativeSurfaceParity (3.72s)
2026-09-18T10:27:31.8612205Z     --- PASS: TestProviderAndNativeSurfaceParity/openai (0.53s)
2026-09-18T10:27:31.8612833Z     --- PASS: TestProviderAndNativeSurfaceParity/openai_compatible (0.54s)
2026-09-18T10:27:31.8613355Z     --- PASS: TestProviderAndNativeSurfaceParity/anthropic (0.53s)
2026-09-18T10:27:31.8613832Z     --- PASS: TestProviderAndNativeSurfaceParity/gemini (0.51s)
2026-09-18T10:27:31.8614333Z     --- PASS: TestProviderAndNativeSurfaceParity/azure_openai (0.54s)
2026-09-18T10:27:31.8614848Z     --- PASS: TestProviderAndNativeSurfaceParity/vertex_ai (0.52s)
2026-09-18T10:27:31.8615338Z     --- PASS: TestProviderAndNativeSurfaceParity/bedrock (0.55s)
2026-09-18T10:27:31.8616073Z === RUN   TestProviderCataloguePaginationUsesRecordIdentifiers
2026-09-18T10:27:31.8616665Z === RUN   TestProviderCataloguePaginationUsesRecordIdentifiers//api/v3/provider-models
2026-09-18T10:27:31.8617335Z === RUN   TestProviderCataloguePaginationUsesRecordIdentifiers//api/v3/provider-health
2026-09-18T10:27:31.8617888Z --- PASS: TestProviderCataloguePaginationUsesRecordIdentifiers (0.42s)
2026-09-18T10:27:31.8618304Z     --- PASS: TestProviderCataloguePaginationUsesRecordIdentifiers//api/v3/provider-models (0.01s)
2026-09-18T10:27:31.8618872Z     --- PASS: TestProviderCataloguePaginationUsesRecordIdentifiers//api/v3/provider-health (0.00s)
2026-09-18T10:27:31.8619298Z === RUN   TestProviderDiagnosticsDoNotPersistUpstreamCredentialEchoes
2026-09-18T10:27:31.8619671Z --- PASS: TestProviderDiagnosticsDoNotPersistUpstreamCredentialEchoes (0.44s)
2026-09-18T10:27:31.8620084Z === RUN   TestCertificationAllowsBothProbeBudgetsAndPersistsEvidence
2026-09-18T10:27:31.8620622Z === PAUSE TestCertificationAllowsBothProbeBudgetsAndPersistsEvidence
2026-09-18T10:27:31.8621022Z === RUN   TestCredentialSlotWritesRequireCurrentETag
2026-09-18T10:27:31.8621285Z --- PASS: TestCredentialSlotWritesRequireCurrentETag (0.41s)
2026-09-18T10:27:31.8621747Z === RUN   TestCredentialSlotRotationReplaysAndReportsPublishedCredential
2026-09-18T10:27:31.8622384Z --- PASS: TestCredentialSlotRotationReplaysAndReportsPublishedCredential (0.58s)
2026-09-18T10:27:31.8622975Z === RUN   TestCredentialHistoryTracksEveryDraftAndPublishedSlot
2026-09-18T10:27:31.8623519Z --- PASS: TestCredentialHistoryTracksEveryDraftAndPublishedSlot (0.51s)
2026-09-18T10:27:31.8623937Z === RUN   TestProviderInventoryAvailabilityTracksPublishedModels
2026-09-18T10:27:31.8624426Z --- PASS: TestProviderInventoryAvailabilityTracksPublishedModels (0.60s)
2026-09-18T10:27:31.8624768Z === RUN   TestActivationRequiresCurrentCredentialSlotValidation
2026-09-18T10:27:31.8625336Z --- PASS: TestActivationRequiresCurrentCredentialSlotValidation (0.54s)
2026-09-18T10:27:31.8625716Z === RUN   TestSlotValidationProbesAllowedEnabledCapabilities
2026-09-18T10:27:31.8626145Z --- PASS: TestSlotValidationProbesAllowedEnabledCapabilities (0.55s)
2026-09-18T10:27:31.8626640Z === RUN   TestSlotValidationRejectsDraftChangesDuringTheProbe
2026-09-18T10:27:31.8627165Z --- PASS: TestSlotValidationRejectsDraftChangesDuringTheProbe (0.46s)
2026-09-18T10:27:31.8627664Z === RUN   TestCertificationRejectsMalformedUnaryChoices
2026-09-18T10:27:31.8628104Z === RUN   TestCertificationRejectsMalformedUnaryChoices/[{}]
2026-09-18T10:27:31.8628898Z === RUN   TestCertificationRejectsMalformedUnaryChoices/[{"index":0,"message":{"role":"assistant","content":"OK"},"finish_reason":"stop"},{}]
2026-09-18T10:27:31.8629617Z --- PASS: TestCertificationRejectsMalformedUnaryChoices (0.86s)
2026-09-18T10:27:31.8630059Z     --- PASS: TestCertificationRejectsMalformedUnaryChoices/[{}] (0.42s)
2026-09-18T10:27:31.8630596Z     --- PASS: TestCertificationRejectsMalformedUnaryChoices/[{"index":0,"message":{"role":"assistant","content":"OK"},"finish_reason":"stop"},{}] (0.44s)
2026-09-18T10:27:31.8631019Z === RUN   TestReplacementRestoreIsAtomicAndAuthenticatesKeys
2026-09-18T10:27:31.8631419Z === RUN   TestReplacementRestoreIsAtomicAndAuthenticatesKeys/fresh_installation_requires_configured_bootstrap
2026-09-18T10:27:31.8631820Z === RUN   TestReplacementRestoreIsAtomicAndAuthenticatesKeys/incomplete
2026-09-18T10:27:31.8632140Z === RUN   TestReplacementRestoreIsAtomicAndAuthenticatesKeys/corrupt
2026-09-18T10:27:31.8632462Z === RUN   TestReplacementRestoreIsAtomicAndAuthenticatesKeys/incompatible
2026-09-18T10:27:31.8633249Z === RUN   TestReplacementRestoreIsAtomicAndAuthenticatesKeys/wrong-key
2026-09-18T10:27:31.8633568Z === RUN   TestReplacementRestoreIsAtomicAndAuthenticatesKeys/initialized
2026-09-18T10:27:31.8633883Z === RUN   TestReplacementRestoreIsAtomicAndAuthenticatesKeys/valid
2026-09-18T10:27:31.8634193Z --- PASS: TestReplacementRestoreIsAtomicAndAuthenticatesKeys (2.13s)
2026-09-18T10:27:31.8634887Z     --- PASS: TestReplacementRestoreIsAtomicAndAuthenticatesKeys/fresh_installation_requires_configured_bootstrap (0.19s)
2026-09-18T10:27:31.8635350Z     --- PASS: TestReplacementRestoreIsAtomicAndAuthenticatesKeys/incomplete (0.06s)
2026-09-18T10:27:31.8635726Z     --- PASS: TestReplacementRestoreIsAtomicAndAuthenticatesKeys/corrupt (0.07s)
2026-09-18T10:27:31.8636106Z     --- PASS: TestReplacementRestoreIsAtomicAndAuthenticatesKeys/incompatible (0.07s)
2026-09-18T10:27:31.8636491Z     --- PASS: TestReplacementRestoreIsAtomicAndAuthenticatesKeys/wrong-key (0.40s)
2026-09-18T10:27:31.8636899Z     --- PASS: TestReplacementRestoreIsAtomicAndAuthenticatesKeys/initialized (0.09s)
2026-09-18T10:27:31.8637275Z     --- PASS: TestReplacementRestoreIsAtomicAndAuthenticatesKeys/valid (0.72s)
2026-09-18T10:27:31.8637570Z === RUN   TestComposeSecretsSurviveBootstrapRetirement
2026-09-18T10:27:31.8637840Z --- PASS: TestComposeSecretsSurviveBootstrapRetirement (0.14s)
2026-09-18T10:27:31.8638082Z === RUN   TestReportsAgreeWithSeededUsage
2026-09-18T10:27:31.8638297Z --- PASS: TestReportsAgreeWithSeededUsage (0.46s)
2026-09-18T10:27:31.8638519Z === RUN   TestReportsCountScopeFollowsTheFilter
2026-09-18T10:27:31.8638794Z === RUN   TestReportsCountScopeFollowsTheFilter/unfiltered_counts_requests
2026-09-18T10:27:31.8639155Z === RUN   TestReportsCountScopeFollowsTheFilter/a_provider_filter_counts_provider_requests
2026-09-18T10:27:31.8639529Z === RUN   TestReportsCountScopeFollowsTheFilter/a_model_filter_counts_model_requests
2026-09-18T10:27:31.8639863Z === RUN   TestReportsCountScopeFollowsTheFilter/both_filters_count_targets
2026-09-18T10:27:31.8640149Z --- PASS: TestReportsCountScopeFollowsTheFilter (0.42s)
2026-09-18T10:27:31.8640483Z     --- PASS: TestReportsCountScopeFollowsTheFilter/unfiltered_counts_requests (0.00s)
2026-09-18T10:27:31.8640915Z     --- PASS: TestReportsCountScopeFollowsTheFilter/a_provider_filter_counts_provider_requests (0.00s)
2026-09-18T10:27:31.8641359Z     --- PASS: TestReportsCountScopeFollowsTheFilter/a_model_filter_counts_model_requests (0.00s)
2026-09-18T10:27:31.8641758Z     --- PASS: TestReportsCountScopeFollowsTheFilter/both_filters_count_targets (0.00s)
2026-09-18T10:27:31.8642048Z === RUN   TestReportsExcludePartialBucketsAndSaySo
2026-09-18T10:27:31.8642298Z --- PASS: TestReportsExcludePartialBucketsAndSaySo (0.41s)
2026-09-18T10:27:31.8642540Z === RUN   TestReportsGroupByDimensionAndBucket
2026-09-18T10:27:31.8642936Z --- PASS: TestReportsGroupByDimensionAndBucket (0.41s)
2026-09-18T10:27:31.8643211Z === RUN   TestUsageReportsOverHTTP
2026-09-18T10:27:31.8643401Z --- PASS: TestUsageReportsOverHTTP (0.41s)
2026-09-18T10:27:31.8643599Z === RUN   TestRequestHistoryPagesAndDetails
2026-09-18T10:27:31.8643817Z --- PASS: TestRequestHistoryPagesAndDetails (0.43s)
2026-09-18T10:27:31.8644023Z === RUN   TestPricingRevisionsOverHTTP
2026-09-18T10:27:31.8644250Z === RUN   TestPricingRevisionsOverHTTP/duplicate-dimensions
2026-09-18T10:27:31.8644498Z === RUN   TestPricingRevisionsOverHTTP/mixed-currencies
2026-09-18T10:27:31.8644768Z === RUN   TestPricingRevisionsOverHTTP/vendor-from-another-connector
2026-09-18T10:27:31.8645072Z === RUN   TestPricingRevisionsOverHTTP/provider-override-of-another-kind
2026-09-18T10:27:31.8645359Z === RUN   TestPricingRevisionsOverHTTP/too-many-fraction-digits
2026-09-18T10:27:31.8645603Z --- PASS: TestPricingRevisionsOverHTTP (0.43s)
2026-09-18T10:27:31.8645880Z     --- PASS: TestPricingRevisionsOverHTTP/duplicate-dimensions (0.00s)
2026-09-18T10:27:31.8646182Z     --- PASS: TestPricingRevisionsOverHTTP/mixed-currencies (0.00s)
2026-09-18T10:27:31.8646521Z     --- PASS: TestPricingRevisionsOverHTTP/vendor-from-another-connector (0.00s)
2026-09-18T10:27:31.8646892Z     --- PASS: TestPricingRevisionsOverHTTP/provider-override-of-another-kind (0.00s)
2026-09-18T10:27:31.8647247Z     --- PASS: TestPricingRevisionsOverHTTP/too-many-fraction-digits (0.00s)
2026-09-18T10:27:31.8647492Z === RUN   TestGatewayEpochsOverHTTP
2026-09-18T10:27:31.8647791Z --- PASS: TestGatewayEpochsOverHTTP (0.41s)
2026-09-18T10:27:31.8648084Z === RUN   TestUsageMaintenanceRollsUpAndPurges
2026-09-18T10:27:31.8648317Z --- PASS: TestUsageMaintenanceRollsUpAndPurges (0.87s)
2026-09-18T10:27:31.8648564Z === RUN   TestUsageRetentionHonoursTheConfiguredWindow
2026-09-18T10:27:31.8648830Z --- PASS: TestUsageRetentionHonoursTheConfiguredWindow (0.40s)
2026-09-18T10:27:31.8649131Z === RUN   TestRoutingMeasurementsRequireEnoughFreshSuccessfulSamples
2026-09-18T10:27:31.8649469Z --- PASS: TestRoutingMeasurementsRequireEnoughFreshSuccessfulSamples (0.47s)
2026-09-18T10:27:31.8649789Z === RUN   TestRoutingPolicyPublicationIntersectionAndProvenance
2026-09-18T10:27:31.8650102Z --- PASS: TestRoutingPolicyPublicationIntersectionAndProvenance (0.53s)
2026-09-18T10:27:31.8650394Z === RUN   TestRoutingSimulationsHonorAvailablePreferences
2026-09-18T10:27:31.8650809Z === RUN   TestRoutingSimulationsHonorAvailablePreferences//api/v3/route-drafts/01a0b40e-06a8-7196-a696-41412e8d2008/simulate
2026-09-18T10:27:31.8651252Z === RUN   TestRoutingSimulationsHonorAvailablePreferences//api/v3/routing/simulate
2026-09-18T10:27:31.8651601Z === RUN   TestRoutingSimulationsHonorAvailablePreferences//api/v3/playground
2026-09-18T10:27:31.8651919Z --- PASS: TestRoutingSimulationsHonorAvailablePreferences (0.67s)
2026-09-18T10:27:31.8652405Z     --- PASS: TestRoutingSimulationsHonorAvailablePreferences//api/v3/route-drafts/01a0b40e-06a8-7196-a696-41412e8d2008/simulate (0.12s)
2026-09-18T10:27:31.8653049Z     --- PASS: TestRoutingSimulationsHonorAvailablePreferences//api/v3/routing/simulate (0.08s)
2026-09-18T10:27:31.8653463Z     --- PASS: TestRoutingSimulationsHonorAvailablePreferences//api/v3/playground (0.01s)
2026-09-18T10:27:31.8653800Z === RUN   TestPostgresTransactionsCancellationAuthenticationAndTLS
2026-09-18T10:27:31.8654126Z --- PASS: TestPostgresTransactionsCancellationAuthenticationAndTLS (0.07s)
2026-09-18T10:27:31.8654417Z === RUN   TestValkeyScriptsStreamsRecoveryAndIsolation
2026-09-18T10:27:31.8654684Z --- PASS: TestValkeyScriptsStreamsRecoveryAndIsolation (0.03s)
2026-09-18T10:27:31.8654940Z === RUN   TestValkeyTLSAuthenticationAndPubSubHints
2026-09-18T10:27:31.8655837Z 2026-09-18T10:26:53.556638Z  WARN logger_core: connection creation - Failed connecting to 127.0.0.1:32768, due to WRONGPASS: invalid username-password pair or user is disabled.
2026-09-18T10:27:31.8656335Z --- PASS: TestValkeyTLSAuthenticationAndPubSubHints (0.00s)
2026-09-18T10:27:31.8656605Z === RUN   TestValkeyCancellationDisconnectReconnectAndClose
2026-09-18T10:27:31.8657592Z 2026-09-18T10:26:53.659078Z  WARN logger_core: timeout_watchdog - Timeout: cmd=INCR node=unknown cause=ServerUnresponsive { node: "unknown" } phase=Sent elapsed=100.090465ms configured=100ms pending=14 inflight=1→1 STABLE (system was already saturated at submission) rss=717MB
2026-09-18T10:27:31.8658735Z 2026-09-18T10:26:53.980211Z  WARN logger_core: send request - received disconnect error `Failed to receive a response due to a fatal error - FatalReceiveError: channel closed`
2026-09-18T10:27:31.8659627Z 2026-09-18T10:26:53.980322Z  WARN logger_core: send request - received disconnect error `Failed to receive a response due to a fatal error - FatalReceiveError: channel closed`
2026-09-18T10:27:31.8660495Z 2026-09-18T10:26:53.980338Z  WARN logger_core: send request - received disconnect error `Failed to receive a response due to a fatal error - FatalReceiveError: channel closed`
2026-09-18T10:27:31.8661364Z 2026-09-18T10:26:53.980356Z  WARN logger_core: send request - received disconnect error `Failed to receive a response due to a fatal error - FatalReceiveError: channel closed`
2026-09-18T10:27:31.8662231Z 2026-09-18T10:26:53.980363Z  WARN logger_core: send request - received disconnect error `Failed to receive a response due to a fatal error - FatalReceiveError: channel closed`
2026-09-18T10:27:31.8663436Z 2026-09-18T10:26:53.980369Z  WARN logger_core: send request - received disconnect error `Failed to receive a response due to a fatal error - FatalReceiveError: channel closed`
2026-09-18T10:27:31.8664300Z 2026-09-18T10:26:53.980377Z  WARN logger_core: send request - received disconnect error `Failed to receive a response due to a fatal error - FatalReceiveError: channel closed`
2026-09-18T10:27:31.8665171Z 2026-09-18T10:26:53.980392Z  WARN logger_core: send request - received disconnect error `Failed to receive a response due to a fatal error - FatalReceiveError: channel closed`
2026-09-18T10:27:31.8666038Z 2026-09-18T10:26:53.980408Z  WARN logger_core: send request - received disconnect error `Failed to receive a response due to a fatal error - FatalReceiveError: channel closed`
2026-09-18T10:27:31.8666910Z 2026-09-18T10:26:53.980413Z  WARN logger_core: send request - received disconnect error `Failed to receive a response due to a fatal error - FatalReceiveError: channel closed`
2026-09-18T10:27:31.8667774Z 2026-09-18T10:26:53.980417Z  WARN logger_core: send request - received disconnect error `Failed to receive a response due to a fatal error - FatalReceiveError: channel closed`
2026-09-18T10:27:31.8668643Z 2026-09-18T10:26:53.980420Z  WARN logger_core: send request - received disconnect error `Failed to receive a response due to a fatal error - FatalReceiveError: channel closed`
2026-09-18T10:27:31.8669494Z 2026-09-18T10:26:53.980424Z  WARN logger_core: send request - received disconnect error `Failed to receive a response due to a fatal error - FatalReceiveError: channel closed`
2026-09-18T10:27:31.8670366Z 2026-09-18T10:26:53.980428Z  WARN logger_core: send request - received disconnect error `Failed to receive a response due to a fatal error - FatalReceiveError: channel closed`
2026-09-18T10:27:31.8671238Z 2026-09-18T10:26:53.980431Z  WARN logger_core: send request - received disconnect error `Failed to receive a response due to a fatal error - FatalReceiveError: channel closed`
2026-09-18T10:27:31.8672107Z 2026-09-18T10:26:53.980435Z  WARN logger_core: send request - received disconnect error `Failed to receive a response due to a fatal error - FatalReceiveError: channel closed`
2026-09-18T10:27:31.8673140Z 2026-09-18T10:26:53.980442Z  WARN logger_core: send request - received disconnect error `Failed to receive a response due to a fatal error - FatalReceiveError: channel closed`
2026-09-18T10:27:31.8674010Z 2026-09-18T10:26:53.980446Z  WARN logger_core: send request - received disconnect error `Failed to receive a response due to a fatal error - FatalReceiveError: channel closed`
2026-09-18T10:27:31.8674541Z --- PASS: TestValkeyCancellationDisconnectReconnectAndClose (0.52s)
2026-09-18T10:27:31.8674808Z === RUN   TestExpiredSessionCannotReadOrMutate
2026-09-18T10:27:31.8675046Z --- PASS: TestExpiredSessionCannotReadOrMutate (0.56s)
2026-09-18T10:27:31.8675316Z === RUN   TestRoutingSimulationMatchesInferenceKeyAuthorization
2026-09-18T10:27:31.8675631Z === RUN   TestRoutingSimulationMatchesInferenceKeyAuthorization/inference
2026-09-18T10:27:31.8675971Z === RUN   TestRoutingSimulationMatchesInferenceKeyAuthorization/models_only
2026-09-18T10:27:31.8676315Z === RUN   TestRoutingSimulationMatchesInferenceKeyAuthorization/unrestricted
2026-09-18T10:27:31.8676657Z === RUN   TestRoutingSimulationMatchesInferenceKeyAuthorization/other_route
2026-09-18T10:27:31.8676985Z === RUN   TestRoutingSimulationMatchesInferenceKeyAuthorization/revoked
2026-09-18T10:27:31.8677307Z === RUN   TestRoutingSimulationMatchesInferenceKeyAuthorization/expired
2026-09-18T10:27:31.8677813Z === RUN   TestRoutingSimulationMatchesInferenceKeyAuthorization/future_expiry
2026-09-18T10:27:31.8678154Z --- PASS: TestRoutingSimulationMatchesInferenceKeyAuthorization (0.56s)
2026-09-18T10:27:31.8678529Z     --- PASS: TestRoutingSimulationMatchesInferenceKeyAuthorization/inference (0.02s)
2026-09-18T10:27:31.8678932Z     --- PASS: TestRoutingSimulationMatchesInferenceKeyAuthorization/models_only (0.01s)
2026-09-18T10:27:31.8679335Z     --- PASS: TestRoutingSimulationMatchesInferenceKeyAuthorization/unrestricted (0.01s)
2026-09-18T10:27:31.8679740Z     --- PASS: TestRoutingSimulationMatchesInferenceKeyAuthorization/other_route (0.01s)
2026-09-18T10:27:31.8680129Z     --- PASS: TestRoutingSimulationMatchesInferenceKeyAuthorization/revoked (0.02s)
2026-09-18T10:27:31.8680509Z     --- PASS: TestRoutingSimulationMatchesInferenceKeyAuthorization/expired (0.01s)
2026-09-18T10:27:31.8680905Z     --- PASS: TestRoutingSimulationMatchesInferenceKeyAuthorization/future_expiry (0.01s)
2026-09-18T10:27:31.8681198Z === CONT  TestAccountingPricingProvenance
2026-09-18T10:27:31.8681467Z === CONT  TestRequestMetadataConsumerReplaysACommittedEventAsADuplicate
2026-09-18T10:27:31.8681791Z === CONT  TestGatewayEpochSupersededByANewProcessIsRecordedAsUnclean
2026-09-18T10:27:31.8682069Z === CONT  TestRequestMetadataGapsAreReportedOnlyOnce
2026-09-18T10:27:31.8682382Z === RUN   TestRequestMetadataGapsAreReportedOnlyOnce/a_missing_key_cannot_deduplicate
2026-09-18T10:27:31.8682864Z === RUN   TestRequestMetadataGapsAreReportedOnlyOnce/a_blank_key_cannot_deduplicate
2026-09-18T10:27:31.8683249Z === RUN   TestRequestMetadataGapsAreReportedOnlyOnce/an_oversized_key_would_not_fit_the_row
2026-09-18T10:27:31.8683626Z === RUN   TestRequestMetadataGapsAreReportedOnlyOnce/an_empty_gap_admits_nothing
2026-09-18T10:27:31.8683966Z === RUN   TestRequestMetadataGapsAreReportedOnlyOnce/a_gap_needs_a_gateway
2026-09-18T10:27:31.8684289Z === RUN   TestRequestMetadataGapsAreReportedOnlyOnce/a_gap_needs_a_reason
2026-09-18T10:27:31.8684649Z === RUN   TestRequestMetadataGapsAreReportedOnlyOnce/a_gap_cannot_end_before_it_starts
2026-09-18T10:27:31.8685092Z === RUN   TestAccountingPricingProvenance/a_connector_without_a_recorded_vendor_prices_against_its_kind's_default
2026-09-18T10:27:31.8685547Z === RUN   TestAccountingPricingProvenance/the_newest_effective_revision_prices_an_unpinned_attempt
2026-09-18T10:27:31.8685978Z === RUN   TestAccountingPricingProvenance/a_pinned_attempt_keeps_the_catalogue_the_gateway_quoted
2026-09-18T10:27:31.8686400Z === RUN   TestAccountingPricingProvenance/a_pin_without_the_quoted_vendor_identity_charges_nothing
2026-09-18T10:27:31.8686808Z === RUN   TestAccountingPricingProvenance/media_units_bill_at_their_unit_price_without_rounding
2026-09-18T10:27:31.8687238Z === RUN   TestAccountingPricingProvenance/a_price_missing_a_dimension_the_attempt_used_charges_nothing
2026-09-18T10:27:31.8687652Z === RUN   TestAccountingPricingProvenance/attempts_that_cannot_be_settled_are_never_charged
2026-09-18T10:27:31.8688029Z --- PASS: TestGatewayEpochSupersededByANewProcessIsRecordedAsUnclean (0.56s)
2026-09-18T10:27:31.8688341Z === CONT  TestGatewayEpochGracefulCloseIsIdempotentAndFinal
2026-09-18T10:27:31.8688619Z --- PASS: TestRequestMetadataGapsAreReportedOnlyOnce (0.57s)
2026-09-18T10:27:31.8688999Z     --- PASS: TestRequestMetadataGapsAreReportedOnlyOnce/a_missing_key_cannot_deduplicate (0.00s)
2026-09-18T10:27:31.8689436Z     --- PASS: TestRequestMetadataGapsAreReportedOnlyOnce/a_blank_key_cannot_deduplicate (0.00s)
2026-09-18T10:27:31.8689892Z     --- PASS: TestRequestMetadataGapsAreReportedOnlyOnce/an_oversized_key_would_not_fit_the_row (0.00s)
2026-09-18T10:27:31.8690338Z     --- PASS: TestRequestMetadataGapsAreReportedOnlyOnce/an_empty_gap_admits_nothing (0.00s)
2026-09-18T10:27:31.8690731Z     --- PASS: TestRequestMetadataGapsAreReportedOnlyOnce/a_gap_needs_a_gateway (0.00s)
2026-09-18T10:27:31.8691113Z     --- PASS: TestRequestMetadataGapsAreReportedOnlyOnce/a_gap_needs_a_reason (0.00s)
2026-09-18T10:27:31.8691703Z     --- PASS: TestRequestMetadataGapsAreReportedOnlyOnce/a_gap_cannot_end_before_it_starts (0.00s)
2026-09-18T10:27:31.8692065Z === CONT  TestRequestMetadataConsumerRebuildsAGroupLostWithItsStream
2026-09-18T10:27:31.8692337Z --- PASS: TestAccountingPricingProvenance (0.58s)
2026-09-18T10:27:31.8692877Z     --- PASS: TestAccountingPricingProvenance/a_connector_without_a_recorded_vendor_prices_against_its_kind's_default (0.01s)
2026-09-18T10:27:31.8693400Z     --- PASS: TestAccountingPricingProvenance/the_newest_effective_revision_prices_an_unpinned_attempt (0.00s)
2026-09-18T10:27:31.8693883Z     --- PASS: TestAccountingPricingProvenance/a_pinned_attempt_keeps_the_catalogue_the_gateway_quoted (0.00s)
2026-09-18T10:27:31.8694364Z     --- PASS: TestAccountingPricingProvenance/a_pin_without_the_quoted_vendor_identity_charges_nothing (0.00s)
2026-09-18T10:27:31.8694835Z     --- PASS: TestAccountingPricingProvenance/media_units_bill_at_their_unit_price_without_rounding (0.00s)
2026-09-18T10:27:31.8695320Z     --- PASS: TestAccountingPricingProvenance/a_price_missing_a_dimension_the_attempt_used_charges_nothing (0.00s)
2026-09-18T10:27:31.8695785Z     --- PASS: TestAccountingPricingProvenance/attempts_that_cannot_be_settled_are_never_charged (0.00s)
2026-09-18T10:27:31.8696141Z === CONT  TestRequestMetadataConsumerDrainsTheGroupAcrossWorkers
2026-09-18T10:27:31.8696415Z === CONT  TestGatewayEpochCheckpointsBufferLossExactly
2026-09-18T10:27:31.8696700Z --- PASS: TestGatewayEpochGracefulCloseIsIdempotentAndFinal (0.79s)
2026-09-18T10:27:31.8697028Z --- PASS: TestRequestMetadataConsumerDrainsTheGroupAcrossWorkers (0.78s)
2026-09-18T10:27:31.8697451Z === CONT  TestRequestMetadataConsumerLeavesUnsupportedVersionsPending
2026-09-18T10:27:31.8697769Z === CONT  TestRequestMetadataConsumerRecordsUnusableDeliveriesAsGaps
2026-09-18T10:27:31.8698105Z --- PASS: TestRequestMetadataConsumerRebuildsAGroupLostWithItsStream (1.15s)
2026-09-18T10:27:31.8698427Z --- PASS: TestGatewayEpochCheckpointsBufferLossExactly (0.39s)
2026-09-18T10:27:31.8698727Z === CONT  TestRequestMetadataConsumerReclaimsADeadOwnersDeliveries
2026-09-18T10:27:31.8699074Z --- PASS: TestRequestMetadataConsumerReplaysACommittedEventAsADuplicate (2.73s)
2026-09-18T10:27:31.8699410Z === CONT  TestAccountingRefusesToPriceCachedTokensWithoutTheirTotal
2026-09-18T10:27:31.8699680Z === CONT  TestConsumerHealthKeepsTheFreshestSample
2026-09-18T10:27:31.8699976Z --- PASS: TestAccountingRefusesToPriceCachedTokensWithoutTheirTotal (0.14s)
2026-09-18T10:27:31.8700330Z === RUN   TestConsumerHealthKeepsTheFreshestSample/a_backlog_with_nothing_pending
2026-09-18T10:27:31.8700700Z === RUN   TestConsumerHealthKeepsTheFreshestSample/an_empty_group_with_something_pending
2026-09-18T10:27:31.8701036Z === RUN   TestConsumerHealthKeepsTheFreshestSample/a_negative_backlog
2026-09-18T10:27:31.8701334Z === RUN   TestConsumerHealthKeepsTheFreshestSample/a_negative_lag
2026-09-18T10:27:31.8701651Z === RUN   TestConsumerHealthKeepsTheFreshestSample/a_delivery_from_the_future
2026-09-18T10:27:31.8702012Z --- PASS: TestRequestMetadataConsumerLeavesUnsupportedVersionsPending (1.71s)
2026-09-18T10:27:31.8702356Z === CONT  TestCertificationAllowsBothProbeBudgetsAndPersistsEvidence
2026-09-18T10:27:31.8702652Z === CONT  TestGatewayEpochDetectionConfirmsEachStaleEpochOnce
2026-09-18T10:27:31.8703053Z --- PASS: TestConsumerHealthKeepsTheFreshestSample (0.22s)
2026-09-18T10:27:31.8710846Z     --- PASS: TestConsumerHealthKeepsTheFreshestSample/a_backlog_with_nothing_pending (0.00s)
2026-09-18T10:27:31.8711625Z     --- PASS: TestConsumerHealthKeepsTheFreshestSample/an_empty_group_with_something_pending (0.00s)
2026-09-18T10:27:31.8712293Z     --- PASS: TestConsumerHealthKeepsTheFreshestSample/a_negative_backlog (0.00s)
2026-09-18T10:27:31.8712866Z     --- PASS: TestConsumerHealthKeepsTheFreshestSample/a_negative_lag (0.00s)
2026-09-18T10:27:31.8713278Z     --- PASS: TestConsumerHealthKeepsTheFreshestSample/a_delivery_from_the_future (0.00s)
2026-09-18T10:27:31.8713634Z --- PASS: TestGatewayEpochDetectionConfirmsEachStaleEpochOnce (0.30s)
2026-09-18T10:27:31.8714157Z === CONT  TestAccountingRejectsEventsOutsideTheReplayWindow
2026-09-18T10:27:31.8714511Z === RUN   TestAccountingRejectsEventsOutsideTheReplayWindow/older_than_the_replay_horizon
2026-09-18T10:27:31.8714952Z === RUN   TestAccountingRejectsEventsOutsideTheReplayWindow/further_ahead_than_the_accepted_clock_skew
2026-09-18T10:27:31.8715340Z --- PASS: TestAccountingRejectsEventsOutsideTheReplayWindow (0.19s)
2026-09-18T10:27:31.8715749Z     --- PASS: TestAccountingRejectsEventsOutsideTheReplayWindow/older_than_the_replay_horizon (0.00s)
2026-09-18T10:27:31.8716250Z     --- PASS: TestAccountingRejectsEventsOutsideTheReplayWindow/further_ahead_than_the_accepted_clock_skew (0.00s)
2026-09-18T10:27:31.8716632Z === CONT  TestAccountingPersistsPricedAttemptsAndIsReplaySafe
2026-09-18T10:27:31.8716941Z --- PASS: TestAccountingPersistsPricedAttemptsAndIsReplaySafe (0.14s)
2026-09-18T10:27:31.8717284Z --- PASS: TestRequestMetadataConsumerRecordsUnusableDeliveriesAsGaps (2.18s)
2026-09-18T10:27:31.8717642Z --- PASS: TestRequestMetadataConsumerReclaimsADeadOwnersDeliveries (2.18s)
2026-09-18T10:27:31.8718002Z --- PASS: TestCertificationAllowsBothProbeBudgetsAndPersistsEvidence (32.52s)
2026-09-18T10:27:31.8718232Z PASS
2026-09-18T10:27:31.8718437Z ok  	github.com/tyk-swe/olp/tests/integration	338.701s
2026-09-18T10:27:31.8718668Z === RUN   TestAccountingEventIsAccountable
2026-09-18T10:27:31.8718891Z --- PASS: TestAccountingEventIsAccountable (0.00s)
2026-09-18T10:27:31.8719116Z === RUN   TestAccountingEventWithoutAttempts
2026-09-18T10:27:31.8719346Z --- PASS: TestAccountingEventWithoutAttempts (0.00s)
2026-09-18T10:27:31.8719570Z === RUN   TestAccountingEventCancelledRequest
2026-09-18T10:27:31.8719799Z --- PASS: TestAccountingEventCancelledRequest (0.00s)
2026-09-18T10:27:31.8720036Z === RUN   TestAccountingSkipsRequestsWithoutAnOwner
2026-09-18T10:27:31.8720343Z === RUN   TestAccountingSkipsRequestsWithoutAnOwner/playground_traffic_has_no_key
2026-09-18T10:27:31.8720708Z === RUN   TestAccountingSkipsRequestsWithoutAnOwner/a_request_that_resolved_no_route
2026-09-18T10:27:31.8721084Z === RUN   TestAccountingSkipsRequestsWithoutAnOwner/a_request_that_pinned_no_generation
2026-09-18T10:27:31.8721413Z --- PASS: TestAccountingSkipsRequestsWithoutAnOwner (0.00s)
2026-09-18T10:27:31.8721793Z     --- PASS: TestAccountingSkipsRequestsWithoutAnOwner/playground_traffic_has_no_key (0.00s)
2026-09-18T10:27:31.8722235Z     --- PASS: TestAccountingSkipsRequestsWithoutAnOwner/a_request_that_resolved_no_route (0.00s)
2026-09-18T10:27:31.8722689Z     --- PASS: TestAccountingSkipsRequestsWithoutAnOwner/a_request_that_pinned_no_generation (0.00s)
2026-09-18T10:27:31.8723130Z === RUN   TestAccountingSinkDropsInvalidEvents
2026-09-18T10:27:31.8723603Z 2026/09/18 10:21:53 WARN usage event dropped request_id=client-named-request error="invalid request metadata event: request completed before it started"
2026-09-18T10:27:31.8724017Z --- PASS: TestAccountingSinkDropsInvalidEvents (0.00s)
2026-09-18T10:27:31.8724258Z === RUN   TestAccountingEventFromServedRequests
2026-09-18T10:27:31.8724505Z --- PASS: TestAccountingEventFromServedRequests (0.03s)
2026-09-18T10:27:31.8724740Z === RUN   TestIncompleteBodiesReleaseAdmission
2026-09-18T10:27:31.8724983Z === RUN   TestIncompleteBodiesReleaseAdmission/partial_JSON
2026-09-18T10:27:31.8725247Z === PAUSE TestIncompleteBodiesReleaseAdmission/partial_JSON
2026-09-18T10:27:31.8725573Z === RUN   TestIncompleteBodiesReleaseAdmission/complete_JSON_with_incomplete_HTTP_body
2026-09-18T10:27:31.8725952Z === PAUSE TestIncompleteBodiesReleaseAdmission/complete_JSON_with_incomplete_HTTP_body
2026-09-18T10:27:31.8726289Z === RUN   TestIncompleteBodiesReleaseAdmission/partial_gzip_header
2026-09-18T10:27:31.8726583Z === PAUSE TestIncompleteBodiesReleaseAdmission/partial_gzip_header
2026-09-18T10:27:31.8726873Z === RUN   TestIncompleteBodiesReleaseAdmission/partial_gzip_body
2026-09-18T10:27:31.8727153Z === PAUSE TestIncompleteBodiesReleaseAdmission/partial_gzip_body
2026-09-18T10:27:31.8727607Z === CONT  TestIncompleteBodiesReleaseAdmission/partial_JSON
2026-09-18T10:27:31.8727889Z === CONT  TestIncompleteBodiesReleaseAdmission/partial_gzip_header
2026-09-18T10:27:31.8728173Z === CONT  TestIncompleteBodiesReleaseAdmission/partial_gzip_body
2026-09-18T10:27:31.8728506Z === CONT  TestIncompleteBodiesReleaseAdmission/complete_JSON_with_incomplete_HTTP_body
2026-09-18T10:27:31.8728814Z --- PASS: TestIncompleteBodiesReleaseAdmission (0.01s)
2026-09-18T10:27:31.8729192Z     --- PASS: TestIncompleteBodiesReleaseAdmission/complete_JSON_with_incomplete_HTTP_body (15.50s)
2026-09-18T10:27:31.8729601Z     --- PASS: TestIncompleteBodiesReleaseAdmission/partial_gzip_header (15.52s)
2026-09-18T10:27:31.8729941Z     --- PASS: TestIncompleteBodiesReleaseAdmission/partial_JSON (15.52s)
2026-09-18T10:27:31.8730283Z     --- PASS: TestIncompleteBodiesReleaseAdmission/partial_gzip_body (15.52s)
2026-09-18T10:27:31.8730594Z === RUN   TestCompletedUploadDoesNotLimitInferenceOrKeepAlive
2026-09-18T10:27:31.8730889Z === PAUSE TestCompletedUploadDoesNotLimitInferenceOrKeepAlive
2026-09-18T10:27:31.8731139Z === RUN   TestBodyLimitIncludesGzipWireBytes
2026-09-18T10:27:31.8731370Z --- PASS: TestBodyLimitIncludesGzipWireBytes (0.01s)
2026-09-18T10:27:31.8731603Z === RUN   TestRoutingOverrideIsExactlyOneObject
2026-09-18T10:27:31.8731845Z --- PASS: TestRoutingOverrideIsExactlyOneObject (0.00s)
2026-09-18T10:27:31.8732065Z === RUN   TestRetryAfterCannotOverflow
2026-09-18T10:27:31.8732270Z --- PASS: TestRetryAfterCannotOverflow (0.00s)
2026-09-18T10:27:31.8732486Z === RUN   TestCORSIsAnExplicitOriginAllowlist
2026-09-18T10:27:31.8732829Z --- PASS: TestCORSIsAnExplicitOriginAllowlist (0.00s)
2026-09-18T10:27:31.8733122Z === RUN   TestCountingReaderAcceptsExactLimitAndDetectsExtraByte
2026-09-18T10:27:31.8733463Z === RUN   TestCountingReaderAcceptsExactLimitAndDetectsExtraByte/below/separate_EOF
2026-09-18T10:27:31.8733842Z === RUN   TestCountingReaderAcceptsExactLimitAndDetectsExtraByte/below/EOF_with_data
2026-09-18T10:27:31.8734229Z === RUN   TestCountingReaderAcceptsExactLimitAndDetectsExtraByte/exact/separate_EOF
2026-09-18T10:27:31.8734615Z === RUN   TestCountingReaderAcceptsExactLimitAndDetectsExtraByte/exact/EOF_with_data
2026-09-18T10:27:31.8734994Z === RUN   TestCountingReaderAcceptsExactLimitAndDetectsExtraByte/over/separate_EOF
2026-09-18T10:27:31.8735366Z === RUN   TestCountingReaderAcceptsExactLimitAndDetectsExtraByte/over/EOF_with_data
2026-09-18T10:27:31.8735741Z === RUN   TestCountingReaderAcceptsExactLimitAndDetectsExtraByte/empty/separate_EOF
2026-09-18T10:27:31.8736123Z === RUN   TestCountingReaderAcceptsExactLimitAndDetectsExtraByte/empty/EOF_with_data
2026-09-18T10:27:31.8736516Z === RUN   TestCountingReaderAcceptsExactLimitAndDetectsExtraByte/zero_limit/separate_EOF
2026-09-18T10:27:31.8736917Z === RUN   TestCountingReaderAcceptsExactLimitAndDetectsExtraByte/zero_limit/EOF_with_data
2026-09-18T10:27:31.8737289Z --- PASS: TestCountingReaderAcceptsExactLimitAndDetectsExtraByte (0.00s)
2026-09-18T10:27:31.8737706Z     --- PASS: TestCountingReaderAcceptsExactLimitAndDetectsExtraByte/below/separate_EOF (0.00s)
2026-09-18T10:27:31.8738150Z     --- PASS: TestCountingReaderAcceptsExactLimitAndDetectsExtraByte/below/EOF_with_data (0.00s)
2026-09-18T10:27:31.8738591Z     --- PASS: TestCountingReaderAcceptsExactLimitAndDetectsExtraByte/exact/separate_EOF (0.00s)
2026-09-18T10:27:31.8739031Z     --- PASS: TestCountingReaderAcceptsExactLimitAndDetectsExtraByte/exact/EOF_with_data (0.00s)
2026-09-18T10:27:31.8739463Z     --- PASS: TestCountingReaderAcceptsExactLimitAndDetectsExtraByte/over/separate_EOF (0.00s)
2026-09-18T10:27:31.8739894Z     --- PASS: TestCountingReaderAcceptsExactLimitAndDetectsExtraByte/over/EOF_with_data (0.00s)
2026-09-18T10:27:31.8740327Z     --- PASS: TestCountingReaderAcceptsExactLimitAndDetectsExtraByte/empty/separate_EOF (0.00s)
2026-09-18T10:27:31.8740764Z     --- PASS: TestCountingReaderAcceptsExactLimitAndDetectsExtraByte/empty/EOF_with_data (0.00s)
2026-09-18T10:27:31.8741395Z     --- PASS: TestCountingReaderAcceptsExactLimitAndDetectsExtraByte/zero_limit/separate_EOF (0.00s)
2026-09-18T10:27:31.8741859Z     --- PASS: TestCountingReaderAcceptsExactLimitAndDetectsExtraByte/zero_limit/EOF_with_data (0.00s)
2026-09-18T10:27:31.8742186Z === RUN   TestUnaryResponseExactlyAtLimitSucceeds
2026-09-18T10:27:31.8742432Z --- PASS: TestUnaryResponseExactlyAtLimitSucceeds (0.00s)
2026-09-18T10:27:31.8742802Z === RUN   TestUpstreamClientErrorsRedactAttemptedCredentials
2026-09-18T10:27:31.8743214Z === RUN   TestUpstreamClientErrorsRedactAttemptedCredentials/api_key/v1/chat/completions/stream=false/status=400
2026-09-18T10:27:31.8743711Z === RUN   TestUpstreamClientErrorsRedactAttemptedCredentials/api_key/v1/chat/completions/stream=false/status=422
2026-09-18T10:27:31.8744215Z === RUN   TestUpstreamClientErrorsRedactAttemptedCredentials/api_key/v1/chat/completions/stream=false/status=418
2026-09-18T10:27:31.8744717Z === RUN   TestUpstreamClientErrorsRedactAttemptedCredentials/api_key/v1/chat/completions/stream=true/status=400
2026-09-18T10:27:31.8745207Z === RUN   TestUpstreamClientErrorsRedactAttemptedCredentials/api_key/v1/chat/completions/stream=true/status=422
2026-09-18T10:27:31.8745688Z === RUN   TestUpstreamClientErrorsRedactAttemptedCredentials/api_key/v1/chat/completions/stream=true/status=418
2026-09-18T10:27:31.8746173Z === RUN   TestUpstreamClientErrorsRedactAttemptedCredentials/api_key/v1/responses/stream=false/status=400
2026-09-18T10:27:31.8746649Z === RUN   TestUpstreamClientErrorsRedactAttemptedCredentials/api_key/v1/responses/stream=false/status=422
2026-09-18T10:27:31.8747125Z === RUN   TestUpstreamClientErrorsRedactAttemptedCredentials/api_key/v1/responses/stream=false/status=418
2026-09-18T10:27:31.8747590Z === RUN   TestUpstreamClientErrorsRedactAttemptedCredentials/api_key/v1/responses/stream=true/status=400
2026-09-18T10:27:31.8748050Z === RUN   TestUpstreamClientErrorsRedactAttemptedCredentials/api_key/v1/responses/stream=true/status=422
2026-09-18T10:27:31.8748516Z === RUN   TestUpstreamClientErrorsRedactAttemptedCredentials/api_key/v1/responses/stream=true/status=418
2026-09-18T10:27:31.8748989Z === RUN   TestUpstreamClientErrorsRedactAttemptedCredentials/headers/v1/chat/completions/stream=false/status=400
2026-09-18T10:27:31.8749478Z === RUN   TestUpstreamClientErrorsRedactAttemptedCredentials/headers/v1/chat/completions/stream=false/status=422
2026-09-18T10:27:31.8749963Z === RUN   TestUpstreamClientErrorsRedactAttemptedCredentials/headers/v1/chat/completions/stream=false/status=418
2026-09-18T10:27:31.8750461Z === RUN   TestUpstreamClientErrorsRedactAttemptedCredentials/headers/v1/chat/completions/stream=true/status=400
2026-09-18T10:27:31.8750958Z === RUN   TestUpstreamClientErrorsRedactAttemptedCredentials/headers/v1/chat/completions/stream=true/status=422
2026-09-18T10:27:31.8751452Z === RUN   TestUpstreamClientErrorsRedactAttemptedCredentials/headers/v1/chat/completions/stream=true/status=418
2026-09-18T10:27:31.8751946Z === RUN   TestUpstreamClientErrorsRedactAttemptedCredentials/headers/v1/responses/stream=false/status=400
2026-09-18T10:27:31.8752428Z === RUN   TestUpstreamClientErrorsRedactAttemptedCredentials/headers/v1/responses/stream=false/status=422
2026-09-18T10:27:31.8753058Z === RUN   TestUpstreamClientErrorsRedactAttemptedCredentials/headers/v1/responses/stream=false/status=418
2026-09-18T10:27:31.8753525Z === RUN   TestUpstreamClientErrorsRedactAttemptedCredentials/headers/v1/responses/stream=true/status=400
2026-09-18T10:27:31.8753994Z === RUN   TestUpstreamClientErrorsRedactAttemptedCredentials/headers/v1/responses/stream=true/status=422
2026-09-18T10:27:31.8754456Z === RUN   TestUpstreamClientErrorsRedactAttemptedCredentials/headers/v1/responses/stream=true/status=418
2026-09-18T10:27:31.8754849Z --- PASS: TestUpstreamClientErrorsRedactAttemptedCredentials (0.11s)
2026-09-18T10:27:31.8755324Z     --- PASS: TestUpstreamClientErrorsRedactAttemptedCredentials/api_key/v1/chat/completions/stream=false/status=400 (0.00s)
2026-09-18T10:27:31.8756115Z     --- PASS: TestUpstreamClientErrorsRedactAttemptedCredentials/api_key/v1/chat/completions/stream=false/status=422 (0.00s)
2026-09-18T10:27:31.8756686Z     --- PASS: TestUpstreamClientErrorsRedactAttemptedCredentials/api_key/v1/chat/completions/stream=false/status=418 (0.00s)
2026-09-18T10:27:31.8757247Z     --- PASS: TestUpstreamClientErrorsRedactAttemptedCredentials/api_key/v1/chat/completions/stream=true/status=400 (0.00s)
2026-09-18T10:27:31.8757822Z     --- PASS: TestUpstreamClientErrorsRedactAttemptedCredentials/api_key/v1/chat/completions/stream=true/status=422 (0.01s)
2026-09-18T10:27:31.8758372Z     --- PASS: TestUpstreamClientErrorsRedactAttemptedCredentials/api_key/v1/chat/completions/stream=true/status=418 (0.00s)
2026-09-18T10:27:31.8758911Z     --- PASS: TestUpstreamClientErrorsRedactAttemptedCredentials/api_key/v1/responses/stream=false/status=400 (0.01s)
2026-09-18T10:27:31.8759444Z     --- PASS: TestUpstreamClientErrorsRedactAttemptedCredentials/api_key/v1/responses/stream=false/status=422 (0.01s)
2026-09-18T10:27:31.8759974Z     --- PASS: TestUpstreamClientErrorsRedactAttemptedCredentials/api_key/v1/responses/stream=false/status=418 (0.00s)
2026-09-18T10:27:31.8760500Z     --- PASS: TestUpstreamClientErrorsRedactAttemptedCredentials/api_key/v1/responses/stream=true/status=400 (0.00s)
2026-09-18T10:27:31.8761046Z     --- PASS: TestUpstreamClientErrorsRedactAttemptedCredentials/api_key/v1/responses/stream=true/status=422 (0.00s)
2026-09-18T10:27:31.8761570Z     --- PASS: TestUpstreamClientErrorsRedactAttemptedCredentials/api_key/v1/responses/stream=true/status=418 (0.00s)
2026-09-18T10:27:31.8762121Z     --- PASS: TestUpstreamClientErrorsRedactAttemptedCredentials/headers/v1/chat/completions/stream=false/status=400 (0.00s)
2026-09-18T10:27:31.8762682Z     --- PASS: TestUpstreamClientErrorsRedactAttemptedCredentials/headers/v1/chat/completions/stream=false/status=422 (0.00s)
2026-09-18T10:27:31.8763364Z     --- PASS: TestUpstreamClientErrorsRedactAttemptedCredentials/headers/v1/chat/completions/stream=false/status=418 (0.01s)
2026-09-18T10:27:31.8763927Z     --- PASS: TestUpstreamClientErrorsRedactAttemptedCredentials/headers/v1/chat/completions/stream=true/status=400 (0.00s)
2026-09-18T10:27:31.8764483Z     --- PASS: TestUpstreamClientErrorsRedactAttemptedCredentials/headers/v1/chat/completions/stream=true/status=422 (0.00s)
2026-09-18T10:27:31.8765040Z     --- PASS: TestUpstreamClientErrorsRedactAttemptedCredentials/headers/v1/chat/completions/stream=true/status=418 (0.00s)
2026-09-18T10:27:31.8765596Z     --- PASS: TestUpstreamClientErrorsRedactAttemptedCredentials/headers/v1/responses/stream=false/status=400 (0.00s)
2026-09-18T10:27:31.8766169Z     --- PASS: TestUpstreamClientErrorsRedactAttemptedCredentials/headers/v1/responses/stream=false/status=422 (0.00s)
2026-09-18T10:27:31.8766704Z     --- PASS: TestUpstreamClientErrorsRedactAttemptedCredentials/headers/v1/responses/stream=false/status=418 (0.00s)
2026-09-18T10:27:31.8767237Z     --- PASS: TestUpstreamClientErrorsRedactAttemptedCredentials/headers/v1/responses/stream=true/status=400 (0.00s)
2026-09-18T10:27:31.8767769Z     --- PASS: TestUpstreamClientErrorsRedactAttemptedCredentials/headers/v1/responses/stream=true/status=422 (0.00s)
2026-09-18T10:27:31.8768324Z     --- PASS: TestUpstreamClientErrorsRedactAttemptedCredentials/headers/v1/responses/stream=true/status=418 (0.00s)
2026-09-18T10:27:31.8768715Z === RUN   TestMalformedHeaderCredentialFailsOverWithoutDispatch
2026-09-18T10:27:31.8769036Z --- PASS: TestMalformedHeaderCredentialFailsOverWithoutDispatch (0.00s)
2026-09-18T10:27:31.8769354Z === RUN   TestEveryEarlyInferenceFailureEmitsOneTerminalEnvelope
2026-09-18T10:27:31.8769689Z === RUN   TestEveryEarlyInferenceFailureEmitsOneTerminalEnvelope/chat/missing_key
2026-09-18T10:27:31.8770062Z === RUN   TestEveryEarlyInferenceFailureEmitsOneTerminalEnvelope/chat/invalid_key
2026-09-18T10:27:31.8770431Z === RUN   TestEveryEarlyInferenceFailureEmitsOneTerminalEnvelope/chat/scope_missing
2026-09-18T10:27:31.8770797Z === RUN   TestEveryEarlyInferenceFailureEmitsOneTerminalEnvelope/chat/revoked_key
2026-09-18T10:27:31.8771335Z === RUN   TestEveryEarlyInferenceFailureEmitsOneTerminalEnvelope/chat/expired_key
2026-09-18T10:27:31.8771706Z === RUN   TestEveryEarlyInferenceFailureEmitsOneTerminalEnvelope/chat/stale_authority
2026-09-18T10:27:31.8772089Z === RUN   TestEveryEarlyInferenceFailureEmitsOneTerminalEnvelope/chat/admission_full
2026-09-18T10:27:31.8772459Z === RUN   TestEveryEarlyInferenceFailureEmitsOneTerminalEnvelope/chat/media_type
2026-09-18T10:27:31.8772939Z === RUN   TestEveryEarlyInferenceFailureEmitsOneTerminalEnvelope/chat/encoding
2026-09-18T10:27:31.8773305Z === RUN   TestEveryEarlyInferenceFailureEmitsOneTerminalEnvelope/chat/invalid_gzip
2026-09-18T10:27:31.8773673Z === RUN   TestEveryEarlyInferenceFailureEmitsOneTerminalEnvelope/chat/read_error
2026-09-18T10:27:31.8774046Z === RUN   TestEveryEarlyInferenceFailureEmitsOneTerminalEnvelope/chat/read_timeout
2026-09-18T10:27:31.8774419Z === RUN   TestEveryEarlyInferenceFailureEmitsOneTerminalEnvelope/chat/body_limit
2026-09-18T10:27:31.8774794Z === RUN   TestEveryEarlyInferenceFailureEmitsOneTerminalEnvelope/chat/malformed_JSON
2026-09-18T10:27:31.8775164Z === RUN   TestEveryEarlyInferenceFailureEmitsOneTerminalEnvelope/chat/missing_fields
2026-09-18T10:27:31.8775545Z === RUN   TestEveryEarlyInferenceFailureEmitsOneTerminalEnvelope/chat/route_forbidden
2026-09-18T10:27:31.8775923Z === RUN   TestEveryEarlyInferenceFailureEmitsOneTerminalEnvelope/chat/routing_header
2026-09-18T10:27:31.8776305Z === RUN   TestEveryEarlyInferenceFailureEmitsOneTerminalEnvelope/responses/missing_key
2026-09-18T10:27:31.8776692Z === RUN   TestEveryEarlyInferenceFailureEmitsOneTerminalEnvelope/responses/invalid_key
2026-09-18T10:27:31.8777089Z === RUN   TestEveryEarlyInferenceFailureEmitsOneTerminalEnvelope/responses/scope_missing
2026-09-18T10:27:31.8777490Z === RUN   TestEveryEarlyInferenceFailureEmitsOneTerminalEnvelope/responses/revoked_key
2026-09-18T10:27:31.8777880Z === RUN   TestEveryEarlyInferenceFailureEmitsOneTerminalEnvelope/responses/expired_key
2026-09-18T10:27:31.8778288Z === RUN   TestEveryEarlyInferenceFailureEmitsOneTerminalEnvelope/responses/stale_authority
2026-09-18T10:27:31.8778699Z === RUN   TestEveryEarlyInferenceFailureEmitsOneTerminalEnvelope/responses/admission_full
2026-09-18T10:27:31.8779087Z === RUN   TestEveryEarlyInferenceFailureEmitsOneTerminalEnvelope/responses/media_type
2026-09-18T10:27:31.8779471Z === RUN   TestEveryEarlyInferenceFailureEmitsOneTerminalEnvelope/responses/encoding
2026-09-18T10:27:31.8779862Z === RUN   TestEveryEarlyInferenceFailureEmitsOneTerminalEnvelope/responses/invalid_gzip
2026-09-18T10:27:31.8780253Z === RUN   TestEveryEarlyInferenceFailureEmitsOneTerminalEnvelope/responses/read_error
2026-09-18T10:27:31.8780639Z === RUN   TestEveryEarlyInferenceFailureEmitsOneTerminalEnvelope/responses/read_timeout
2026-09-18T10:27:31.8781022Z === RUN   TestEveryEarlyInferenceFailureEmitsOneTerminalEnvelope/responses/body_limit
2026-09-18T10:27:31.8781420Z === RUN   TestEveryEarlyInferenceFailureEmitsOneTerminalEnvelope/responses/malformed_JSON
2026-09-18T10:27:31.8781825Z === RUN   TestEveryEarlyInferenceFailureEmitsOneTerminalEnvelope/responses/missing_fields
2026-09-18T10:27:31.8782224Z === RUN   TestEveryEarlyInferenceFailureEmitsOneTerminalEnvelope/responses/route_forbidden
2026-09-18T10:27:31.8782619Z === RUN   TestEveryEarlyInferenceFailureEmitsOneTerminalEnvelope/responses/routing_header
2026-09-18T10:27:31.8783108Z --- PASS: TestEveryEarlyInferenceFailureEmitsOneTerminalEnvelope (0.03s)
2026-09-18T10:27:31.8783511Z     --- PASS: TestEveryEarlyInferenceFailureEmitsOneTerminalEnvelope/chat/missing_key (0.00s)
2026-09-18T10:27:31.8783941Z     --- PASS: TestEveryEarlyInferenceFailureEmitsOneTerminalEnvelope/chat/invalid_key (0.00s)
2026-09-18T10:27:31.8784378Z     --- PASS: TestEveryEarlyInferenceFailureEmitsOneTerminalEnvelope/chat/scope_missing (0.00s)
2026-09-18T10:27:31.8784808Z     --- PASS: TestEveryEarlyInferenceFailureEmitsOneTerminalEnvelope/chat/revoked_key (0.00s)
2026-09-18T10:27:31.8785412Z     --- PASS: TestEveryEarlyInferenceFailureEmitsOneTerminalEnvelope/chat/expired_key (0.00s)
2026-09-18T10:27:31.8785854Z     --- PASS: TestEveryEarlyInferenceFailureEmitsOneTerminalEnvelope/chat/stale_authority (0.00s)
2026-09-18T10:27:31.8786302Z     --- PASS: TestEveryEarlyInferenceFailureEmitsOneTerminalEnvelope/chat/admission_full (0.00s)
2026-09-18T10:27:31.8786732Z     --- PASS: TestEveryEarlyInferenceFailureEmitsOneTerminalEnvelope/chat/media_type (0.00s)
2026-09-18T10:27:31.8787150Z     --- PASS: TestEveryEarlyInferenceFailureEmitsOneTerminalEnvelope/chat/encoding (0.00s)
2026-09-18T10:27:31.8787584Z     --- PASS: TestEveryEarlyInferenceFailureEmitsOneTerminalEnvelope/chat/invalid_gzip (0.00s)
2026-09-18T10:27:31.8788013Z     --- PASS: TestEveryEarlyInferenceFailureEmitsOneTerminalEnvelope/chat/read_error (0.00s)
2026-09-18T10:27:31.8788445Z     --- PASS: TestEveryEarlyInferenceFailureEmitsOneTerminalEnvelope/chat/read_timeout (0.00s)
2026-09-18T10:27:31.8788878Z     --- PASS: TestEveryEarlyInferenceFailureEmitsOneTerminalEnvelope/chat/body_limit (0.00s)
2026-09-18T10:27:31.8789324Z     --- PASS: TestEveryEarlyInferenceFailureEmitsOneTerminalEnvelope/chat/malformed_JSON (0.00s)
2026-09-18T10:27:31.8789770Z     --- PASS: TestEveryEarlyInferenceFailureEmitsOneTerminalEnvelope/chat/missing_fields (0.00s)
2026-09-18T10:27:31.8790217Z     --- PASS: TestEveryEarlyInferenceFailureEmitsOneTerminalEnvelope/chat/route_forbidden (0.00s)
2026-09-18T10:27:31.8790665Z     --- PASS: TestEveryEarlyInferenceFailureEmitsOneTerminalEnvelope/chat/routing_header (0.00s)
2026-09-18T10:27:31.8791120Z     --- PASS: TestEveryEarlyInferenceFailureEmitsOneTerminalEnvelope/responses/missing_key (0.00s)
2026-09-18T10:27:31.8791579Z     --- PASS: TestEveryEarlyInferenceFailureEmitsOneTerminalEnvelope/responses/invalid_key (0.00s)
2026-09-18T10:27:31.8792046Z     --- PASS: TestEveryEarlyInferenceFailureEmitsOneTerminalEnvelope/responses/scope_missing (0.00s)
2026-09-18T10:27:31.8792514Z     --- PASS: TestEveryEarlyInferenceFailureEmitsOneTerminalEnvelope/responses/revoked_key (0.00s)
2026-09-18T10:27:31.8793119Z     --- PASS: TestEveryEarlyInferenceFailureEmitsOneTerminalEnvelope/responses/expired_key (0.00s)
2026-09-18T10:27:31.8793586Z     --- PASS: TestEveryEarlyInferenceFailureEmitsOneTerminalEnvelope/responses/stale_authority (0.00s)
2026-09-18T10:27:31.8794055Z     --- PASS: TestEveryEarlyInferenceFailureEmitsOneTerminalEnvelope/responses/admission_full (0.00s)
2026-09-18T10:27:31.8794511Z     --- PASS: TestEveryEarlyInferenceFailureEmitsOneTerminalEnvelope/responses/media_type (0.00s)
2026-09-18T10:27:31.8794955Z     --- PASS: TestEveryEarlyInferenceFailureEmitsOneTerminalEnvelope/responses/encoding (0.00s)
2026-09-18T10:27:31.8795407Z     --- PASS: TestEveryEarlyInferenceFailureEmitsOneTerminalEnvelope/responses/invalid_gzip (0.00s)
2026-09-18T10:27:31.8795859Z     --- PASS: TestEveryEarlyInferenceFailureEmitsOneTerminalEnvelope/responses/read_error (0.00s)
2026-09-18T10:27:31.8796320Z     --- PASS: TestEveryEarlyInferenceFailureEmitsOneTerminalEnvelope/responses/read_timeout (0.00s)
2026-09-18T10:27:31.8796769Z     --- PASS: TestEveryEarlyInferenceFailureEmitsOneTerminalEnvelope/responses/body_limit (0.00s)
2026-09-18T10:27:31.8797235Z     --- PASS: TestEveryEarlyInferenceFailureEmitsOneTerminalEnvelope/responses/malformed_JSON (0.00s)
2026-09-18T10:27:31.8797700Z     --- PASS: TestEveryEarlyInferenceFailureEmitsOneTerminalEnvelope/responses/missing_fields (0.00s)
2026-09-18T10:27:31.8798170Z     --- PASS: TestEveryEarlyInferenceFailureEmitsOneTerminalEnvelope/responses/route_forbidden (0.00s)
2026-09-18T10:27:31.8798636Z     --- PASS: TestEveryEarlyInferenceFailureEmitsOneTerminalEnvelope/responses/routing_header (0.00s)
2026-09-18T10:27:31.8798974Z === RUN   TestReadDeadlineFailureEmitsTerminalEnvelope
2026-09-18T10:27:31.8799247Z --- PASS: TestReadDeadlineFailureEmitsTerminalEnvelope (0.00s)
2026-09-18T10:27:31.8799505Z === RUN   TestResponsesReferencesNeverReachUpstream
2026-09-18T10:27:31.8799859Z --- PASS: TestResponsesReferencesNeverReachUpstream (0.00s)
2026-09-18T10:27:31.8800186Z === RUN   TestInferenceChecksCurrentEndpointPolicy
2026-09-18T10:27:31.8800437Z --- PASS: TestInferenceChecksCurrentEndpointPolicy (0.00s)
2026-09-18T10:27:31.8800730Z === RUN   TestInferenceNormalizesEndpointAndForwardsZeroTopLogprobs
2026-09-18T10:27:31.8801058Z === RUN   TestInferenceNormalizesEndpointAndForwardsZeroTopLogprobs/chat/
2026-09-18T10:27:31.8801402Z === RUN   TestInferenceNormalizesEndpointAndForwardsZeroTopLogprobs/chat//
2026-09-18T10:27:31.8801749Z === RUN   TestInferenceNormalizesEndpointAndForwardsZeroTopLogprobs/chat///
2026-09-18T10:27:31.8802110Z === RUN   TestInferenceNormalizesEndpointAndForwardsZeroTopLogprobs/responses/
2026-09-18T10:27:31.8802481Z === RUN   TestInferenceNormalizesEndpointAndForwardsZeroTopLogprobs/responses//
2026-09-18T10:27:31.8802974Z === RUN   TestInferenceNormalizesEndpointAndForwardsZeroTopLogprobs/responses///
2026-09-18T10:27:31.8803341Z --- PASS: TestInferenceNormalizesEndpointAndForwardsZeroTopLogprobs (0.02s)
2026-09-18T10:27:31.8803739Z     --- PASS: TestInferenceNormalizesEndpointAndForwardsZeroTopLogprobs/chat/ (0.00s)
2026-09-18T10:27:31.8804146Z     --- PASS: TestInferenceNormalizesEndpointAndForwardsZeroTopLogprobs/chat// (0.00s)
2026-09-18T10:27:31.8804624Z     --- PASS: TestInferenceNormalizesEndpointAndForwardsZeroTopLogprobs/chat/// (0.00s)
2026-09-18T10:27:31.8805048Z     --- PASS: TestInferenceNormalizesEndpointAndForwardsZeroTopLogprobs/responses/ (0.00s)
2026-09-18T10:27:31.8805479Z     --- PASS: TestInferenceNormalizesEndpointAndForwardsZeroTopLogprobs/responses// (0.00s)
2026-09-18T10:27:31.8805911Z     --- PASS: TestInferenceNormalizesEndpointAndForwardsZeroTopLogprobs/responses/// (0.00s)
2026-09-18T10:27:31.8806211Z === RUN   TestJSONLogPreservesEveryAttempt
2026-09-18T10:27:31.8806430Z --- PASS: TestJSONLogPreservesEveryAttempt (0.00s)
2026-09-18T10:27:31.8806645Z === RUN   TestJSONLogPreservesActorIdentity
2026-09-18T10:27:31.8806893Z === RUN   TestJSONLogPreservesActorIdentity/playground/user-one
2026-09-18T10:27:31.8807168Z === RUN   TestJSONLogPreservesActorIdentity/playground/user-two
2026-09-18T10:27:31.8807432Z === RUN   TestJSONLogPreservesActorIdentity/api_key/key-one
2026-09-18T10:27:31.8807677Z --- PASS: TestJSONLogPreservesActorIdentity (0.00s)
2026-09-18T10:27:31.8807974Z     --- PASS: TestJSONLogPreservesActorIdentity/playground/user-one (0.00s)
2026-09-18T10:27:31.8808306Z     --- PASS: TestJSONLogPreservesActorIdentity/playground/user-two (0.00s)
2026-09-18T10:27:31.8808628Z     --- PASS: TestJSONLogPreservesActorIdentity/api_key/key-one (0.00s)
2026-09-18T10:27:31.8808899Z === RUN   TestJSONLogPreservesRevisionAndUsageMetadata
2026-09-18T10:27:31.8809173Z --- PASS: TestJSONLogPreservesRevisionAndUsageMetadata (0.00s)
2026-09-18T10:27:31.8809440Z === RUN   TestSuccessfulEnvelopeCarriesTheRuntimeSeams
2026-09-18T10:27:31.8809713Z --- PASS: TestSuccessfulEnvelopeCarriesTheRuntimeSeams (0.00s)
2026-09-18T10:27:31.8809975Z === RUN   TestUnmeteredSuccessLeavesBillingUncertain
2026-09-18T10:27:31.8810237Z --- PASS: TestUnmeteredSuccessLeavesBillingUncertain (0.00s)
2026-09-18T10:27:31.8810533Z === RUN   TestDispatchedFailureLeavesBillingUncertainAndFailsOver
2026-09-18T10:27:31.8810858Z --- PASS: TestDispatchedFailureLeavesBillingUncertainAndFailsOver (0.00s)
2026-09-18T10:27:31.8811172Z === RUN   TestServedButUnreadableAttemptLeavesBillingUncertain
2026-09-18T10:27:31.8811482Z --- PASS: TestServedButUnreadableAttemptLeavesBillingUncertain (0.00s)
2026-09-18T10:27:31.8811741Z === RUN   TestStatedRejectionsAreCertain
2026-09-18T10:27:31.8811954Z === RUN   TestStatedRejectionsAreCertain/rate_limit
2026-09-18T10:27:31.8812194Z === RUN   TestStatedRejectionsAreCertain/rejected_request
2026-09-18T10:27:31.8812426Z --- PASS: TestStatedRejectionsAreCertain (0.01s)
2026-09-18T10:27:31.8812693Z     --- PASS: TestStatedRejectionsAreCertain/rate_limit (0.00s)
2026-09-18T10:27:31.8813149Z     --- PASS: TestStatedRejectionsAreCertain/rejected_request (0.00s)
2026-09-18T10:27:31.8813567Z === RUN   TestUndispatchedFailureIsCertain
2026-09-18T10:27:31.8813784Z --- PASS: TestUndispatchedFailureIsCertain (0.00s)
2026-09-18T10:27:31.8814022Z === RUN   TestEarlyFailureEnvelopeCarriesItsErrorClass
2026-09-18T10:27:31.8814288Z --- PASS: TestEarlyFailureEnvelopeCarriesItsErrorClass (0.00s)
2026-09-18T10:27:31.8814549Z === RUN   TestStreamingEnvelopeRecordsModeAndFirstByte
2026-09-18T10:27:31.8814816Z --- PASS: TestStreamingEnvelopeRecordsModeAndFirstByte (0.01s)
2026-09-18T10:27:31.8815073Z === RUN   TestUnaryChatRewritesModelAndEmitsEnvelope
2026-09-18T10:27:31.8815327Z --- PASS: TestUnaryChatRewritesModelAndEmitsEnvelope (0.00s)
2026-09-18T10:27:31.8815550Z === RUN   TestCredentialInjection
2026-09-18T10:27:31.8815735Z --- PASS: TestCredentialInjection (0.00s)
2026-09-18T10:27:31.8815926Z === RUN   TestStreamingChatFragmented
2026-09-18T10:27:31.8816124Z --- PASS: TestStreamingChatFragmented (0.01s)
2026-09-18T10:27:31.8816331Z === RUN   TestPreCommitFailoverWithinBudget
2026-09-18T10:27:31.8816551Z --- PASS: TestPreCommitFailoverWithinBudget (0.00s)
2026-09-18T10:27:31.8816769Z === RUN   TestRateLimitCoolsSlotAndFailsOver
2026-09-18T10:27:31.8816990Z --- PASS: TestRateLimitCoolsSlotAndFailsOver (0.00s)
2026-09-18T10:27:31.8817237Z === RUN   TestRateLimitPropagatesRetryAfterWhenExhausted
2026-09-18T10:27:31.8817513Z --- PASS: TestRateLimitPropagatesRetryAfterWhenExhausted (0.00s)
2026-09-18T10:27:31.8817786Z === RUN   TestCredentialFailureCoolsVersionAndFailsOver
2026-09-18T10:27:31.8818056Z --- PASS: TestCredentialFailureCoolsVersionAndFailsOver (0.00s)
2026-09-18T10:27:31.8818297Z === RUN   TestUpstreamClientErrorIsTerminal
2026-09-18T10:27:31.8818514Z --- PASS: TestUpstreamClientErrorIsTerminal (0.00s)
2026-09-18T10:27:31.8818728Z === RUN   TestAttemptBudgetAndRoutingHeader
2026-09-18T10:27:31.8818948Z --- PASS: TestAttemptBudgetAndRoutingHeader (0.01s)
2026-09-18T10:27:31.8819163Z === RUN   TestPostCommitFailureCannotRestart
2026-09-18T10:27:31.8819390Z --- PASS: TestPostCommitFailureCannotRestart (0.00s)
2026-09-18T10:27:31.8819610Z === RUN   TestOversizedEventFailsBeforeCommit
2026-09-18T10:27:31.8819836Z --- PASS: TestOversizedEventFailsBeforeCommit (0.00s)
2026-09-18T10:27:31.8820056Z === RUN   TestOversizedUnaryResponseRejected
2026-09-18T10:27:31.8820278Z --- PASS: TestOversizedUnaryResponseRejected (0.00s)
2026-09-18T10:27:31.8820494Z === RUN   TestAuthenticationAndAuthorization
2026-09-18T10:27:31.8820722Z === RUN   TestAuthenticationAndAuthorization/missing_key
2026-09-18T10:27:31.8820965Z === RUN   TestAuthenticationAndAuthorization/unknown_key
2026-09-18T10:27:31.8821212Z === RUN   TestAuthenticationAndAuthorization/scope_missing
2026-09-18T10:27:31.8821479Z === RUN   TestAuthenticationAndAuthorization/route_not_allowed
2026-09-18T10:27:31.8821727Z --- PASS: TestAuthenticationAndAuthorization (0.00s)
2026-09-18T10:27:31.8822008Z     --- PASS: TestAuthenticationAndAuthorization/missing_key (0.00s)
2026-09-18T10:27:31.8822315Z     --- PASS: TestAuthenticationAndAuthorization/unknown_key (0.00s)
2026-09-18T10:27:31.8822627Z     --- PASS: TestAuthenticationAndAuthorization/scope_missing (0.00s)
2026-09-18T10:27:31.8823157Z     --- PASS: TestAuthenticationAndAuthorization/route_not_allowed (0.00s)
2026-09-18T10:27:31.8823399Z === RUN   TestRequestValidation
2026-09-18T10:27:31.8823578Z --- PASS: TestRequestValidation (0.02s)
2026-09-18T10:27:31.8823760Z === RUN   TestModelsFilteredByKey
2026-09-18T10:27:31.8823944Z --- PASS: TestModelsFilteredByKey (0.00s)
2026-09-18T10:27:31.8824116Z === RUN   TestAdmissionLimit
2026-09-18T10:27:31.8824285Z --- PASS: TestAdmissionLimit (0.00s)
2026-09-18T10:27:31.8824484Z === RUN   TestClientCancellationClosesUpstream
2026-09-18T10:27:31.8824717Z --- PASS: TestClientCancellationClosesUpstream (0.01s)
2026-09-18T10:27:31.8824947Z === RUN   TestCircuitOpensAfterRepeatedFailures
2026-09-18T10:27:31.8825185Z --- PASS: TestCircuitOpensAfterRepeatedFailures (0.02s)
2026-09-18T10:27:31.8825412Z === RUN   TestRevokedCredentialIsNeverSelected
2026-09-18T10:27:31.8825823Z --- PASS: TestRevokedCredentialIsNeverSelected (0.00s)
2026-09-18T10:27:31.8826031Z === RUN   TestRetryTaxonomyFixture
2026-09-18T10:27:31.8826218Z --- PASS: TestRetryTaxonomyFixture (0.00s)
2026-09-18T10:27:31.8826392Z === RUN   TestResponsesFamily
2026-09-18T10:27:31.8826565Z --- PASS: TestResponsesFamily (0.01s)
2026-09-18T10:27:31.8826723Z === RUN   TestClientIP
2026-09-18T10:27:31.8826879Z --- PASS: TestClientIP (0.00s)
2026-09-18T10:27:31.8827033Z === RUN   TestCORSPreflight
2026-09-18T10:27:31.8827208Z --- PASS: TestCORSPreflight (0.00s)
2026-09-18T10:27:31.8827404Z === RUN   TestClientWriteFailureIsCancellation
2026-09-18T10:27:31.8827633Z --- PASS: TestClientWriteFailureIsCancellation (0.00s)
2026-09-18T10:27:31.8827893Z === RUN   TestHalfOpenCredentialFailureReleasesSiblingProbe
2026-09-18T10:27:31.8828188Z --- PASS: TestHalfOpenCredentialFailureReleasesSiblingProbe (0.00s)
2026-09-18T10:27:31.8828465Z === RUN   TestCredentialRotationClears401ButRetains429
2026-09-18T10:27:31.8828732Z --- PASS: TestCredentialRotationClears401ButRetains429 (0.00s)
2026-09-18T10:27:31.8828989Z === RUN   TestEstimateUsesTheEffectiveProviderRequest
2026-09-18T10:27:31.8829299Z === RUN   TestEstimateUsesTheEffectiveProviderRequest/default_output_and_candidates
2026-09-18T10:27:31.8829672Z === RUN   TestEstimateUsesTheEffectiveProviderRequest/explicit_alias_overrides_default
2026-09-18T10:27:31.8830047Z === RUN   TestEstimateUsesTheEffectiveProviderRequest/explicit_null_opts_out_of_default
2026-09-18T10:27:31.8830402Z === RUN   TestEstimateUsesTheEffectiveProviderRequest/responses_instructions
2026-09-18T10:27:31.8830731Z === RUN   TestEstimateUsesTheEffectiveProviderRequest/default_instructions
2026-09-18T10:27:31.8831077Z === RUN   TestEstimateUsesTheEffectiveProviderRequest/null_output_is_not_one_token
2026-09-18T10:27:31.8831398Z --- PASS: TestEstimateUsesTheEffectiveProviderRequest (0.00s)
2026-09-18T10:27:31.8831779Z     --- PASS: TestEstimateUsesTheEffectiveProviderRequest/default_output_and_candidates (0.00s)
2026-09-18T10:27:31.8832224Z     --- PASS: TestEstimateUsesTheEffectiveProviderRequest/explicit_alias_overrides_default (0.00s)
2026-09-18T10:27:31.8832672Z     --- PASS: TestEstimateUsesTheEffectiveProviderRequest/explicit_null_opts_out_of_default (0.00s)
2026-09-18T10:27:31.8833239Z     --- PASS: TestEstimateUsesTheEffectiveProviderRequest/responses_instructions (0.00s)
2026-09-18T10:27:31.8833631Z     --- PASS: TestEstimateUsesTheEffectiveProviderRequest/default_instructions (0.00s)
2026-09-18T10:27:31.8834042Z     --- PASS: TestEstimateUsesTheEffectiveProviderRequest/null_output_is_not_one_token (0.00s)
2026-09-18T10:27:31.8834341Z === RUN   TestKeyEstimateCoversEveryCandidate
2026-09-18T10:27:31.8834571Z --- PASS: TestKeyEstimateCoversEveryCandidate (0.00s)
2026-09-18T10:27:31.8834812Z === RUN   TestKeyReservationCoversEveryAllowedAttempt
2026-09-18T10:27:31.8835073Z --- PASS: TestKeyReservationCoversEveryAllowedAttempt (0.00s)
2026-09-18T10:27:31.8835336Z === RUN   TestKeyReservationCapsAtDispatchableAttempts
2026-09-18T10:27:31.8835608Z --- PASS: TestKeyReservationCapsAtDispatchableAttempts (0.00s)
2026-09-18T10:27:31.8835864Z === RUN   TestKeySettlementPreservesAllAttemptUsage
2026-09-18T10:27:31.8836118Z --- PASS: TestKeySettlementPreservesAllAttemptUsage (0.00s)
2026-09-18T10:27:31.8836364Z === RUN   TestTokenSettlementSaturatesBeforeAdding
2026-09-18T10:27:31.8836612Z --- PASS: TestTokenSettlementSaturatesBeforeAdding (0.00s)
2026-09-18T10:27:31.8836854Z === RUN   TestPartialUpstreamWriteIsNotRefundable
2026-09-18T10:27:31.8837102Z --- PASS: TestPartialUpstreamWriteIsNotRefundable (0.00s)
2026-09-18T10:27:31.8837311Z === RUN   TestAdmissionEstimate
2026-09-18T10:27:31.8837547Z === RUN   TestAdmissionEstimate/unbounded_output_is_charged_the_default
2026-09-18T10:27:31.8837815Z === RUN   TestAdmissionEstimate/max_tokens_bounds_the_reply
2026-09-18T10:27:31.8838058Z === RUN   TestAdmissionEstimate/every_candidate_is_charged
2026-09-18T10:27:31.8838316Z === RUN   TestAdmissionEstimate/characters_are_counted,_not_bytes
2026-09-18T10:27:31.8838779Z === RUN   TestAdmissionEstimate/an_image_part_costs_a_flat_charge
2026-09-18T10:27:31.8839059Z === RUN   TestAdmissionEstimate/audio_and_files_cost_more_than_an_image
2026-09-18T10:27:31.8839362Z === RUN   TestAdmissionEstimate/tool_calls_and_their_results_are_prompt_text
2026-09-18T10:27:31.8839676Z === RUN   TestAdmissionEstimate/a_tool_catalogue_is_charged_with_its_schema
2026-09-18T10:27:31.8839960Z === RUN   TestAdmissionEstimate/responses_carries_its_own_bound
2026-09-18T10:27:31.8840260Z === RUN   TestAdmissionEstimate/responses_input_items_are_walked_like_messages
2026-09-18T10:27:31.8840597Z === RUN   TestAdmissionEstimate/an_absurd_request_saturates_instead_of_overflowing
2026-09-18T10:27:31.8840853Z --- PASS: TestAdmissionEstimate (0.00s)
2026-09-18T10:27:31.8841146Z     --- PASS: TestAdmissionEstimate/unbounded_output_is_charged_the_default (0.00s)
2026-09-18T10:27:31.8841477Z     --- PASS: TestAdmissionEstimate/max_tokens_bounds_the_reply (0.00s)
2026-09-18T10:27:31.8841780Z     --- PASS: TestAdmissionEstimate/every_candidate_is_charged (0.00s)
2026-09-18T10:27:31.8842100Z     --- PASS: TestAdmissionEstimate/characters_are_counted,_not_bytes (0.00s)
2026-09-18T10:27:31.8842432Z     --- PASS: TestAdmissionEstimate/an_image_part_costs_a_flat_charge (0.00s)
2026-09-18T10:27:31.8842902Z     --- PASS: TestAdmissionEstimate/audio_and_files_cost_more_than_an_image (0.00s)
2026-09-18T10:27:31.8843276Z     --- PASS: TestAdmissionEstimate/tool_calls_and_their_results_are_prompt_text (0.00s)
2026-09-18T10:27:31.8843659Z     --- PASS: TestAdmissionEstimate/a_tool_catalogue_is_charged_with_its_schema (0.00s)
2026-09-18T10:27:31.8844001Z     --- PASS: TestAdmissionEstimate/responses_carries_its_own_bound (0.00s)
2026-09-18T10:27:31.8844358Z     --- PASS: TestAdmissionEstimate/responses_input_items_are_walked_like_messages (0.00s)
2026-09-18T10:27:31.8844759Z     --- PASS: TestAdmissionEstimate/an_absurd_request_saturates_instead_of_overflowing (0.00s)
2026-09-18T10:27:31.8845069Z === RUN   TestAdmissionEstimateIgnoresInlineMediaSize
2026-09-18T10:27:31.8845338Z --- PASS: TestAdmissionEstimateIgnoresInlineMediaSize (0.39s)
2026-09-18T10:27:31.8845569Z === RUN   TestAdmissionRejectionMapping
2026-09-18T10:27:31.8845775Z === RUN   TestAdmissionRejectionMapping/requests
2026-09-18T10:27:31.8845993Z === RUN   TestAdmissionRejectionMapping/tokens
2026-09-18T10:27:31.8846212Z === RUN   TestAdmissionRejectionMapping/concurrency
2026-09-18T10:27:31.8846435Z === RUN   TestAdmissionRejectionMapping/daily_cost
2026-09-18T10:27:31.8846661Z === RUN   TestAdmissionRejectionMapping/monthly_cost
2026-09-18T10:27:31.8846885Z --- PASS: TestAdmissionRejectionMapping (0.00s)
2026-09-18T10:27:31.8847145Z     --- PASS: TestAdmissionRejectionMapping/requests (0.00s)
2026-09-18T10:27:31.8847410Z     --- PASS: TestAdmissionRejectionMapping/tokens (0.00s)
2026-09-18T10:27:31.8847681Z     --- PASS: TestAdmissionRejectionMapping/concurrency (0.00s)
2026-09-18T10:27:31.8847960Z     --- PASS: TestAdmissionRejectionMapping/daily_cost (0.00s)
2026-09-18T10:27:31.8848245Z     --- PASS: TestAdmissionRejectionMapping/monthly_cost (0.00s)
2026-09-18T10:27:31.8848473Z === RUN   TestAdmissionWithoutLimiter
2026-09-18T10:27:31.8848671Z --- PASS: TestAdmissionWithoutLimiter (0.00s)
2026-09-18T10:27:31.8848900Z === RUN   TestAdmissionFailsOpenOnlyForServiceOutages
2026-09-18T10:27:31.8849164Z --- PASS: TestAdmissionFailsOpenOnlyForServiceOutages (0.00s)
2026-09-18T10:27:31.8849388Z === RUN   TestSettleKeyWithoutLease
2026-09-18T10:27:31.8849576Z --- PASS: TestSettleKeyWithoutLease (0.00s)
2026-09-18T10:27:31.8849751Z === RUN   TestTotalTokens
2026-09-18T10:27:31.8849924Z === RUN   TestTotalTokens/reported_total_wins
2026-09-18T10:27:31.8850169Z === RUN   TestTotalTokens/halves_are_summed_when_no_total_is_reported
2026-09-18T10:27:31.8850393Z --- PASS: TestTotalTokens (0.00s)
2026-09-18T10:27:31.8850611Z     --- PASS: TestTotalTokens/reported_total_wins (0.00s)
2026-09-18T10:27:31.8851013Z     --- PASS: TestTotalTokens/halves_are_summed_when_no_total_is_reported (0.00s)
2026-09-18T10:27:31.8851415Z === RUN   TestMediaJSONBodyDeadlineAndAdmissionCleanup
2026-09-18T10:27:31.8851683Z === RUN   TestMediaJSONBodyDeadlineAndAdmissionCleanup/complete
2026-09-18T10:27:31.8851962Z === RUN   TestMediaJSONBodyDeadlineAndAdmissionCleanup/stalled
2026-09-18T10:27:31.8852246Z --- PASS: TestMediaJSONBodyDeadlineAndAdmissionCleanup (0.00s)
2026-09-18T10:27:31.8852571Z     --- PASS: TestMediaJSONBodyDeadlineAndAdmissionCleanup/complete (0.00s)
2026-09-18T10:27:31.8853054Z     --- PASS: TestMediaJSONBodyDeadlineAndAdmissionCleanup/stalled (0.00s)
2026-09-18T10:27:31.8853335Z === RUN   TestSpeechDeliveryDeterminesTerminalOutcome
2026-09-18T10:27:31.8853586Z === RUN   TestSpeechDeliveryDeterminesTerminalOutcome/none
2026-09-18T10:27:31.8853847Z === RUN   TestSpeechDeliveryDeterminesTerminalOutcome/write
2026-09-18T10:27:31.8854108Z === RUN   TestSpeechDeliveryDeterminesTerminalOutcome/flush
2026-09-18T10:27:31.8854382Z --- PASS: TestSpeechDeliveryDeterminesTerminalOutcome (0.01s)
2026-09-18T10:27:31.8854695Z     --- PASS: TestSpeechDeliveryDeterminesTerminalOutcome/none (0.00s)
2026-09-18T10:27:31.8855018Z     --- PASS: TestSpeechDeliveryDeterminesTerminalOutcome/write (0.00s)
2026-09-18T10:27:31.8855338Z     --- PASS: TestSpeechDeliveryDeterminesTerminalOutcome/flush (0.00s)
2026-09-18T10:27:31.8855616Z === RUN   TestMissingMediaArtifactReportsDeliveryFailure
2026-09-18T10:27:31.8855895Z --- PASS: TestMissingMediaArtifactReportsDeliveryFailure (0.00s)
2026-09-18T10:27:31.8856149Z === RUN   TestMediaStreamCancellationAndDeadline
2026-09-18T10:27:31.8856412Z === RUN   TestMediaStreamCancellationAndDeadline/client_cancellation
2026-09-18T10:27:31.8856699Z === RUN   TestMediaStreamCancellationAndDeadline/attempt_deadline
2026-09-18T10:27:31.8857011Z === RUN   TestMediaStreamCancellationAndDeadline/deadline_before_first_event
2026-09-18T10:27:31.8857303Z --- PASS: TestMediaStreamCancellationAndDeadline (0.21s)
2026-09-18T10:27:31.8857629Z     --- PASS: TestMediaStreamCancellationAndDeadline/client_cancellation (0.00s)
2026-09-18T10:27:31.8858006Z     --- PASS: TestMediaStreamCancellationAndDeadline/attempt_deadline (0.10s)
2026-09-18T10:27:31.8858386Z     --- PASS: TestMediaStreamCancellationAndDeadline/deadline_before_first_event (0.11s)
2026-09-18T10:27:31.8858686Z === RUN   TestMediaAmbiguousFailureDoesNotFailOver
2026-09-18T10:27:31.8858938Z --- PASS: TestMediaAmbiguousFailureDoesNotFailOver (0.01s)
2026-09-18T10:27:31.8859205Z === RUN   TestMediaImageDeliveryFailureCleansEveryArtifact
2026-09-18T10:27:31.8859492Z --- PASS: TestMediaImageDeliveryFailureCleansEveryArtifact (0.00s)
2026-09-18T10:27:31.8859786Z === RUN   TestMediaStreamHoldsTargetConcurrencyUntilCompletion
2026-09-18T10:27:31.8860098Z === RUN   TestMediaStreamHoldsTargetConcurrencyUntilCompletion/provider
2026-09-18T10:27:31.8860430Z === RUN   TestMediaStreamHoldsTargetConcurrencyUntilCompletion/credential
2026-09-18T10:27:31.8860765Z --- PASS: TestMediaStreamHoldsTargetConcurrencyUntilCompletion (0.01s)
2026-09-18T10:27:31.8861139Z     --- PASS: TestMediaStreamHoldsTargetConcurrencyUntilCompletion/provider (0.01s)
2026-09-18T10:27:31.8861531Z     --- PASS: TestMediaStreamHoldsTargetConcurrencyUntilCompletion/credential (0.01s)
2026-09-18T10:27:31.8861841Z === RUN   TestVideoCreateReservesAndSettlesSharedQuotas
2026-09-18T10:27:31.8862099Z === RUN   TestVideoCreateReservesAndSettlesSharedQuotas/key
2026-09-18T10:27:31.8862377Z === RUN   TestVideoCreateReservesAndSettlesSharedQuotas/provider
2026-09-18T10:27:31.8862670Z === RUN   TestVideoCreateReservesAndSettlesSharedQuotas/credential
2026-09-18T10:27:31.8863092Z --- PASS: TestVideoCreateReservesAndSettlesSharedQuotas (1.03s)
2026-09-18T10:27:31.8863407Z     --- PASS: TestVideoCreateReservesAndSettlesSharedQuotas/key (0.34s)
2026-09-18T10:27:31.8863744Z     --- PASS: TestVideoCreateReservesAndSettlesSharedQuotas/provider (0.41s)
2026-09-18T10:27:31.8864099Z     --- PASS: TestVideoCreateReservesAndSettlesSharedQuotas/credential (0.28s)
2026-09-18T10:27:31.8864575Z === RUN   TestVideoLifecycleReservesAndSettlesSharedQuotas
2026-09-18T10:27:31.8864859Z === RUN   TestVideoLifecycleReservesAndSettlesSharedQuotas/key/list
2026-09-18T10:27:31.8865155Z === RUN   TestVideoLifecycleReservesAndSettlesSharedQuotas/key/get
2026-09-18T10:27:31.8865458Z === RUN   TestVideoLifecycleReservesAndSettlesSharedQuotas/key/content
2026-09-18T10:27:31.8865765Z === RUN   TestVideoLifecycleReservesAndSettlesSharedQuotas/key/delete
2026-09-18T10:27:31.8866078Z === RUN   TestVideoLifecycleReservesAndSettlesSharedQuotas/provider/list
2026-09-18T10:27:31.8866398Z === RUN   TestVideoLifecycleReservesAndSettlesSharedQuotas/provider/get
2026-09-18T10:27:31.8866723Z === RUN   TestVideoLifecycleReservesAndSettlesSharedQuotas/provider/content
2026-09-18T10:27:31.8867052Z === RUN   TestVideoLifecycleReservesAndSettlesSharedQuotas/provider/delete
2026-09-18T10:27:31.8867381Z === RUN   TestVideoLifecycleReservesAndSettlesSharedQuotas/credential/list
2026-09-18T10:27:31.8867719Z === RUN   TestVideoLifecycleReservesAndSettlesSharedQuotas/credential/get
2026-09-18T10:27:31.8868058Z === RUN   TestVideoLifecycleReservesAndSettlesSharedQuotas/credential/content
2026-09-18T10:27:31.8868402Z === RUN   TestVideoLifecycleReservesAndSettlesSharedQuotas/credential/delete
2026-09-18T10:27:31.8868725Z --- PASS: TestVideoLifecycleReservesAndSettlesSharedQuotas (3.41s)
2026-09-18T10:27:31.8869149Z     --- PASS: TestVideoLifecycleReservesAndSettlesSharedQuotas/key/list (0.48s)
2026-09-18T10:27:31.8869764Z     --- PASS: TestVideoLifecycleReservesAndSettlesSharedQuotas/key/get (0.26s)
2026-09-18T10:27:31.8870388Z     --- PASS: TestVideoLifecycleReservesAndSettlesSharedQuotas/key/content (0.14s)
2026-09-18T10:27:31.8870763Z     --- PASS: TestVideoLifecycleReservesAndSettlesSharedQuotas/key/delete (0.14s)
2026-09-18T10:27:31.8871142Z     --- PASS: TestVideoLifecycleReservesAndSettlesSharedQuotas/provider/list (0.13s)
2026-09-18T10:27:31.8871526Z     --- PASS: TestVideoLifecycleReservesAndSettlesSharedQuotas/provider/get (0.15s)
2026-09-18T10:27:31.8871921Z     --- PASS: TestVideoLifecycleReservesAndSettlesSharedQuotas/provider/content (0.53s)
2026-09-18T10:27:31.8872316Z     --- PASS: TestVideoLifecycleReservesAndSettlesSharedQuotas/provider/delete (0.44s)
2026-09-18T10:27:31.8872814Z     --- PASS: TestVideoLifecycleReservesAndSettlesSharedQuotas/credential/list (0.26s)
2026-09-18T10:27:31.8873229Z     --- PASS: TestVideoLifecycleReservesAndSettlesSharedQuotas/credential/get (0.35s)
2026-09-18T10:27:31.8873629Z     --- PASS: TestVideoLifecycleReservesAndSettlesSharedQuotas/credential/content (0.19s)
2026-09-18T10:27:31.8874034Z     --- PASS: TestVideoLifecycleReservesAndSettlesSharedQuotas/credential/delete (0.33s)
2026-09-18T10:27:31.8874383Z === RUN   TestReplacementRestoreRetainsMediaJobsAndRotatedCredentials
2026-09-18T10:27:31.8874728Z --- PASS: TestReplacementRestoreRetainsMediaJobsAndRotatedCredentials (2.61s)
2026-09-18T10:27:31.8875003Z === RUN   TestVideoJobLifecycleEndToEnd
2026-09-18T10:27:31.8875210Z --- PASS: TestVideoJobLifecycleEndToEnd (0.16s)
2026-09-18T10:27:31.8875433Z === RUN   TestMediaJobManagementSessionAuthorized
2026-09-18T10:27:31.8875679Z --- PASS: TestMediaJobManagementSessionAuthorized (0.45s)
2026-09-18T10:27:31.8875913Z === RUN   TestVideoDeleteAmbiguityRetainsIntent
2026-09-18T10:27:31.8876150Z --- PASS: TestVideoDeleteAmbiguityRetainsIntent (0.83s)
2026-09-18T10:27:31.8876386Z === RUN   TestVideoCreateAttachFailureCompensates
2026-09-18T10:27:31.8876632Z --- PASS: TestVideoCreateAttachFailureCompensates (0.52s)
2026-09-18T10:27:31.8876879Z === RUN   TestMediaReconciliationRefreshesAndExpires
2026-09-18T10:27:31.8877136Z --- PASS: TestMediaReconciliationRefreshesAndExpires (0.31s)
2026-09-18T10:27:31.8877367Z === RUN   TestMediaJobCredentialRevocation
2026-09-18T10:27:31.8877583Z --- PASS: TestMediaJobCredentialRevocation (0.31s)
2026-09-18T10:27:31.8877785Z === RUN   TestVideoConcurrentCreates
2026-09-18T10:27:31.8877979Z --- PASS: TestVideoConcurrentCreates (0.20s)
2026-09-18T10:27:31.8878161Z === RUN   TestVideoMultipartBounds
2026-09-18T10:27:31.8878333Z --- PASS: TestVideoMultipartBounds (0.39s)
2026-09-18T10:27:31.8878463Z === RUN   TestMediaStreamCompletesBeforeAttemptSettlement
2026-09-18T10:27:31.8878604Z === RUN   TestMediaStreamCompletesBeforeAttemptSettlement/image
2026-09-18T10:27:31.8878747Z === RUN   TestMediaStreamCompletesBeforeAttemptSettlement/speech
2026-09-18T10:27:31.8878898Z --- PASS: TestMediaStreamCompletesBeforeAttemptSettlement (0.01s)
2026-09-18T10:27:31.8879080Z     --- PASS: TestMediaStreamCompletesBeforeAttemptSettlement/image (0.00s)
2026-09-18T10:27:31.8879266Z     --- PASS: TestMediaStreamCompletesBeforeAttemptSettlement/speech (0.00s)
2026-09-18T10:27:31.8879413Z === RUN   TestMediaStreamRejectsIncompleteAndOversizedResponses
2026-09-18T10:27:31.8879588Z === RUN   TestMediaStreamRejectsIncompleteAndOversizedResponses/premature_EOF
2026-09-18T10:27:31.8879761Z === RUN   TestMediaStreamRejectsIncompleteAndOversizedResponses/empty_stream
2026-09-18T10:27:31.8879943Z === RUN   TestMediaStreamRejectsIncompleteAndOversizedResponses/upstream_error
2026-09-18T10:27:31.8880112Z === RUN   TestMediaStreamRejectsIncompleteAndOversizedResponses/frame_limit
2026-09-18T10:27:31.8880280Z --- PASS: TestMediaStreamRejectsIncompleteAndOversizedResponses (0.01s)
2026-09-18T10:27:31.8880500Z     --- PASS: TestMediaStreamRejectsIncompleteAndOversizedResponses/premature_EOF (0.00s)
2026-09-18T10:27:31.8880716Z     --- PASS: TestMediaStreamRejectsIncompleteAndOversizedResponses/empty_stream (0.00s)
2026-09-18T10:27:31.8880938Z     --- PASS: TestMediaStreamRejectsIncompleteAndOversizedResponses/upstream_error (0.00s)
2026-09-18T10:27:31.8881151Z     --- PASS: TestMediaStreamRejectsIncompleteAndOversizedResponses/frame_limit (0.00s)
2026-09-18T10:27:31.8881268Z === RUN   TestMediaSpeechMissingUsageRemainsUncertain
2026-09-18T10:27:31.8881407Z --- PASS: TestMediaSpeechMissingUsageRemainsUncertain (0.00s)
2026-09-18T10:27:31.8881523Z === RUN   TestMediaDefinitiveRejectionAllowsFailover
2026-09-18T10:27:31.8881667Z === RUN   TestMediaDefinitiveRejectionAllowsFailover/Unauthorized
2026-09-18T10:27:31.8881821Z === RUN   TestMediaDefinitiveRejectionAllowsFailover/Too_Many_Requests
2026-09-18T10:27:31.8881957Z --- PASS: TestMediaDefinitiveRejectionAllowsFailover (0.01s)
2026-09-18T10:27:31.8882140Z     --- PASS: TestMediaDefinitiveRejectionAllowsFailover/Unauthorized (0.00s)
2026-09-18T10:27:31.8882337Z     --- PASS: TestMediaDefinitiveRejectionAllowsFailover/Too_Many_Requests (0.00s)
2026-09-18T10:27:31.8882429Z === RUN   TestMediaJSONUsesJSONBodyLimit
2026-09-18T10:27:31.8882533Z === RUN   TestMediaJSONUsesJSONBodyLimit/identity
2026-09-18T10:27:31.8882634Z === RUN   TestMediaJSONUsesJSONBodyLimit/gzip
2026-09-18T10:27:31.8882892Z === RUN   TestMediaJSONUsesJSONBodyLimit/separate_multipart_cap
2026-09-18T10:27:31.8883000Z --- PASS: TestMediaJSONUsesJSONBodyLimit (0.01s)
2026-09-18T10:27:31.8883143Z     --- PASS: TestMediaJSONUsesJSONBodyLimit/identity (0.00s)
2026-09-18T10:27:31.8883279Z     --- PASS: TestMediaJSONUsesJSONBodyLimit/gzip (0.00s)
2026-09-18T10:27:31.8883451Z     --- PASS: TestMediaJSONUsesJSONBodyLimit/separate_multipart_cap (0.00s)
2026-09-18T10:27:31.8883555Z === RUN   TestMediaMultipartBoundsAndAdmission
2026-09-18T10:27:31.8883698Z === RUN   TestMediaMultipartBoundsAndAdmission/image_edit_defaults
2026-09-18T10:27:31.8883826Z === RUN   TestMediaMultipartBoundsAndAdmission/busy_parser
2026-09-18T10:27:31.8883956Z === RUN   TestMediaMultipartBoundsAndAdmission/declared_body
2026-09-18T10:27:31.8884081Z === RUN   TestMediaMultipartBoundsAndAdmission/chunked_body
2026-09-18T10:27:31.8884201Z === RUN   TestMediaMultipartBoundsAndAdmission/epilogue
2026-09-18T10:27:31.8884324Z --- PASS: TestMediaMultipartBoundsAndAdmission (0.01s)
2026-09-18T10:27:31.8884508Z     --- PASS: TestMediaMultipartBoundsAndAdmission/image_edit_defaults (0.00s)
2026-09-18T10:27:31.8884673Z     --- PASS: TestMediaMultipartBoundsAndAdmission/busy_parser (0.00s)
2026-09-18T10:27:31.8885014Z     --- PASS: TestMediaMultipartBoundsAndAdmission/declared_body (0.00s)
2026-09-18T10:27:31.8885180Z     --- PASS: TestMediaMultipartBoundsAndAdmission/chunked_body (0.00s)
2026-09-18T10:27:31.8885340Z     --- PASS: TestMediaMultipartBoundsAndAdmission/epilogue (0.00s)
2026-09-18T10:27:31.8885487Z === RUN   TestVideoCreateFailsClosedForUnenforceableTargetQuotas
2026-09-18T10:27:31.8885654Z === RUN   TestVideoCreateFailsClosedForUnenforceableTargetQuotas/provider
2026-09-18T10:27:31.8886028Z 2026/09/18 10:22:19 WARN skipping target with unenforceable quotas provider_id=de0cf991-26e5-45f7-9aec-a68023426483 slot_id=c0c94b3e-750d-4029-816e-d13cfec8f6f0
2026-09-18T10:27:31.8886201Z === RUN   TestVideoCreateFailsClosedForUnenforceableTargetQuotas/credential
2026-09-18T10:27:31.8886557Z 2026/09/18 10:22:19 WARN skipping target with unenforceable quotas provider_id=e832ed8c-016f-4fcb-98b1-c6791e45d707 slot_id=e6694a58-d6fa-4b33-ba23-f303d162df6a
2026-09-18T10:27:31.8886728Z --- PASS: TestVideoCreateFailsClosedForUnenforceableTargetQuotas (0.00s)
2026-09-18T10:27:31.8886945Z     --- PASS: TestVideoCreateFailsClosedForUnenforceableTargetQuotas/provider (0.00s)
2026-09-18T10:27:31.8887159Z     --- PASS: TestVideoCreateFailsClosedForUnenforceableTargetQuotas/credential (0.00s)
2026-09-18T10:27:31.8887287Z === RUN   TestMediaKeySettlementChargesDispatchedRequests
2026-09-18T10:27:31.8887429Z === RUN   TestMediaKeySettlementChargesDispatchedRequests/unary
2026-09-18T10:27:31.8887577Z === RUN   TestMediaKeySettlementChargesDispatchedRequests/streaming
2026-09-18T10:27:31.8887726Z --- PASS: TestMediaKeySettlementChargesDispatchedRequests (0.01s)
2026-09-18T10:27:31.8887904Z     --- PASS: TestMediaKeySettlementChargesDispatchedRequests/unary (0.01s)
2026-09-18T10:27:31.8888092Z     --- PASS: TestMediaKeySettlementChargesDispatchedRequests/streaming (0.01s)
2026-09-18T10:27:31.8888263Z === RUN   TestRevocationDuringAnAttemptSkipsSiblingWithoutConsumingBudget
2026-09-18T10:27:31.8888467Z === RUN   TestRevocationDuringAnAttemptSkipsSiblingWithoutConsumingBudget/Unauthorized
2026-09-18T10:27:31.8888665Z === RUN   TestRevocationDuringAnAttemptSkipsSiblingWithoutConsumingBudget/Forbidden
2026-09-18T10:27:31.8888883Z === RUN   TestRevocationDuringAnAttemptSkipsSiblingWithoutConsumingBudget/Too_Many_Requests
2026-09-18T10:27:31.8889079Z --- PASS: TestRevocationDuringAnAttemptSkipsSiblingWithoutConsumingBudget (0.01s)
2026-09-18T10:27:31.8889332Z     --- PASS: TestRevocationDuringAnAttemptSkipsSiblingWithoutConsumingBudget/Unauthorized (0.00s)
2026-09-18T10:27:31.8889580Z     --- PASS: TestRevocationDuringAnAttemptSkipsSiblingWithoutConsumingBudget/Forbidden (0.00s)
2026-09-18T10:27:31.8889849Z     --- PASS: TestRevocationDuringAnAttemptSkipsSiblingWithoutConsumingBudget/Too_Many_Requests (0.00s)
2026-09-18T10:27:31.8889976Z === RUN   TestStreamsUsePerEventLimitNotUnaryResponseLimit
2026-09-18T10:27:31.8890168Z === RUN   TestStreamsUsePerEventLimitNotUnaryResponseLimit/chat/oversized-event=false
2026-09-18T10:27:31.8890362Z === RUN   TestStreamsUsePerEventLimitNotUnaryResponseLimit/chat/oversized-event=true
2026-09-18T10:27:31.8890567Z === RUN   TestStreamsUsePerEventLimitNotUnaryResponseLimit/responses/oversized-event=false
2026-09-18T10:27:31.8890768Z === RUN   TestStreamsUsePerEventLimitNotUnaryResponseLimit/responses/oversized-event=true
2026-09-18T10:27:31.8890923Z --- PASS: TestStreamsUsePerEventLimitNotUnaryResponseLimit (0.01s)
2026-09-18T10:27:31.8891161Z     --- PASS: TestStreamsUsePerEventLimitNotUnaryResponseLimit/chat/oversized-event=false (0.00s)
2026-09-18T10:27:31.8891399Z     --- PASS: TestStreamsUsePerEventLimitNotUnaryResponseLimit/chat/oversized-event=true (0.00s)
2026-09-18T10:27:31.8891655Z     --- PASS: TestStreamsUsePerEventLimitNotUnaryResponseLimit/responses/oversized-event=false (0.00s)
2026-09-18T10:27:31.8891905Z     --- PASS: TestStreamsUsePerEventLimitNotUnaryResponseLimit/responses/oversized-event=true (0.00s)
2026-09-18T10:27:31.8892075Z === RUN   TestTerminalStreamReleasesAdmissionAndRecordsSuccessWithoutEOF
2026-09-18T10:27:31.8892377Z === RUN   TestTerminalStreamReleasesAdmissionAndRecordsSuccessWithoutEOF/chat
2026-09-18T10:27:31.8892569Z === RUN   TestTerminalStreamReleasesAdmissionAndRecordsSuccessWithoutEOF/responses
2026-09-18T10:27:31.8892911Z --- PASS: TestTerminalStreamReleasesAdmissionAndRecordsSuccessWithoutEOF (0.11s)
2026-09-18T10:27:31.8893140Z     --- PASS: TestTerminalStreamReleasesAdmissionAndRecordsSuccessWithoutEOF/chat (0.05s)
2026-09-18T10:27:31.8893379Z     --- PASS: TestTerminalStreamReleasesAdmissionAndRecordsSuccessWithoutEOF/responses (0.05s)
2026-09-18T10:27:31.8893521Z === RUN   TestPrematureDoneReturnsAnErrorWithoutASuccessMarker
2026-09-18T10:27:31.8893707Z === RUN   TestPrematureDoneReturnsAnErrorWithoutASuccessMarker/before_first_frame
2026-09-18T10:27:31.8893897Z === RUN   TestPrematureDoneReturnsAnErrorWithoutASuccessMarker/after_partial_output
2026-09-18T10:27:31.8894061Z --- PASS: TestPrematureDoneReturnsAnErrorWithoutASuccessMarker (0.01s)
2026-09-18T10:27:31.8894299Z     --- PASS: TestPrematureDoneReturnsAnErrorWithoutASuccessMarker/before_first_frame (0.00s)
2026-09-18T10:27:31.8894535Z     --- PASS: TestPrematureDoneReturnsAnErrorWithoutASuccessMarker/after_partial_output (0.00s)
2026-09-18T10:27:31.8894699Z === RUN   TestUnfinishedSecondChoiceRecordsFailureWithoutASuccessMarker
2026-09-18T10:27:31.8894888Z --- PASS: TestUnfinishedSecondChoiceRecordsFailureWithoutASuccessMarker (0.00s)
2026-09-18T10:27:31.8894980Z === RUN   TestMalformedSSEDoesNotFailOver
2026-09-18T10:27:31.8895114Z === RUN   TestMalformedSSEDoesNotFailOver//v1/chat/completions
2026-09-18T10:27:31.8895233Z === RUN   TestMalformedSSEDoesNotFailOver//v1/responses
2026-09-18T10:27:31.8895341Z --- PASS: TestMalformedSSEDoesNotFailOver (0.00s)
2026-09-18T10:27:31.8895515Z     --- PASS: TestMalformedSSEDoesNotFailOver//v1/chat/completions (0.00s)
2026-09-18T10:27:31.8895673Z     --- PASS: TestMalformedSSEDoesNotFailOver//v1/responses (0.00s)
2026-09-18T10:27:31.8895811Z === RUN   TestChatStreamUsageOptionPreservesInternalAccounting
2026-09-18T10:27:31.8895998Z === RUN   TestChatStreamUsageOptionPreservesInternalAccounting//usage-only=false
2026-09-18T10:27:31.8896176Z === RUN   TestChatStreamUsageOptionPreservesInternalAccounting//usage-only=true
2026-09-18T10:27:31.8896366Z === RUN   TestChatStreamUsageOptionPreservesInternalAccounting/null/usage-only=false
2026-09-18T10:27:31.8896555Z === RUN   TestChatStreamUsageOptionPreservesInternalAccounting/null/usage-only=true
2026-09-18T10:27:31.8896741Z === RUN   TestChatStreamUsageOptionPreservesInternalAccounting/{}/usage-only=false
2026-09-18T10:27:31.8896922Z === RUN   TestChatStreamUsageOptionPreservesInternalAccounting/{}/usage-only=true
2026-09-18T10:27:31.8897166Z === RUN   TestChatStreamUsageOptionPreservesInternalAccounting/{"include_usage":false}/usage-only=false
2026-09-18T10:27:31.8897402Z === RUN   TestChatStreamUsageOptionPreservesInternalAccounting/{"include_usage":false}/usage-only=true
2026-09-18T10:27:31.8897638Z === RUN   TestChatStreamUsageOptionPreservesInternalAccounting/{"include_usage":true}/usage-only=false
2026-09-18T10:27:31.8897875Z === RUN   TestChatStreamUsageOptionPreservesInternalAccounting/{"include_usage":true}/usage-only=true
2026-09-18T10:27:31.8898037Z --- PASS: TestChatStreamUsageOptionPreservesInternalAccounting (0.03s)
2026-09-18T10:27:31.8898268Z     --- PASS: TestChatStreamUsageOptionPreservesInternalAccounting//usage-only=false (0.00s)
2026-09-18T10:27:31.8898495Z     --- PASS: TestChatStreamUsageOptionPreservesInternalAccounting//usage-only=true (0.00s)
2026-09-18T10:27:31.8898734Z     --- PASS: TestChatStreamUsageOptionPreservesInternalAccounting/null/usage-only=false (0.00s)
2026-09-18T10:27:31.8898968Z     --- PASS: TestChatStreamUsageOptionPreservesInternalAccounting/null/usage-only=true (0.00s)
2026-09-18T10:27:31.8899199Z     --- PASS: TestChatStreamUsageOptionPreservesInternalAccounting/{}/usage-only=false (0.00s)
2026-09-18T10:27:31.8899428Z     --- PASS: TestChatStreamUsageOptionPreservesInternalAccounting/{}/usage-only=true (0.00s)
2026-09-18T10:27:31.8899894Z     --- PASS: TestChatStreamUsageOptionPreservesInternalAccounting/{"include_usage":false}/usage-only=false (0.00s)
2026-09-18T10:27:31.8900183Z     --- PASS: TestChatStreamUsageOptionPreservesInternalAccounting/{"include_usage":false}/usage-only=true (0.00s)
2026-09-18T10:27:31.8900465Z     --- PASS: TestChatStreamUsageOptionPreservesInternalAccounting/{"include_usage":true}/usage-only=false (0.00s)
2026-09-18T10:27:31.8900743Z     --- PASS: TestChatStreamUsageOptionPreservesInternalAccounting/{"include_usage":true}/usage-only=true (0.00s)
2026-09-18T10:27:31.8900847Z === RUN   TestFailedStreamsRetainObservedUsage
2026-09-18T10:27:31.8900983Z === RUN   TestFailedStreamsRetainObservedUsage/chat/unreported
2026-09-18T10:27:31.8901105Z === RUN   TestFailedStreamsRetainObservedUsage/chat/zero
2026-09-18T10:27:31.8901236Z === RUN   TestFailedStreamsRetainObservedUsage/chat/reported
2026-09-18T10:27:31.8901383Z === RUN   TestFailedStreamsRetainObservedUsage/responses/unreported
2026-09-18T10:27:31.8901516Z === RUN   TestFailedStreamsRetainObservedUsage/responses/zero
2026-09-18T10:27:31.8901655Z === RUN   TestFailedStreamsRetainObservedUsage/responses/reported
2026-09-18T10:27:31.8901778Z --- PASS: TestFailedStreamsRetainObservedUsage (0.02s)
2026-09-18T10:27:31.8901950Z     --- PASS: TestFailedStreamsRetainObservedUsage/chat/unreported (0.00s)
2026-09-18T10:27:31.8902109Z     --- PASS: TestFailedStreamsRetainObservedUsage/chat/zero (0.00s)
2026-09-18T10:27:31.8902277Z     --- PASS: TestFailedStreamsRetainObservedUsage/chat/reported (0.00s)
2026-09-18T10:27:31.8902462Z     --- PASS: TestFailedStreamsRetainObservedUsage/responses/unreported (0.00s)
2026-09-18T10:27:31.8902632Z     --- PASS: TestFailedStreamsRetainObservedUsage/responses/zero (0.00s)
2026-09-18T10:27:31.8902945Z     --- PASS: TestFailedStreamsRetainObservedUsage/responses/reported (0.00s)
2026-09-18T10:27:31.8903075Z === RUN   TestStreamClientWriteFailureRetainsObservedUsage
2026-09-18T10:27:31.8903221Z === RUN   TestStreamClientWriteFailureRetainsObservedUsage/chat
2026-09-18T10:27:31.8903377Z === RUN   TestStreamClientWriteFailureRetainsObservedUsage/responses
2026-09-18T10:27:31.8903528Z --- PASS: TestStreamClientWriteFailureRetainsObservedUsage (0.00s)
2026-09-18T10:27:31.8903710Z     --- PASS: TestStreamClientWriteFailureRetainsObservedUsage/chat (0.00s)
2026-09-18T10:27:31.8903906Z     --- PASS: TestStreamClientWriteFailureRetainsObservedUsage/responses (0.00s)
2026-09-18T10:27:31.8904053Z === RUN   TestMalformedUnaryChoicesRecordTerminalProtocolFailure
2026-09-18T10:27:31.8904213Z === RUN   TestMalformedUnaryChoicesRecordTerminalProtocolFailure/[{}]
2026-09-18T10:27:31.8904489Z === RUN   TestMalformedUnaryChoicesRecordTerminalProtocolFailure/[{"index":0,"message":null,"finish_reason":"stop"}]
2026-09-18T10:27:31.8904833Z === RUN   TestMalformedUnaryChoicesRecordTerminalProtocolFailure/[{"index":0,"message":{"role":"assistant","content":"ok"},"finish_reason":"stop"},{}]
2026-09-18T10:27:31.8905008Z --- PASS: TestMalformedUnaryChoicesRecordTerminalProtocolFailure (0.01s)
2026-09-18T10:27:31.8905214Z     --- PASS: TestMalformedUnaryChoicesRecordTerminalProtocolFailure/[{}] (0.00s)
2026-09-18T10:27:31.8905536Z     --- PASS: TestMalformedUnaryChoicesRecordTerminalProtocolFailure/[{"index":0,"message":null,"finish_reason":"stop"}] (0.00s)
2026-09-18T10:27:31.8905939Z     --- PASS: TestMalformedUnaryChoicesRecordTerminalProtocolFailure/[{"index":0,"message":{"role":"assistant","content":"ok"},"finish_reason":"stop"},{}] (0.00s)
2026-09-18T10:27:31.8906057Z === RUN   TestInferenceErrorDeliveryHasWriteDeadline
2026-09-18T10:27:31.8906206Z === RUN   TestInferenceErrorDeliveryHasWriteDeadline/authentication
2026-09-18T10:27:31.8906351Z === RUN   TestInferenceErrorDeliveryHasWriteDeadline/unknown_model
2026-09-18T10:27:31.8906506Z === RUN   TestInferenceErrorDeliveryHasWriteDeadline/upstream_rejection
2026-09-18T10:27:31.8906641Z --- PASS: TestInferenceErrorDeliveryHasWriteDeadline (0.00s)
2026-09-18T10:27:31.8906919Z     --- PASS: TestInferenceErrorDeliveryHasWriteDeadline/authentication (0.00s)
2026-09-18T10:27:31.8907183Z     --- PASS: TestInferenceErrorDeliveryHasWriteDeadline/unknown_model (0.00s)
2026-09-18T10:27:31.8907381Z     --- PASS: TestInferenceErrorDeliveryHasWriteDeadline/upstream_rejection (0.00s)
2026-09-18T10:27:31.8907496Z === RUN   TestUnaryDeliveryDeterminesTerminalOutcome
2026-09-18T10:27:31.8907640Z === RUN   TestUnaryDeliveryDeterminesTerminalOutcome/chat/success
2026-09-18T10:27:31.8907792Z === RUN   TestUnaryDeliveryDeterminesTerminalOutcome/chat/write_failure
2026-09-18T10:27:31.8907944Z === RUN   TestUnaryDeliveryDeterminesTerminalOutcome/chat/flush_failure
2026-09-18T10:27:31.8908093Z === RUN   TestUnaryDeliveryDeterminesTerminalOutcome/responses/success
2026-09-18T10:27:31.8908260Z === RUN   TestUnaryDeliveryDeterminesTerminalOutcome/responses/write_failure
2026-09-18T10:27:31.8908426Z === RUN   TestUnaryDeliveryDeterminesTerminalOutcome/responses/flush_failure
2026-09-18T10:27:31.8908562Z --- PASS: TestUnaryDeliveryDeterminesTerminalOutcome (0.01s)
2026-09-18T10:27:31.8908746Z     --- PASS: TestUnaryDeliveryDeterminesTerminalOutcome/chat/success (0.00s)
2026-09-18T10:27:31.8908943Z     --- PASS: TestUnaryDeliveryDeterminesTerminalOutcome/chat/write_failure (0.00s)
2026-09-18T10:27:31.8909135Z     --- PASS: TestUnaryDeliveryDeterminesTerminalOutcome/chat/flush_failure (0.00s)
2026-09-18T10:27:31.8909330Z     --- PASS: TestUnaryDeliveryDeterminesTerminalOutcome/responses/success (0.00s)
2026-09-18T10:27:31.8909539Z     --- PASS: TestUnaryDeliveryDeterminesTerminalOutcome/responses/write_failure (0.00s)
2026-09-18T10:27:31.8909746Z     --- PASS: TestUnaryDeliveryDeterminesTerminalOutcome/responses/flush_failure (0.00s)
2026-09-18T10:27:31.8909856Z === RUN   TestUnreadUnaryResponseReleasesAdmission
2026-09-18T10:27:31.8909968Z === PAUSE TestUnreadUnaryResponseReleasesAdmission
2026-09-18T10:27:31.8910075Z === CONT  TestUnreadUnaryResponseReleasesAdmission
2026-09-18T10:27:31.8910216Z === CONT  TestCompletedUploadDoesNotLimitInferenceOrKeepAlive
2026-09-18T10:27:31.8910382Z --- PASS: TestCompletedUploadDoesNotLimitInferenceOrKeepAlive (15.12s)
2026-09-18T10:27:31.8910514Z --- PASS: TestUnreadUnaryResponseReleasesAdmission (32.12s)
2026-09-18T10:27:31.8910564Z PASS
2026-09-18T10:27:31.8910678Z ok  	github.com/tyk-swe/olp/internal/gateway	60.217s
2026-09-18T10:27:31.8910785Z === RUN   TestConfigurationRejectsInvalidDefaults
2026-09-18T10:27:31.8910912Z --- PASS: TestConfigurationRejectsInvalidDefaults (0.00s)
2026-09-18T10:27:31.8911014Z === RUN   TestModelDiscoveryRequiresAModelList
2026-09-18T10:27:31.8911133Z --- PASS: TestModelDiscoveryRequiresAModelList (0.00s)
2026-09-18T10:27:31.8911219Z === RUN   TestSlotUUIDsAreCanonical
2026-09-18T10:27:31.8911314Z --- PASS: TestSlotUUIDsAreCanonical (0.00s)
2026-09-18T10:27:31.8911492Z === RUN   TestDeploymentCertificationKeepsBodyAndPathOnTheSameSingleMapping
2026-09-18T10:27:31.8911694Z --- PASS: TestDeploymentCertificationKeepsBodyAndPathOnTheSameSingleMapping (0.01s)
2026-09-18T10:27:31.8911843Z === RUN   TestNativeDiscoveryFollowsBoundedPagesAndPreservesFacts
2026-09-18T10:27:31.8912015Z === RUN   TestNativeDiscoveryFollowsBoundedPagesAndPreservesFacts/anthropic
2026-09-18T10:27:31.8912181Z === RUN   TestNativeDiscoveryFollowsBoundedPagesAndPreservesFacts/gemini
2026-09-18T10:27:31.8912351Z --- PASS: TestNativeDiscoveryFollowsBoundedPagesAndPreservesFacts (0.00s)
2026-09-18T10:27:31.8912570Z     --- PASS: TestNativeDiscoveryFollowsBoundedPagesAndPreservesFacts/anthropic (0.00s)
2026-09-18T10:27:31.8912917Z     --- PASS: TestNativeDiscoveryFollowsBoundedPagesAndPreservesFacts/gemini (0.00s)
2026-09-18T10:27:31.8913062Z === RUN   TestPublishedSlotsUseOnlyCredentialsRequiredByAuthMode
2026-09-18T10:27:31.8913293Z === RUN   TestPublishedSlotsUseOnlyCredentialsRequiredByAuthMode/none/enabled=false/revoked=false
2026-09-18T10:27:31.8913515Z === RUN   TestPublishedSlotsUseOnlyCredentialsRequiredByAuthMode/none/enabled=false/revoked=true
2026-09-18T10:27:31.8913901Z === RUN   TestPublishedSlotsUseOnlyCredentialsRequiredByAuthMode/none/enabled=true/revoked=false
2026-09-18T10:27:31.8914124Z === RUN   TestPublishedSlotsUseOnlyCredentialsRequiredByAuthMode/none/enabled=true/revoked=true
2026-09-18T10:27:31.8914356Z === RUN   TestPublishedSlotsUseOnlyCredentialsRequiredByAuthMode/api_key/enabled=false/revoked=false
2026-09-18T10:27:31.8914585Z === RUN   TestPublishedSlotsUseOnlyCredentialsRequiredByAuthMode/api_key/enabled=false/revoked=true
2026-09-18T10:27:31.8914813Z === RUN   TestPublishedSlotsUseOnlyCredentialsRequiredByAuthMode/api_key/enabled=true/revoked=false
2026-09-18T10:27:31.8915039Z === RUN   TestPublishedSlotsUseOnlyCredentialsRequiredByAuthMode/api_key/enabled=true/revoked=true
2026-09-18T10:27:31.8915269Z === RUN   TestPublishedSlotsUseOnlyCredentialsRequiredByAuthMode/headers/enabled=false/revoked=false
2026-09-18T10:27:31.8915496Z === RUN   TestPublishedSlotsUseOnlyCredentialsRequiredByAuthMode/headers/enabled=false/revoked=true
2026-09-18T10:27:31.8915726Z === RUN   TestPublishedSlotsUseOnlyCredentialsRequiredByAuthMode/headers/enabled=true/revoked=false
2026-09-18T10:27:31.8915949Z === RUN   TestPublishedSlotsUseOnlyCredentialsRequiredByAuthMode/headers/enabled=true/revoked=true
2026-09-18T10:27:31.8916120Z --- PASS: TestPublishedSlotsUseOnlyCredentialsRequiredByAuthMode (0.00s)
2026-09-18T10:27:31.8916398Z     --- PASS: TestPublishedSlotsUseOnlyCredentialsRequiredByAuthMode/none/enabled=false/revoked=false (0.00s)
2026-09-18T10:27:31.8916669Z     --- PASS: TestPublishedSlotsUseOnlyCredentialsRequiredByAuthMode/none/enabled=false/revoked=true (0.00s)
2026-09-18T10:27:31.8916941Z     --- PASS: TestPublishedSlotsUseOnlyCredentialsRequiredByAuthMode/none/enabled=true/revoked=false (0.00s)
2026-09-18T10:27:31.8917211Z     --- PASS: TestPublishedSlotsUseOnlyCredentialsRequiredByAuthMode/none/enabled=true/revoked=true (0.00s)
2026-09-18T10:27:31.8917492Z     --- PASS: TestPublishedSlotsUseOnlyCredentialsRequiredByAuthMode/api_key/enabled=false/revoked=false (0.00s)
2026-09-18T10:27:31.8917772Z     --- PASS: TestPublishedSlotsUseOnlyCredentialsRequiredByAuthMode/api_key/enabled=false/revoked=true (0.00s)
2026-09-18T10:27:31.8918048Z     --- PASS: TestPublishedSlotsUseOnlyCredentialsRequiredByAuthMode/api_key/enabled=true/revoked=false (0.00s)
2026-09-18T10:27:31.8918322Z     --- PASS: TestPublishedSlotsUseOnlyCredentialsRequiredByAuthMode/api_key/enabled=true/revoked=true (0.00s)
2026-09-18T10:27:31.8918597Z     --- PASS: TestPublishedSlotsUseOnlyCredentialsRequiredByAuthMode/headers/enabled=false/revoked=false (0.00s)
2026-09-18T10:27:31.8918873Z     --- PASS: TestPublishedSlotsUseOnlyCredentialsRequiredByAuthMode/headers/enabled=false/revoked=true (0.00s)
2026-09-18T10:27:31.8919150Z     --- PASS: TestPublishedSlotsUseOnlyCredentialsRequiredByAuthMode/headers/enabled=true/revoked=false (0.00s)
2026-09-18T10:27:31.8919422Z     --- PASS: TestPublishedSlotsUseOnlyCredentialsRequiredByAuthMode/headers/enabled=true/revoked=true (0.00s)
2026-09-18T10:27:31.8919565Z === RUN   TestNativeMediaCapabilitiesCanBeDeclaredAndCertified
2026-09-18T10:27:31.8919736Z --- PASS: TestNativeMediaCapabilitiesCanBeDeclaredAndCertified (0.00s)
2026-09-18T10:27:31.8919862Z === RUN   TestMediaCertificationDoesNotBorrowChatEvidence
2026-09-18T10:27:31.8920098Z === RUN   TestMediaCertificationDoesNotBorrowChatEvidence/openai/api_key/https://custom.example/v1
2026-09-18T10:27:31.8920256Z === RUN   TestMediaCertificationDoesNotBorrowChatEvidence/openai/none/
2026-09-18T10:27:31.8920499Z === RUN   TestMediaCertificationDoesNotBorrowChatEvidence/openai/api_key/https://api.openai.com/custom
2026-09-18T10:27:31.8920756Z === RUN   TestMediaCertificationDoesNotBorrowChatEvidence/openai_compatible/api_key/https://api.openai.com/v1
2026-09-18T10:27:31.8921020Z === RUN   TestMediaCertificationDoesNotBorrowChatEvidence/azure_openai/api_key/https://example.openai.azure.com
2026-09-18T10:27:31.8921169Z --- PASS: TestMediaCertificationDoesNotBorrowChatEvidence (0.00s)
2026-09-18T10:27:31.8921506Z     --- PASS: TestMediaCertificationDoesNotBorrowChatEvidence/openai/api_key/https://custom.example/v1 (0.00s)
2026-09-18T10:27:31.8921797Z     --- PASS: TestMediaCertificationDoesNotBorrowChatEvidence/openai/none/ (0.00s)
2026-09-18T10:27:31.8922084Z     --- PASS: TestMediaCertificationDoesNotBorrowChatEvidence/openai/api_key/https://api.openai.com/custom (0.00s)
2026-09-18T10:27:31.8922397Z     --- PASS: TestMediaCertificationDoesNotBorrowChatEvidence/openai_compatible/api_key/https://api.openai.com/v1 (0.00s)
2026-09-18T10:27:31.8922820Z     --- PASS: TestMediaCertificationDoesNotBorrowChatEvidence/azure_openai/api_key/https://example.openai.azure.com (0.00s)
2026-09-18T10:27:31.8922955Z === RUN   TestMediaManagementSetupPublishesUsableRoutes
2026-09-18T10:27:31.8923104Z --- PASS: TestMediaManagementSetupPublishesUsableRoutes (1.83s)
2026-09-18T10:27:31.8923260Z === RUN   TestMetadataDefaultsKeepUnknownSeparateFromFalseAndEmpty
2026-09-18T10:27:31.8923436Z --- PASS: TestMetadataDefaultsKeepUnknownSeparateFromFalseAndEmpty (0.00s)
2026-09-18T10:27:31.8923548Z === RUN   TestQuotaValidationMatchesEnforcement
2026-09-18T10:27:31.8923670Z === RUN   TestQuotaValidationMatchesEnforcement/unset
2026-09-18T10:27:31.8923803Z === RUN   TestQuotaValidationMatchesEnforcement/maximum_tokens
2026-09-18T10:27:31.8923935Z === RUN   TestQuotaValidationMatchesEnforcement/zero_requests
2026-09-18T10:27:31.8924076Z === RUN   TestQuotaValidationMatchesEnforcement/zero_concurrency
2026-09-18T10:27:31.8924201Z === RUN   TestQuotaValidationMatchesEnforcement/zero_tokens
2026-09-18T10:27:31.8924332Z === RUN   TestQuotaValidationMatchesEnforcement/unsafe_tokens
2026-09-18T10:27:31.8924473Z === RUN   TestQuotaValidationMatchesEnforcement/oversized_requests
2026-09-18T10:27:31.8924621Z === RUN   TestQuotaValidationMatchesEnforcement/oversized_concurrency
2026-09-18T10:27:31.8924744Z --- PASS: TestQuotaValidationMatchesEnforcement (0.00s)
2026-09-18T10:27:31.8924897Z     --- PASS: TestQuotaValidationMatchesEnforcement/unset (0.00s)
2026-09-18T10:27:31.8925073Z     --- PASS: TestQuotaValidationMatchesEnforcement/maximum_tokens (0.00s)
2026-09-18T10:27:31.8925247Z     --- PASS: TestQuotaValidationMatchesEnforcement/zero_requests (0.00s)
2026-09-18T10:27:31.8925426Z     --- PASS: TestQuotaValidationMatchesEnforcement/zero_concurrency (0.00s)
2026-09-18T10:27:31.8925591Z     --- PASS: TestQuotaValidationMatchesEnforcement/zero_tokens (0.00s)
2026-09-18T10:27:31.8925760Z     --- PASS: TestQuotaValidationMatchesEnforcement/unsafe_tokens (0.00s)
2026-09-18T10:27:31.8925945Z     --- PASS: TestQuotaValidationMatchesEnforcement/oversized_requests (0.00s)
2026-09-18T10:27:31.8926134Z     --- PASS: TestQuotaValidationMatchesEnforcement/oversized_concurrency (0.00s)
2026-09-18T10:27:31.8926273Z === RUN   TestSlotQuotasReportLiveCountersUnderTheSharedNames
2026-09-18T10:27:31.8926434Z --- PASS: TestSlotQuotasReportLiveCountersUnderTheSharedNames (0.00s)
2026-09-18T10:27:31.8926559Z === RUN   TestSlotQuotasStayUnknownWithoutAReadableSource
2026-09-18T10:27:31.8926716Z === RUN   TestSlotQuotasStayUnknownWithoutAReadableSource/unconfigured
2026-09-18T10:27:31.8926870Z === RUN   TestSlotQuotasStayUnknownWithoutAReadableSource/unreachable
2026-09-18T10:27:31.8927019Z --- PASS: TestSlotQuotasStayUnknownWithoutAReadableSource (0.00s)
2026-09-18T10:27:31.8927219Z     --- PASS: TestSlotQuotasStayUnknownWithoutAReadableSource/unconfigured (0.00s)
2026-09-18T10:27:31.8927413Z     --- PASS: TestSlotQuotasStayUnknownWithoutAReadableSource/unreachable (0.00s)
2026-09-18T10:27:31.8927536Z === RUN   TestCredentialValidationTracksUpstreamAccess
2026-09-18T10:27:31.8927678Z --- PASS: TestCredentialValidationTracksUpstreamAccess (0.00s)
2026-09-18T10:27:31.8927827Z === RUN   TestDefaultCertificationCannotCombineCredentialVersions
2026-09-18T10:27:31.8928003Z --- PASS: TestDefaultCertificationCannotCombineCredentialVersions (0.00s)
2026-09-18T10:27:31.8928050Z PASS
2026-09-18T10:27:31.8928164Z ok  	github.com/tyk-swe/olp/internal/providers	2.941s
2026-09-18T10:27:31.8928300Z === RUN   TestMediaCapacityWithSlowReadersAndMassDisconnects
2026-09-18T10:27:31.8929161Z     capacity_system_test.go:113: media_capacity={"capacity_bytes":1073741824,"concurrency":8,"elapsed_seconds":1.105476578,"fds_held":10,"final_reserved_bytes":0,"heap_before":2944032,"heap_held":3044296,"held_bytes":536870912,"resident_held":"67008 kB","upload_bytes":67108864}
2026-09-18T10:27:31.8929325Z --- PASS: TestMediaCapacityWithSlowReadersAndMassDisconnects (1.11s)
2026-09-18T10:27:31.8929399Z === RUN   TestCursorRoundTrip
2026-09-18T10:27:31.8929491Z --- PASS: TestCursorRoundTrip (0.00s)
2026-09-18T10:27:31.8929577Z === RUN   TestAllowsRefreshTransition
2026-09-18T10:27:31.8929681Z --- PASS: TestAllowsRefreshTransition (0.00s)
2026-09-18T10:27:31.8929767Z === RUN   TestValidateUpdateBounds
2026-09-18T10:27:31.8929861Z --- PASS: TestValidateUpdateBounds (0.00s)
2026-09-18T10:27:31.8929945Z === RUN   TestJobHTTPErrorMapping
2026-09-18T10:27:31.8930038Z --- PASS: TestJobHTTPErrorMapping (0.00s)
2026-09-18T10:27:31.8930130Z === RUN   TestLifecycleNeedsReconciliation
2026-09-18T10:27:31.8930245Z --- PASS: TestLifecycleNeedsReconciliation (0.00s)
2026-09-18T10:27:31.8930329Z === RUN   TestValidateBoundaryPolicy
2026-09-18T10:27:31.8930429Z --- PASS: TestValidateBoundaryPolicy (0.00s)
2026-09-18T10:27:31.8930538Z === RUN   TestParseMultipartStagesFilesAndFields
2026-09-18T10:27:31.8930663Z --- PASS: TestParseMultipartStagesFilesAndFields (0.00s)
2026-09-18T10:27:31.8930753Z === RUN   TestParseMultipartFileLimits
2026-09-18T10:27:31.8930856Z --- PASS: TestParseMultipartFileLimits (0.00s)
2026-09-18T10:27:31.8930959Z === RUN   TestParseMultipartRejectsTooManyFiles
2026-09-18T10:27:31.8931080Z --- PASS: TestParseMultipartRejectsTooManyFiles (0.00s)
2026-09-18T10:27:31.8931178Z === RUN   TestParseMultipartSerializesPerKey
2026-09-18T10:27:31.8931292Z --- PASS: TestParseMultipartSerializesPerKey (0.00s)
2026-09-18T10:27:31.8931438Z === RUN   TestParseMultipartRejectsDeniedAdmissionBeforeReading
2026-09-18T10:27:31.8931606Z --- PASS: TestParseMultipartRejectsDeniedAdmissionBeforeReading (0.00s)
2026-09-18T10:27:31.8931689Z === RUN   TestFormHelpersValidate
2026-09-18T10:27:31.8935513Z --- PASS: TestFormHelpersValidate (0.00s)
2026-09-18T10:27:31.8935654Z === RUN   TestSpoolCrashRecoveryPreservesLiveOwners
2026-09-18T10:27:31.8935795Z --- PASS: TestSpoolCrashRecoveryPreservesLiveOwners (1.05s)
2026-09-18T10:27:31.8935900Z === RUN   TestSpoolRecoversLegacyDeadProcess
2026-09-18T10:27:31.8936018Z --- PASS: TestSpoolRecoversLegacyDeadProcess (0.00s)
2026-09-18T10:27:31.8936169Z === RUN   TestConcurrentSpoolRegistrationPreservesLiveDirectories
2026-09-18T10:27:31.8936345Z --- PASS: TestConcurrentSpoolRegistrationPreservesLiveDirectories (0.00s)
2026-09-18T10:27:31.8936440Z === RUN   TestSpoolPutOpenRemoveLifecycle
2026-09-18T10:27:31.8936548Z --- PASS: TestSpoolPutOpenRemoveLifecycle (0.00s)
2026-09-18T10:27:31.8936680Z === RUN   TestSpoolRejectsOversizedAndOverCapacityUploads
2026-09-18T10:27:31.8936831Z --- PASS: TestSpoolRejectsOversizedAndOverCapacityUploads (0.00s)
2026-09-18T10:27:31.8936925Z === RUN   TestSpoolRejectsInvalidHandles
2026-09-18T10:27:31.8937035Z --- PASS: TestSpoolRejectsInvalidHandles (0.00s)
2026-09-18T10:27:31.8937124Z === RUN   TestSpoolSanitizesFilenames
2026-09-18T10:27:31.8937224Z --- PASS: TestSpoolSanitizesFilenames (0.00s)
2026-09-18T10:27:31.8937331Z === RUN   TestSpoolAbortedWriteReleasesCapacity
2026-09-18T10:27:31.8937454Z --- PASS: TestSpoolAbortedWriteReleasesCapacity (0.00s)
2026-09-18T10:27:31.8937593Z === RUN   TestMultipartEarlyRejectionPreservesProviderStatus
2026-09-18T10:27:31.8937740Z === RUN   TestMultipartEarlyRejectionPreservesProviderStatus/401
2026-09-18T10:27:31.8937884Z === RUN   TestMultipartEarlyRejectionPreservesProviderStatus/429
2026-09-18T10:27:31.8938046Z --- PASS: TestMultipartEarlyRejectionPreservesProviderStatus (1.30s)
2026-09-18T10:27:31.8938238Z     --- PASS: TestMultipartEarlyRejectionPreservesProviderStatus/401 (0.63s)
2026-09-18T10:27:31.8938421Z     --- PASS: TestMultipartEarlyRejectionPreservesProviderStatus/429 (0.67s)
2026-09-18T10:27:31.8938744Z === RUN   TestTransportDecodesJSONImageResponse
2026-09-18T10:27:31.8938872Z --- PASS: TestTransportDecodesJSONImageResponse (0.00s)
2026-09-18T10:27:31.8938967Z === RUN   TestTransportStagesBinaryResponse
2026-09-18T10:27:31.8939082Z --- PASS: TestTransportStagesBinaryResponse (0.00s)
2026-09-18T10:27:31.8939185Z === RUN   TestTransportBoundsOversizedResponse
2026-09-18T10:27:31.8939306Z --- PASS: TestTransportBoundsOversizedResponse (0.03s)
2026-09-18T10:27:31.8939446Z === RUN   TestTransportCleansImagesAfterPartialDecodeFailure
2026-09-18T10:27:31.8939633Z === RUN   TestTransportCleansImagesAfterPartialDecodeFailure/{"b64_json":"###"}
2026-09-18T10:27:31.8939906Z === RUN   TestTransportCleansImagesAfterPartialDecodeFailure/{"url":"https://example.com/i.png","b64_json":"AQID"}
2026-09-18T10:27:31.8940069Z --- PASS: TestTransportCleansImagesAfterPartialDecodeFailure (0.01s)
2026-09-18T10:27:31.8940322Z     --- PASS: TestTransportCleansImagesAfterPartialDecodeFailure/{"b64_json":"###"} (0.00s)
2026-09-18T10:27:31.8940642Z     --- PASS: TestTransportCleansImagesAfterPartialDecodeFailure/{"url":"https://example.com/i.png","b64_json":"AQID"} (0.00s)
2026-09-18T10:27:31.8940751Z === RUN   TestMultipartFileHeadersPreserveNames
2026-09-18T10:27:31.8940875Z --- PASS: TestMultipartFileHeadersPreserveNames (0.00s)
2026-09-18T10:27:31.8940982Z === RUN   TestTransportClassifiesUpstreamFailures
2026-09-18T10:27:31.8941113Z --- PASS: TestTransportClassifiesUpstreamFailures (0.01s)
2026-09-18T10:27:31.8941210Z === RUN   TestTransportRejectsUnsafeEndpoint
2026-09-18T10:27:31.8941329Z --- PASS: TestTransportRejectsUnsafeEndpoint (0.00s)
2026-09-18T10:27:31.8941473Z === RUN   TestTransportVideoCreateIsAmbiguousOnDispatchFailure
2026-09-18T10:27:31.8941635Z --- PASS: TestTransportVideoCreateIsAmbiguousOnDispatchFailure (0.20s)
2026-09-18T10:27:31.8941724Z === RUN   TestTransportVideoListQuery
2026-09-18T10:27:31.8941827Z --- PASS: TestTransportVideoListQuery (0.00s)
2026-09-18T10:27:31.8941926Z === RUN   TestDecodeImageGenerationValidation
2026-09-18T10:27:31.8942050Z --- PASS: TestDecodeImageGenerationValidation (0.00s)
2026-09-18T10:27:31.8942139Z === RUN   TestDecodeSpeechValidation
2026-09-18T10:27:31.8942236Z --- PASS: TestDecodeSpeechValidation (0.00s)
2026-09-18T10:27:31.8942330Z === RUN   TestDecodeVideoCreateValidation
2026-09-18T10:27:31.8942437Z --- PASS: TestDecodeVideoCreateValidation (0.00s)
2026-09-18T10:27:31.8942545Z === RUN   TestVideoListAndContentQueryValidation
2026-09-18T10:27:31.8942673Z --- PASS: TestVideoListAndContentQueryValidation (0.00s)
2026-09-18T10:27:31.8942887Z === RUN   TestValidUpstreamJobID
2026-09-18T10:27:31.8942983Z --- PASS: TestValidUpstreamJobID (0.00s)
2026-09-18T10:27:31.8943070Z === RUN   TestVideoJobPathStrictness
2026-09-18T10:27:31.8943168Z --- PASS: TestVideoJobPathStrictness (0.00s)
2026-09-18T10:27:31.8943260Z === RUN   TestEncodeBuildsExpectedPaths
2026-09-18T10:27:31.8943366Z --- PASS: TestEncodeBuildsExpectedPaths (0.00s)
2026-09-18T10:27:31.8943458Z === RUN   TestDecodeVideoObjectValidation
2026-09-18T10:27:31.8943569Z --- PASS: TestDecodeVideoObjectValidation (0.00s)
2026-09-18T10:27:31.8943618Z PASS
2026-09-18T10:27:31.8943726Z ok  	github.com/tyk-swe/olp/internal/media	4.791s
2026-09-18T10:27:53.6539398Z Official SDK success and error contracts passed for openai, anthropic, gemini.
2026-09-18T10:27:59.8781695Z [WebServer] {"time":"2026-09-18T10:27:59.876374903Z","level":"INFO","msg":"authority refreshed","sequence":0,"keys":0,"revoked_credentials":0}
2026-09-18T10:27:59.8856764Z [WebServer] {"time":"2026-09-18T10:27:59.884948584Z","level":"INFO","msg":"request metadata gateway registered","gateway_instance":"olp-42052-01a0b40f0b097349b7d059398408c695"}
2026-09-18T10:27:59.8894092Z [WebServer] {"time":"2026-09-18T10:27:59.888344478Z","level":"INFO","msg":"listener started","mode":"all","listener":"private","address":"127.0.0.1:9182"}
2026-09-18T10:27:59.8899224Z [WebServer] {"time":"2026-09-18T10:27:59.888408995Z","level":"INFO","msg":"listener started","mode":"all","listener":"public","address":"127.0.0.1:4182"}
2026-09-18T10:27:59.8939928Z [WebServer] {"time":"2026-09-18T10:27:59.892519786Z","level":"WARN","msg":"observability readiness refresh failed","error":"runtime_generation_unavailable"}
2026-09-18T10:28:00.2297259Z [WebServer] {"time":"2026-09-18T10:28:00.229183248Z","level":"INFO","msg":"authority refreshed","sequence":0,"keys":0,"revoked_credentials":0}
2026-09-18T10:28:00.2363816Z [WebServer] {"time":"2026-09-18T10:28:00.235486445Z","level":"INFO","msg":"request metadata gateway registered","gateway_instance":"olp-42103-01a0b40f0c687b21ba75b1a1d538eecc"}
2026-09-18T10:28:00.2377913Z [WebServer] {"time":"2026-09-18T10:28:00.23698657Z","level":"INFO","msg":"listener started","mode":"all","listener":"private","address":"127.0.0.1:9184"}
2026-09-18T10:28:00.2378938Z [WebServer] {"time":"2026-09-18T10:28:00.237028102Z","level":"INFO","msg":"listener started","mode":"all","listener":"public","address":"127.0.0.1:4184"}
2026-09-18T10:28:00.2418788Z [WebServer] {"time":"2026-09-18T10:28:00.241534092Z","level":"WARN","msg":"observability readiness refresh failed","error":"runtime_generation_unavailable"}
2026-09-18T10:28:01.0225486Z [WebServer] $ vite dev --host 127.0.0.1 --port 4183 --strictPort
2026-09-18T10:28:03.1410701Z 
2026-09-18T10:28:03.1411529Z Running 12 tests using 1 worker
2026-09-18T10:28:03.1411796Z 
2026-09-18T10:28:04.9053278Z [WebServer] {"time":"2026-09-18T10:28:04.90477244Z","level":"WARN","msg":"observability readiness refresh failed","error":"runtime_generation_unavailable"}
2026-09-18T10:28:05.2518459Z [WebServer] {"time":"2026-09-18T10:28:05.251450129Z","level":"WARN","msg":"observability readiness refresh failed","error":"runtime_generation_unavailable"}
2026-09-18T10:28:07.2871160Z   ✓   1 [go-packaged] › tests/access/control.spec.ts:47:1 › setup, invitations, key policy, profile, settings, audit, and OIDC work through this origin (3.7s)
2026-09-18T10:28:07.4811332Z   ✓   2 [go-packaged] › tests/foundation/shell.spec.ts:3:1 › console hydrates and uses the Go origin through packaged assets and Vite (185ms)
2026-09-18T10:28:09.8833732Z [WebServer] {"time":"2026-09-18T10:28:09.88289917Z","level":"INFO","msg":"authority refreshed","sequence":1,"keys":1,"revoked_credentials":0}
2026-09-18T10:28:09.8853641Z [WebServer] {"time":"2026-09-18T10:28:09.884566166Z","level":"INFO","msg":"release installed","sequence":2,"sha256":"5c8439d9e7396dd4037ceafd5d04b89df722d3f7af7b2766a4f7581f2431156c","providers":1,"routes":1}
2026-09-18T10:28:10.2522566Z [WebServer] {"time":"2026-09-18T10:28:10.251896242Z","level":"WARN","msg":"observability readiness refresh failed","error":"runtime_generation_unavailable"}
2026-09-18T10:28:14.8827777Z [WebServer] {"time":"2026-09-18T10:28:14.882465118Z","level":"INFO","msg":"authority refreshed","sequence":2,"keys":2,"revoked_credentials":0}
2026-09-18T10:28:15.2520629Z [WebServer] {"time":"2026-09-18T10:28:15.251602055Z","level":"WARN","msg":"observability readiness refresh failed","error":"runtime_generation_unavailable"}
2026-09-18T10:28:15.8297580Z [WebServer] {"time":"2026-09-18T10:28:15.828869689Z","level":"INFO","msg":"inference request","request_id":"01a0b40f-4954-736e-b892-3e82e7cdfd1f","accounting_id":"01a0b40f-4954-736e-b892-3e82e7cdfd1f","client_ip":"127.0.0.1","route_revision_id":"01a0b40f-3157-719d-916f-4152137ac3ce","started_at":"2026-09-18T10:28:15.828227593Z","usage":null,"actor":"api_key","key_id":"01a0b40f-3254-7dec-baf2-b82c2fb9cf7a","user_id":"","route":"accounting-chat","release_sequence":2,"family":"chat","mode":"unary","operation":"generation","surface":"openai","runtime_generation_id":"01a0b40f-315a-70dc-8479-fd990001d96b","outcome":"failure","status":503,"error_class":"distributed_limits_unavailable","committed":false,"completed_at":"2026-09-18T10:28:15.828856549Z","duration":628956,"first_byte":null,"attempt_count":0,"attempts":[],"usage_known":false}
2026-09-18T10:28:15.8345743Z [WebServer] {"time":"2026-09-18T10:28:15.833780623Z","level":"INFO","msg":"inference request","request_id":"01a0b40f-4959-7561-9ff8-07f5a397fd6a","accounting_id":"01a0b40f-4959-7561-9ff8-07f5a397fd6a","client_ip":"127.0.0.1","route_revision_id":"01a0b40f-3157-719d-916f-4152137ac3ce","started_at":"2026-09-18T10:28:15.833355112Z","usage":null,"actor":"api_key","key_id":"01a0b40f-3254-7dec-baf2-b82c2fb9cf7a","user_id":"","route":"accounting-chat","release_sequence":2,"family":"chat","mode":"unary","operation":"generation","surface":"openai","runtime_generation_id":"01a0b40f-315a-70dc-8479-fd990001d96b","outcome":"failure","status":503,"error_class":"distributed_limits_unavailable","committed":false,"completed_at":"2026-09-18T10:28:15.833773863Z","duration":418751,"first_byte":null,"attempt_count":0,"attempts":[],"usage_known":false}
2026-09-18T10:28:16.8436886Z [WebServer] {"time":"2026-09-18T10:28:16.842971775Z","level":"INFO","msg":"inference request","request_id":"01a0b40f-4d4a-75cd-b149-259587f1e720","accounting_id":"01a0b40f-4d4a-75cd-b149-259587f1e720","client_ip":"127.0.0.1","route_revision_id":"01a0b40f-3157-719d-916f-4152137ac3ce","started_at":"2026-09-18T10:28:16.842385203Z","usage":null,"actor":"api_key","key_id":"01a0b40f-3254-7dec-baf2-b82c2fb9cf7a","user_id":"","route":"accounting-chat","release_sequence":2,"family":"chat","mode":"unary","operation":"generation","surface":"openai","runtime_generation_id":"01a0b40f-315a-70dc-8479-fd990001d96b","outcome":"failure","status":503,"error_class":"distributed_limits_unavailable","committed":false,"completed_at":"2026-09-18T10:28:16.842961579Z","duration":576376,"first_byte":null,"attempt_count":0,"attempts":[],"usage_known":false}
2026-09-18T10:28:18.8542235Z [WebServer] {"time":"2026-09-18T10:28:18.853668425Z","level":"INFO","msg":"inference request","request_id":"01a0b40f-5524-7e5a-a7a0-d1176e8d50f3","accounting_id":"01a0b40f-5524-7e5a-a7a0-d1176e8d50f3","client_ip":"127.0.0.1","route_revision_id":"01a0b40f-3157-719d-916f-4152137ac3ce","started_at":"2026-09-18T10:28:18.852944907Z","usage":null,"actor":"api_key","key_id":"01a0b40f-3254-7dec-baf2-b82c2fb9cf7a","user_id":"","route":"accounting-chat","release_sequence":2,"family":"chat","mode":"unary","operation":"generation","surface":"openai","runtime_generation_id":"01a0b40f-315a-70dc-8479-fd990001d96b","outcome":"failure","status":503,"error_class":"distributed_limits_unavailable","committed":false,"completed_at":"2026-09-18T10:28:18.85365801Z","duration":713103,"first_byte":null,"attempt_count":0,"attempts":[],"usage_known":false}
2026-09-18T10:28:20.2503690Z [WebServer] {"time":"2026-09-18T10:28:20.249875463Z","level":"WARN","msg":"observability readiness refresh failed","error":"runtime_generation_unavailable"}
2026-09-18T10:28:23.8640148Z [WebServer] {"time":"2026-09-18T10:28:23.863371709Z","level":"INFO","msg":"inference request","request_id":"01a0b40f-68b6-7ab7-8dda-965c484fb29f","accounting_id":"01a0b40f-68b6-7ab7-8dda-965c484fb29f","client_ip":"127.0.0.1","route_revision_id":"01a0b40f-3157-719d-916f-4152137ac3ce","started_at":"2026-09-18T10:28:23.86270739Z","usage":null,"actor":"api_key","key_id":"01a0b40f-3254-7dec-baf2-b82c2fb9cf7a","user_id":"","route":"accounting-chat","release_sequence":2,"family":"chat","mode":"unary","operation":"generation","surface":"openai","runtime_generation_id":"01a0b40f-315a-70dc-8479-fd990001d96b","outcome":"failure","status":503,"error_class":"distributed_limits_unavailable","committed":false,"completed_at":"2026-09-18T10:28:23.863361353Z","duration":653963,"first_byte":null,"attempt_count":0,"attempts":[],"usage_known":false}
2026-09-18T10:28:25.2503833Z [WebServer] {"time":"2026-09-18T10:28:25.249964084Z","level":"WARN","msg":"observability readiness refresh failed","error":"runtime_generation_unavailable"}
2026-09-18T10:28:28.8747257Z [WebServer] {"time":"2026-09-18T10:28:28.873878565Z","level":"INFO","msg":"inference request","request_id":"01a0b40f-7c49-71fa-ae29-760a430ce781","accounting_id":"01a0b40f-7c49-71fa-ae29-760a430ce781","client_ip":"127.0.0.1","route_revision_id":"01a0b40f-3157-719d-916f-4152137ac3ce","started_at":"2026-09-18T10:28:28.873135227Z","usage":null,"actor":"api_key","key_id":"01a0b40f-3254-7dec-baf2-b82c2fb9cf7a","user_id":"","route":"accounting-chat","release_sequence":2,"family":"chat","mode":"unary","operation":"generation","surface":"openai","runtime_generation_id":"01a0b40f-315a-70dc-8479-fd990001d96b","outcome":"failure","status":503,"error_class":"distributed_limits_unavailable","committed":false,"completed_at":"2026-09-18T10:28:28.873865876Z","duration":730649,"first_byte":null,"attempt_count":0,"attempts":[],"usage_known":false}
2026-09-18T10:28:30.2503226Z [WebServer] {"time":"2026-09-18T10:28:30.249604807Z","level":"WARN","msg":"observability readiness refresh failed","error":"runtime_generation_unavailable"}
2026-09-18T10:28:33.8847318Z [WebServer] {"time":"2026-09-18T10:28:33.884074138Z","level":"INFO","msg":"inference request","request_id":"01a0b40f-8fdb-741a-8239-de96a8df979b","accounting_id":"01a0b40f-8fdb-741a-8239-de96a8df979b","client_ip":"127.0.0.1","route_revision_id":"01a0b40f-3157-719d-916f-4152137ac3ce","started_at":"2026-09-18T10:28:33.88330067Z","usage":null,"actor":"api_key","key_id":"01a0b40f-3254-7dec-baf2-b82c2fb9cf7a","user_id":"","route":"accounting-chat","release_sequence":2,"family":"chat","mode":"unary","operation":"generation","surface":"openai","runtime_generation_id":"01a0b40f-315a-70dc-8479-fd990001d96b","outcome":"failure","status":503,"error_class":"distributed_limits_unavailable","committed":false,"completed_at":"2026-09-18T10:28:33.884063192Z","duration":762522,"first_byte":null,"attempt_count":0,"attempts":[],"usage_known":false}
2026-09-18T10:28:35.2504921Z [WebServer] {"time":"2026-09-18T10:28:35.250037268Z","level":"WARN","msg":"observability readiness refresh failed","error":"runtime_generation_unavailable"}
2026-09-18T10:28:38.8968822Z [WebServer] {"time":"2026-09-18T10:28:38.896263931Z","level":"INFO","msg":"inference request","request_id":"01a0b40f-a36f-79eb-b35c-d9ca1d82e3d3","accounting_id":"01a0b40f-a36f-79eb-b35c-d9ca1d82e3d3","client_ip":"127.0.0.1","route_revision_id":"01a0b40f-3157-719d-916f-4152137ac3ce","started_at":"2026-09-18T10:28:38.895653424Z","usage":null,"actor":"api_key","key_id":"01a0b40f-3254-7dec-baf2-b82c2fb9cf7a","user_id":"","route":"accounting-chat","release_sequence":2,"family":"chat","mode":"unary","operation":"generation","surface":"openai","runtime_generation_id":"01a0b40f-315a-70dc-8479-fd990001d96b","outcome":"failure","status":503,"error_class":"distributed_limits_unavailable","committed":false,"completed_at":"2026-09-18T10:28:38.896254607Z","duration":601193,"first_byte":null,"attempt_count":0,"attempts":[],"usage_known":false}
2026-09-18T10:28:40.2500798Z [WebServer] {"time":"2026-09-18T10:28:40.24966739Z","level":"WARN","msg":"observability readiness refresh failed","error":"runtime_generation_unavailable"}
2026-09-18T10:28:43.9075958Z [WebServer] {"time":"2026-09-18T10:28:43.906696805Z","level":"INFO","msg":"inference request","request_id":"01a0b40f-b702-7124-ad4d-abcf4b94b1a4","accounting_id":"01a0b40f-b702-7124-ad4d-abcf4b94b1a4","client_ip":"127.0.0.1","route_revision_id":"01a0b40f-3157-719d-916f-4152137ac3ce","started_at":"2026-09-18T10:28:43.906080017Z","usage":null,"actor":"api_key","key_id":"01a0b40f-3254-7dec-baf2-b82c2fb9cf7a","user_id":"","route":"accounting-chat","release_sequence":2,"family":"chat","mode":"unary","operation":"generation","surface":"openai","runtime_generation_id":"01a0b40f-315a-70dc-8479-fd990001d96b","outcome":"failure","status":503,"error_class":"distributed_limits_unavailable","committed":false,"completed_at":"2026-09-18T10:28:43.906685568Z","duration":605551,"first_byte":null,"attempt_count":0,"attempts":[],"usage_known":false}
2026-09-18T10:28:45.2503003Z [WebServer] {"time":"2026-09-18T10:28:45.249716895Z","level":"WARN","msg":"observability readiness refresh failed","error":"runtime_generation_unavailable"}
2026-09-18T10:28:48.9196914Z [WebServer] {"time":"2026-09-18T10:28:48.918845431Z","level":"INFO","msg":"inference request","request_id":"01a0b40f-ca94-7e3b-ad76-a48414a62868","accounting_id":"01a0b40f-ca94-7e3b-ad76-a48414a62868","client_ip":"127.0.0.1","route_revision_id":"01a0b40f-3157-719d-916f-4152137ac3ce","started_at":"2026-09-18T10:28:48.916936621Z","usage":null,"actor":"api_key","key_id":"01a0b40f-3254-7dec-baf2-b82c2fb9cf7a","user_id":"","route":"accounting-chat","release_sequence":2,"family":"chat","mode":"unary","operation":"generation","surface":"openai","runtime_generation_id":"01a0b40f-315a-70dc-8479-fd990001d96b","outcome":"failure","status":503,"error_class":"distributed_limits_unavailable","committed":false,"completed_at":"2026-09-18T10:28:48.918834314Z","duration":1897693,"first_byte":null,"attempt_count":0,"attempts":[],"usage_known":false}
2026-09-18T10:28:50.2499718Z [WebServer] {"time":"2026-09-18T10:28:50.249476237Z","level":"WARN","msg":"observability readiness refresh failed","error":"runtime_generation_unavailable"}
2026-09-18T10:28:53.9314259Z [WebServer] {"time":"2026-09-18T10:28:53.930714343Z","level":"INFO","msg":"inference request","request_id":"01a0b40f-de2a-7198-a206-35f7e4431778","accounting_id":"01a0b40f-de2a-7198-a206-35f7e4431778","client_ip":"127.0.0.1","route_revision_id":"01a0b40f-3157-719d-916f-4152137ac3ce","started_at":"2026-09-18T10:28:53.930108312Z","usage":null,"actor":"api_key","key_id":"01a0b40f-3254-7dec-baf2-b82c2fb9cf7a","user_id":"","route":"accounting-chat","release_sequence":2,"family":"chat","mode":"unary","operation":"generation","surface":"openai","runtime_generation_id":"01a0b40f-315a-70dc-8479-fd990001d96b","outcome":"failure","status":503,"error_class":"distributed_limits_unavailable","committed":false,"completed_at":"2026-09-18T10:28:53.930704619Z","duration":596307,"first_byte":null,"attempt_count":0,"attempts":[],"usage_known":false}
2026-09-18T10:28:55.2500480Z [WebServer] {"time":"2026-09-18T10:28:55.2495469Z","level":"WARN","msg":"observability readiness refresh failed","error":"runtime_generation_unavailable"}
2026-09-18T10:28:58.9400910Z [WebServer] {"time":"2026-09-18T10:28:58.939456857Z","level":"INFO","msg":"inference request","request_id":"01a0b40f-f1ba-7bc4-9370-fec28829f835","accounting_id":"01a0b40f-f1ba-7bc4-9370-fec28829f835","client_ip":"127.0.0.1","route_revision_id":"01a0b40f-3157-719d-916f-4152137ac3ce","started_at":"2026-09-18T10:28:58.938775272Z","usage":null,"actor":"api_key","key_id":"01a0b40f-3254-7dec-baf2-b82c2fb9cf7a","user_id":"","route":"accounting-chat","release_sequence":2,"family":"chat","mode":"unary","operation":"generation","surface":"openai","runtime_generation_id":"01a0b40f-315a-70dc-8479-fd990001d96b","outcome":"failure","status":503,"error_class":"distributed_limits_unavailable","committed":false,"completed_at":"2026-09-18T10:28:58.939445079Z","duration":669797,"first_byte":null,"attempt_count":0,"attempts":[],"usage_known":false}
2026-09-18T10:28:59.8929150Z [WebServer] {"time":"2026-09-18T10:28:59.89211351Z","level":"INFO","msg":"reconciled cost budgets","keys":2,"daily_windows":2,"monthly_windows":2}
2026-09-18T10:29:00.2500675Z [WebServer] {"time":"2026-09-18T10:29:00.24968527Z","level":"WARN","msg":"observability readiness refresh failed","error":"runtime_generation_unavailable"}
2026-09-18T10:29:03.9515233Z [WebServer] {"time":"2026-09-18T10:29:03.95065372Z","level":"INFO","msg":"inference request","request_id":"01a0b410-054c-775d-81b8-9ff96033d6a0","accounting_id":"01a0b410-054c-775d-81b8-9ff96033d6a0","client_ip":"127.0.0.1","route_revision_id":"01a0b40f-3157-719d-916f-4152137ac3ce","started_at":"2026-09-18T10:29:03.948486672Z","usage":{"input_tokens":7,"output_tokens":5,"total_tokens":12},"actor":"api_key","key_id":"01a0b40f-3254-7dec-baf2-b82c2fb9cf7a","user_id":"","route":"accounting-chat","release_sequence":2,"family":"chat","mode":"unary","operation":"generation","surface":"openai","runtime_generation_id":"01a0b40f-315a-70dc-8479-fd990001d96b","outcome":"success","status":200,"error_class":"","committed":true,"completed_at":"2026-09-18T10:29:03.950642363Z","duration":2155691,"first_byte":2154208,"attempt_count":1,"attempts":[{"billing_uncertain":false,"class":"success","committed":true,"credential_id":"01a0b40f-2b1a-789e-9102-38f00e7861be","credential_version":1,"duration":1134099,"first_byte":1082051,"mode":"unary","ordinal":1,"provider_id":"01a0b40f-2b19-7a23-bfd5-8f9079d9034d","provider_revision_id":"01a0b40f-2fe6-7f1b-8308-e3650f51f3b9","retry_after":null,"slot_id":"01a0b40f-2b1b-7ac8-abf0-47a37cbf61bc","started_at":"2026-09-18T10:29:03.949455584Z","status":200,"target_id":"01a0b40f-30b0-7022-8175-b5e08106fba4","upstream_model":"compatible-e2e-model","usage":{"input_tokens":7,"output_tokens":5,"total_tokens":12},"usage_complete":true,"usage_observed":true}],"usage_known":true,"input_tokens":7,"output_tokens":5}
2026-09-18T10:29:05.2500360Z [WebServer] {"time":"2026-09-18T10:29:05.249648605Z","level":"WARN","msg":"observability readiness refresh failed","error":"runtime_generation_unavailable"}
2026-09-18T10:29:10.2503511Z [WebServer] {"time":"2026-09-18T10:29:10.249868413Z","level":"WARN","msg":"observability readiness refresh failed","error":"runtime_generation_unavailable"}
2026-09-18T10:29:10.5440023Z [WebServer] {"time":"2026-09-18T10:29:10.542784613Z","level":"INFO","msg":"inference request","request_id":"01a0b410-1f0c-7bda-b2cb-6b6ed3881530","accounting_id":"01a0b410-1f0c-7bda-b2cb-6b6ed3881530","client_ip":"127.0.0.1","route_revision_id":"01a0b40f-3157-719d-916f-4152137ac3ce","started_at":"2026-09-18T10:29:10.540782653Z","usage":{"input_tokens":7,"output_tokens":5,"total_tokens":12},"actor":"api_key","key_id":"01a0b40f-3254-7dec-baf2-b82c2fb9cf7a","user_id":"","route":"accounting-chat","release_sequence":2,"family":"chat","mode":"unary","operation":"generation","surface":"openai","runtime_generation_id":"01a0b40f-315a-70dc-8479-fd990001d96b","outcome":"success","status":200,"error_class":"","committed":true,"completed_at":"2026-09-18T10:29:10.542769781Z","duration":1987128,"first_byte":1985706,"attempt_count":1,"attempts":[{"billing_uncertain":false,"class":"success","committed":true,"credential_id":"01a0b40f-2b1a-789e-9102-38f00e7861be","credential_version":1,"duration":967345,"first_byte":916238,"mode":"unary","ordinal":1,"provider_id":"01a0b40f-2b19-7a23-bfd5-8f9079d9034d","provider_revision_id":"01a0b40f-2fe6-7f1b-8308-e3650f51f3b9","retry_after":null,"slot_id":"01a0b40f-2b1b-7ac8-abf0-47a37cbf61bc","started_at":"2026-09-18T10:29:10.54176541Z","status":200,"target_id":"01a0b40f-30b0-7022-8175-b5e08106fba4","upstream_model":"compatible-e2e-model","usage":{"input_tokens":7,"output_tokens":5,"total_tokens":12},"usage_complete":true,"usage_observed":true}],"usage_known":true,"input_tokens":7,"output_tokens":5}
2026-09-18T10:29:10.7307111Z [WebServer] {"time":"2026-09-18T10:29:10.729597868Z","level":"INFO","msg":"inference request","request_id":"01a0b410-1f16-7e4e-94ac-b9625ff12f84","accounting_id":"01a0b410-1f16-7e4e-94ac-b9625ff12f84","client_ip":"127.0.0.1","route_revision_id":"01a0b40f-3157-719d-916f-4152137ac3ce","started_at":"2026-09-18T10:29:10.550940475Z","usage":{"input_tokens":7,"output_tokens":5,"total_tokens":12},"actor":"api_key","key_id":"01a0b40f-3254-7dec-baf2-b82c2fb9cf7a","user_id":"","route":"accounting-chat","release_sequence":2,"family":"chat","mode":"streaming","operation":"generation","surface":"openai","runtime_generation_id":"01a0b40f-315a-70dc-8479-fd990001d96b","outcome":"success","status":200,"error_class":"","committed":true,"completed_at":"2026-09-18T10:29:10.729568193Z","duration":178627718,"first_byte":1387185,"attempt_count":1,"attempts":[{"billing_uncertain":false,"class":"success","committed":true,"credential_id":"01a0b40f-2b1a-789e-9102-38f00e7861be","credential_version":1,"duration":177877266,"first_byte":606072,"mode":"streaming","ordinal":1,"provider_id":"01a0b40f-2b19-7a23-bfd5-8f9079d9034d","provider_revision_id":"01a0b40f-2fe6-7f1b-8308-e3650f51f3b9","retry_after":null,"slot_id":"01a0b40f-2b1b-7ac8-abf0-47a37cbf61bc","started_at":"2026-09-18T10:29:10.551650832Z","status":200,"target_id":"01a0b40f-30b0-7022-8175-b5e08106fba4","upstream_model":"compatible-e2e-model","usage":{"input_tokens":7,"output_tokens":5,"total_tokens":12},"usage_complete":true,"usage_observed":true}],"usage_known":true,"input_tokens":7,"output_tokens":5}
2026-09-18T10:29:11.6537378Z   ✓   3 [go-packaged] › tests/gateway/accounting.spec.ts:262:1 › a browser user prices gateway traffic and reads the accounting it produced (1.1m)
2026-09-18T10:29:13.3877662Z   ✓   4 [go-packaged] › tests/gateway/accounting.spec.ts:458:1 › retained media records expose metadata, filters, and accessible details (1.7s)
2026-09-18T10:29:15.2520689Z [WebServer] {"time":"2026-09-18T10:29:15.251496632Z","level":"WARN","msg":"observability readiness refresh failed","error":"runtime_generation_unavailable"}
2026-09-18T10:29:19.8835256Z [WebServer] {"time":"2026-09-18T10:29:19.882631406Z","level":"INFO","msg":"authority refreshed","sequence":3,"keys":3,"revoked_credentials":0}
2026-09-18T10:29:19.8843624Z [WebServer] {"time":"2026-09-18T10:29:19.884131515Z","level":"INFO","msg":"release installed","sequence":6,"sha256":"16ce5a3582b4ad9d04f3e55161bbfa8582db55d91bce4ce606fd888bf06d5e7a","providers":2,"routes":2}
2026-09-18T10:29:20.2504889Z [WebServer] {"time":"2026-09-18T10:29:20.250234492Z","level":"WARN","msg":"observability readiness refresh failed","error":"runtime_generation_unavailable"}
2026-09-18T10:29:20.8172084Z [WebServer] {"time":"2026-09-18T10:29:20.815875245Z","level":"INFO","msg":"inference request","request_id":"01a0b410-472d-7b2f-84af-9e4c1f45b04b","accounting_id":"01a0b410-472d-7b2f-84af-9e4c1f45b04b","client_ip":"127.0.0.1","route_revision_id":"01a0b410-3644-7590-902f-987ab873a801","started_at":"2026-09-18T10:29:20.813738918Z","usage":{"input_tokens":7,"output_tokens":5,"total_tokens":12},"actor":"api_key","key_id":"01a0b410-3803-7377-aa33-fe33b3dea11c","user_id":"","route":"compatible-chat","release_sequence":6,"family":"responses","mode":"unary","operation":"generation","surface":"openai","runtime_generation_id":"01a0b410-3647-71cd-87a3-216442e39389","outcome":"success","status":200,"error_class":"","committed":true,"completed_at":"2026-09-18T10:29:20.815858159Z","duration":2119242,"first_byte":2117359,"attempt_count":1,"attempts":[{"billing_uncertain":false,"class":"success","committed":true,"credential_id":"01a0b410-2c51-7c9c-a887-6984e44f8784","credential_version":1,"duration":1178643,"first_byte":1112493,"mode":"unary","ordinal":1,"provider_id":"01a0b410-2c51-761e-bb5e-20aa85e73de3","provider_revision_id":"01a0b410-354f-76b1-b914-358f8891246a","retry_after":null,"slot_id":"01a0b410-2c52-787f-a750-cd607f2c52a2","started_at":"2026-09-18T10:29:20.814622301Z","status":200,"target_id":"01a0b410-324b-7cbb-a349-445aef404a1b","upstream_model":"compatible-e2e-model","usage":{"input_tokens":7,"output_tokens":5,"total_tokens":12},"usage_complete":true,"usage_observed":true}],"usage_known":true,"input_tokens":7,"output_tokens":5}
2026-09-18T10:29:21.1376910Z [WebServer] {"time":"2026-09-18T10:29:21.136665131Z","level":"INFO","msg":"inference request","request_id":"01a0b410-486f-7471-b03f-e1b2cacdc027","accounting_id":"01a0b410-486f-7471-b03f-e1b2cacdc027","client_ip":"127.0.0.1","route_revision_id":"01a0b410-3644-7590-902f-987ab873a801","started_at":"2026-09-18T10:29:21.135295302Z","usage":{"input_tokens":7,"output_tokens":5,"total_tokens":12},"actor":"api_key","key_id":"01a0b410-3803-7377-aa33-fe33b3dea11c","user_id":"","route":"compatible-chat","release_sequence":6,"family":"chat","mode":"unary","operation":"generation","surface":"openai","runtime_generation_id":"01a0b410-3647-71cd-87a3-216442e39389","outcome":"success","status":200,"error_class":"","committed":true,"completed_at":"2026-09-18T10:29:21.136649127Z","duration":1353825,"first_byte":1352163,"attempt_count":1,"attempts":[{"billing_uncertain":false,"class":"success","committed":true,"credential_id":"01a0b410-2c51-7c9c-a887-6984e44f8784","credential_version":1,"duration":784825,"first_byte":735321,"mode":"unary","ordinal":1,"provider_id":"01a0b410-2c51-761e-bb5e-20aa85e73de3","provider_revision_id":"01a0b410-354f-76b1-b914-358f8891246a","retry_after":null,"slot_id":"01a0b410-2c52-787f-a750-cd607f2c52a2","started_at":"2026-09-18T10:29:21.135830862Z","status":200,"target_id":"01a0b410-324b-7cbb-a349-445aef404a1b","upstream_model":"compatible-e2e-model","usage":{"input_tokens":7,"output_tokens":5,"total_tokens":12},"usage_complete":true,"usage_observed":true}],"usage_known":true,"input_tokens":7,"output_tokens":5}
2026-09-18T10:29:21.2441398Z [WebServer] {"time":"2026-09-18T10:29:21.243295153Z","level":"INFO","msg":"inference request","request_id":"01a0b410-48da-767f-8921-b740a8bf884f","accounting_id":"01a0b410-48da-767f-8921-b740a8bf884f","client_ip":"127.0.0.1","route_revision_id":"01a0b410-3644-7590-902f-987ab873a801","started_at":"2026-09-18T10:29:21.242428875Z","usage":{"input_tokens":7,"output_tokens":5,"total_tokens":12},"actor":"api_key","key_id":"01a0b410-3803-7377-aa33-fe33b3dea11c","user_id":"","route":"compatible-chat","release_sequence":6,"family":"chat","mode":"unary","operation":"generation","surface":"openai","runtime_generation_id":"01a0b410-3647-71cd-87a3-216442e39389","outcome":"success","status":200,"error_class":"","committed":true,"completed_at":"2026-09-18T10:29:21.243283826Z","duration":854951,"first_byte":853849,"attempt_count":1,"attempts":[{"billing_uncertain":false,"class":"success","committed":true,"credential_id":"01a0b410-2c51-7c9c-a887-6984e44f8784","credential_version":1,"duration":458149,"first_byte":425229,"mode":"unary","ordinal":1,"provider_id":"01a0b410-2c51-761e-bb5e-20aa85e73de3","provider_revision_id":"01a0b410-354f-76b1-b914-358f8891246a","retry_after":null,"slot_id":"01a0b410-2c52-787f-a750-cd607f2c52a2","started_at":"2026-09-18T10:29:21.242787059Z","status":200,"target_id":"01a0b410-324b-7cbb-a349-445aef404a1b","upstream_model":"compatible-e2e-model","usage":{"input_tokens":7,"output_tokens":5,"total_tokens":12},"usage_complete":true,"usage_observed":true}],"usage_known":true,"input_tokens":7,"output_tokens":5}
2026-09-18T10:29:21.5007187Z [WebServer] {"time":"2026-09-18T10:29:21.499645769Z","level":"INFO","msg":"inference request","request_id":"01a0b410-49da-7abc-9a23-8096de749fc0","accounting_id":"01a0b410-49da-7abc-9a23-8096de749fc0","client_ip":"127.0.0.1","route_revision_id":"01a0b410-3644-7590-902f-987ab873a801","started_at":"2026-09-18T10:29:21.498706377Z","usage":{"input_tokens":7,"output_tokens":5,"total_tokens":12},"actor":"api_key","key_id":"01a0b410-3803-7377-aa33-fe33b3dea11c","user_id":"","route":"compatible-chat","release_sequence":6,"family":"chat","mode":"unary","operation":"generation","surface":"openai","runtime_generation_id":"01a0b410-3647-71cd-87a3-216442e39389","outcome":"success","status":200,"error_class":"","committed":true,"completed_at":"2026-09-18T10:29:21.499634412Z","duration":928035,"first_byte":927204,"attempt_count":1,"attempts":[{"billing_uncertain":false,"class":"success","committed":true,"credential_id":"01a0b410-2c51-7c9c-a887-6984e44f8784","credential_version":1,"duration":517367,"first_byte":483015,"mode":"unary","ordinal":1,"provider_id":"01a0b410-2c51-761e-bb5e-20aa85e73de3","provider_revision_id":"01a0b410-354f-76b1-b914-358f8891246a","retry_after":null,"slot_id":"01a0b410-2c52-787f-a750-cd607f2c52a2","started_at":"2026-09-18T10:29:21.499091176Z","status":200,"target_id":"01a0b410-324b-7cbb-a349-445aef404a1b","upstream_model":"compatible-e2e-model","usage":{"input_tokens":7,"output_tokens":5,"total_tokens":12},"usage_complete":true,"usage_observed":true}],"usage_known":true,"input_tokens":7,"output_tokens":5}
2026-09-18T10:29:22.0082095Z [WebServer] {"time":"2026-09-18T10:29:22.007296148Z","level":"INFO","msg":"inference request","request_id":"01a0b410-4bd5-7eed-a77f-1e85c75af364","accounting_id":"01a0b410-4bd5-7eed-a77f-1e85c75af364","client_ip":"127.0.0.1","route_revision_id":"01a0b410-3644-7590-902f-987ab873a801","started_at":"2026-09-18T10:29:22.005982974Z","usage":{"input_tokens":7,"output_tokens":5,"total_tokens":12},"actor":"api_key","key_id":"01a0b410-3803-7377-aa33-fe33b3dea11c","user_id":"","route":"compatible-chat","release_sequence":6,"family":"chat","mode":"unary","operation":"generation","surface":"openai","runtime_generation_id":"01a0b410-3647-71cd-87a3-216442e39389","outcome":"success","status":200,"error_class":"","committed":true,"completed_at":"2026-09-18T10:29:22.007283699Z","duration":1300725,"first_byte":1299343,"attempt_count":1,"attempts":[{"billing_uncertain":false,"class":"success","committed":true,"credential_id":"01a0b410-2c51-7c9c-a887-6984e44f8784","credential_version":1,"duration":684179,"first_byte":644279,"mode":"unary","ordinal":1,"provider_id":"01a0b410-2c51-761e-bb5e-20aa85e73de3","provider_revision_id":"01a0b410-354f-76b1-b914-358f8891246a","retry_after":null,"slot_id":"01a0b410-2c52-787f-a750-cd607f2c52a2","started_at":"2026-09-18T10:29:22.006546581Z","status":200,"target_id":"01a0b410-324b-7cbb-a349-445aef404a1b","upstream_model":"compatible-e2e-model","usage":{"input_tokens":7,"output_tokens":5,"total_tokens":12},"usage_complete":true,"usage_observed":true}],"usage_known":true,"input_tokens":7,"output_tokens":5}
2026-09-18T10:29:23.0175647Z [WebServer] {"time":"2026-09-18T10:29:23.016548307Z","level":"INFO","msg":"inference request","request_id":"01a0b410-4fc7-7231-b4f0-0bdbe77b9269","accounting_id":"01a0b410-4fc7-7231-b4f0-0bdbe77b9269","client_ip":"127.0.0.1","route_revision_id":"01a0b410-3644-7590-902f-987ab873a801","started_at":"2026-09-18T10:29:23.015148628Z","usage":{"input_tokens":7,"output_tokens":5,"total_tokens":12},"actor":"api_key","key_id":"01a0b410-3803-7377-aa33-fe33b3dea11c","user_id":"","route":"compatible-chat","release_sequence":6,"family":"chat","mode":"unary","operation":"generation","surface":"openai","runtime_generation_id":"01a0b410-3647-71cd-87a3-216442e39389","outcome":"success","status":200,"error_class":"","committed":true,"completed_at":"2026-09-18T10:29:23.016531251Z","duration":1382632,"first_byte":1381110,"attempt_count":1,"attempts":[{"billing_uncertain":false,"class":"success","committed":true,"credential_id":"01a0b410-2c51-7c9c-a887-6984e44f8784","credential_version":1,"duration":760527,"first_byte":700487,"mode":"unary","ordinal":1,"provider_id":"01a0b410-2c51-761e-bb5e-20aa85e73de3","provider_revision_id":"01a0b410-354f-76b1-b914-358f8891246a","retry_after":null,"slot_id":"01a0b410-2c52-787f-a750-cd607f2c52a2","started_at":"2026-09-18T10:29:23.015734099Z","status":200,"target_id":"01a0b410-324b-7cbb-a349-445aef404a1b","upstream_model":"compatible-e2e-model","usage":{"input_tokens":7,"output_tokens":5,"total_tokens":12},"usage_complete":true,"usage_observed":true}],"usage_known":true,"input_tokens":7,"output_tokens":5}
2026-09-18T10:29:24.0278074Z [WebServer] {"time":"2026-09-18T10:29:24.026810746Z","level":"INFO","msg":"inference request","request_id":"01a0b410-53b9-7766-8da2-35288caeedc9","accounting_id":"01a0b410-53b9-7766-8da2-35288caeedc9","client_ip":"127.0.0.1","route_revision_id":"01a0b410-3644-7590-902f-987ab873a801","started_at":"2026-09-18T10:29:24.025491632Z","usage":{"input_tokens":7,"output_tokens":5,"total_tokens":12},"actor":"api_key","key_id":"01a0b410-3803-7377-aa33-fe33b3dea11c","user_id":"","route":"compatible-chat","release_sequence":6,"family":"chat","mode":"unary","operation":"generation","surface":"openai","runtime_generation_id":"01a0b410-3647-71cd-87a3-216442e39389","outcome":"success","status":200,"error_class":"","committed":true,"completed_at":"2026-09-18T10:29:24.026796014Z","duration":1304382,"first_byte":1302649,"attempt_count":1,"attempts":[{"billing_uncertain":false,"class":"success","committed":true,"credential_id":"01a0b410-2c51-7c9c-a887-6984e44f8784","credential_version":1,"duration":713052,"first_byte":662856,"mode":"unary","ordinal":1,"provider_id":"01a0b410-2c51-761e-bb5e-20aa85e73de3","provider_revision_id":"01a0b410-354f-76b1-b914-358f8891246a","retry_after":null,"slot_id":"01a0b410-2c52-787f-a750-cd607f2c52a2","started_at":"2026-09-18T10:29:24.026037013Z","status":200,"target_id":"01a0b410-324b-7cbb-a349-445aef404a1b","upstream_model":"compatible-e2e-model","usage":{"input_tokens":7,"output_tokens":5,"total_tokens":12},"usage_complete":true,"usage_observed":true}],"usage_known":true,"input_tokens":7,"output_tokens":5}
2026-09-18T10:29:24.8836769Z [WebServer] {"time":"2026-09-18T10:29:24.883377237Z","level":"INFO","msg":"release installed","sequence":7,"sha256":"fab4c9d8146090bc93cd1c8376f8ce1d179d4d95143cbdccf17ce10629263b7c","providers":2,"routes":2}
2026-09-18T10:29:25.0369379Z [WebServer] {"time":"2026-09-18T10:29:25.03622866Z","level":"INFO","msg":"inference request","request_id":"01a0b410-57ac-7031-8424-8f0ce25167fc","accounting_id":"01a0b410-57ac-7031-8424-8f0ce25167fc","client_ip":"127.0.0.1","route_revision_id":"01a0b410-3644-7590-902f-987ab873a801","started_at":"2026-09-18T10:29:25.036017292Z","usage":null,"actor":"api_key","key_id":"01a0b410-3803-7377-aa33-fe33b3dea11c","user_id":"","route":"compatible-chat","release_sequence":7,"family":"chat","mode":"unary","operation":"generation","surface":"openai","runtime_generation_id":"01a0b410-4868-75b8-af7f-585c457c076f","outcome":"failure","status":503,"error_class":"upstream_unavailable","committed":false,"completed_at":"2026-09-18T10:29:25.036218014Z","duration":200722,"first_byte":null,"attempt_count":0,"attempts":[],"usage_known":false}
2026-09-18T10:29:25.2183374Z [WebServer] {"time":"2026-09-18T10:29:25.217027311Z","level":"INFO","msg":"inference request","request_id":"01a0b410-4801-7482-b9a9-370c1b6d7e06","accounting_id":"01a0b410-4801-7482-b9a9-370c1b6d7e06","client_ip":"127.0.0.1","route_revision_id":"01a0b410-3644-7590-902f-987ab873a801","started_at":"2026-09-18T10:29:21.025299886Z","usage":{"input_tokens":7,"output_tokens":5,"total_tokens":12},"actor":"api_key","key_id":"01a0b410-3803-7377-aa33-fe33b3dea11c","user_id":"","route":"compatible-chat","release_sequence":6,"family":"chat","mode":"streaming","operation":"generation","surface":"openai","runtime_generation_id":"01a0b410-3647-71cd-87a3-216442e39389","outcome":"success","status":200,"error_class":"","committed":true,"completed_at":"2026-09-18T10:29:25.217013079Z","duration":4191713193,"first_byte":1522384,"attempt_count":1,"attempts":[{"billing_uncertain":false,"class":"success","committed":true,"credential_id":"01a0b410-2c51-7c9c-a887-6984e44f8784","credential_version":1,"duration":4191031793,"first_byte":793703,"mode":"streaming","ordinal":1,"provider_id":"01a0b410-2c51-761e-bb5e-20aa85e73de3","provider_revision_id":"01a0b410-354f-76b1-b914-358f8891246a","retry_after":null,"slot_id":"01a0b410-2c52-787f-a750-cd607f2c52a2","started_at":"2026-09-18T10:29:21.025929268Z","status":200,"target_id":"01a0b410-324b-7cbb-a349-445aef404a1b","upstream_model":"compatible-e2e-model","usage":{"input_tokens":7,"output_tokens":5,"total_tokens":12},"usage_complete":true,"usage_observed":true}],"usage_known":true,"input_tokens":7,"output_tokens":5}
2026-09-18T10:29:25.2500473Z [WebServer] {"time":"2026-09-18T10:29:25.249012601Z","level":"INFO","msg":"inference request","request_id":"01a0b410-5880-7c73-97e2-14ebddbeee51","accounting_id":"01a0b410-5880-7c73-97e2-14ebddbeee51","client_ip":"127.0.0.1","route_revision_id":"01a0b410-3644-7590-902f-987ab873a801","started_at":"2026-09-18T10:29:25.248819551Z","usage":null,"actor":"api_key","key_id":"01a0b410-3803-7377-aa33-fe33b3dea11c","user_id":"","route":"compatible-chat","release_sequence":7,"family":"chat","mode":"unary","operation":"generation","surface":"openai","runtime_generation_id":"01a0b410-4868-75b8-af7f-585c457c076f","outcome":"failure","status":503,"error_class":"upstream_unavailable","committed":false,"completed_at":"2026-09-18T10:29:25.249002266Z","duration":182715,"first_byte":null,"attempt_count":0,"attempts":[],"usage_known":false}
2026-09-18T10:29:25.2505200Z [WebServer] {"time":"2026-09-18T10:29:25.250236185Z","level":"WARN","msg":"observability readiness refresh failed","error":"runtime_generation_unavailable"}
2026-09-18T10:29:25.3616561Z [WebServer] {"time":"2026-09-18T10:29:25.358214176Z","level":"INFO","msg":"inference request","request_id":"01a0b410-58ee-703d-9382-f68ddfd65987","accounting_id":"01a0b410-58ee-703d-9382-f68ddfd65987","client_ip":"127.0.0.1","route_revision_id":"01a0b410-3644-7590-902f-987ab873a801","started_at":"2026-09-18T10:29:25.358020705Z","usage":null,"actor":"api_key","key_id":"01a0b410-3803-7377-aa33-fe33b3dea11c","user_id":"","route":"compatible-chat","release_sequence":7,"family":"chat","mode":"unary","operation":"generation","surface":"openai","runtime_generation_id":"01a0b410-4868-75b8-af7f-585c457c076f","outcome":"failure","status":503,"error_class":"upstream_unavailable","committed":false,"completed_at":"2026-09-18T10:29:25.358204031Z","duration":183336,"first_byte":null,"attempt_count":0,"attempts":[],"usage_known":false}
2026-09-18T10:29:25.6203012Z [WebServer] {"time":"2026-09-18T10:29:25.619635914Z","level":"INFO","msg":"inference request","request_id":"01a0b410-59f3-7694-a85c-2440e3e7179f","accounting_id":"01a0b410-59f3-7694-a85c-2440e3e7179f","client_ip":"127.0.0.1","route_revision_id":"01a0b410-3644-7590-902f-987ab873a801","started_at":"2026-09-18T10:29:25.619435082Z","usage":null,"actor":"api_key","key_id":"01a0b410-3803-7377-aa33-fe33b3dea11c","user_id":"","route":"compatible-chat","release_sequence":7,"family":"chat","mode":"unary","operation":"generation","surface":"openai","runtime_generation_id":"01a0b410-4868-75b8-af7f-585c457c076f","outcome":"failure","status":503,"error_class":"upstream_unavailable","committed":false,"completed_at":"2026-09-18T10:29:25.619625949Z","duration":190867,"first_byte":null,"attempt_count":0,"attempts":[],"usage_known":false}
2026-09-18T10:29:26.1286466Z [WebServer] {"time":"2026-09-18T10:29:26.127981524Z","level":"INFO","msg":"inference request","request_id":"01a0b410-5bef-7bb7-85ac-ae28ffd38ab6","accounting_id":"01a0b410-5bef-7bb7-85ac-ae28ffd38ab6","client_ip":"127.0.0.1","route_revision_id":"01a0b410-3644-7590-902f-987ab873a801","started_at":"2026-09-18T10:29:26.12777241Z","usage":null,"actor":"api_key","key_id":"01a0b410-3803-7377-aa33-fe33b3dea11c","user_id":"","route":"compatible-chat","release_sequence":7,"family":"chat","mode":"unary","operation":"generation","surface":"openai","runtime_generation_id":"01a0b410-4868-75b8-af7f-585c457c076f","outcome":"failure","status":503,"error_class":"upstream_unavailable","committed":false,"completed_at":"2026-09-18T10:29:26.127970057Z","duration":197647,"first_byte":null,"attempt_count":0,"attempts":[],"usage_known":false}
2026-09-18T10:29:27.1377146Z [WebServer] {"time":"2026-09-18T10:29:27.136971626Z","level":"INFO","msg":"inference request","request_id":"01a0b410-5fe0-7bc1-99a2-0b60d05d2662","accounting_id":"01a0b410-5fe0-7bc1-99a2-0b60d05d2662","client_ip":"127.0.0.1","route_revision_id":"01a0b410-3644-7590-902f-987ab873a801","started_at":"2026-09-18T10:29:27.136774509Z","usage":null,"actor":"api_key","key_id":"01a0b410-3803-7377-aa33-fe33b3dea11c","user_id":"","route":"compatible-chat","release_sequence":7,"family":"chat","mode":"unary","operation":"generation","surface":"openai","runtime_generation_id":"01a0b410-4868-75b8-af7f-585c457c076f","outcome":"failure","status":503,"error_class":"upstream_unavailable","committed":false,"completed_at":"2026-09-18T10:29:27.136960729Z","duration":186220,"first_byte":null,"attempt_count":0,"attempts":[],"usage_known":false}
2026-09-18T10:29:28.1468602Z [WebServer] {"time":"2026-09-18T10:29:28.146053083Z","level":"INFO","msg":"inference request","request_id":"01a0b410-63d1-7c68-840c-74104fe06fd8","accounting_id":"01a0b410-63d1-7c68-840c-74104fe06fd8","client_ip":"127.0.0.1","route_revision_id":"01a0b410-3644-7590-902f-987ab873a801","started_at":"2026-09-18T10:29:28.14581804Z","usage":null,"actor":"api_key","key_id":"01a0b410-3803-7377-aa33-fe33b3dea11c","user_id":"","route":"compatible-chat","release_sequence":7,"family":"chat","mode":"unary","operation":"generation","surface":"openai","runtime_generation_id":"01a0b410-4868-75b8-af7f-585c457c076f","outcome":"failure","status":503,"error_class":"upstream_unavailable","committed":false,"completed_at":"2026-09-18T10:29:28.146039082Z","duration":221042,"first_byte":null,"attempt_count":0,"attempts":[],"usage_known":false}
2026-09-18T10:29:29.1560338Z [WebServer] {"time":"2026-09-18T10:29:29.155318188Z","level":"INFO","msg":"inference request","request_id":"01a0b410-67c3-718d-bff8-288eb7b524b3","accounting_id":"01a0b410-67c3-718d-bff8-288eb7b524b3","client_ip":"127.0.0.1","route_revision_id":"01a0b410-3644-7590-902f-987ab873a801","started_at":"2026-09-18T10:29:29.155107631Z","usage":null,"actor":"api_key","key_id":"01a0b410-3803-7377-aa33-fe33b3dea11c","user_id":"","route":"compatible-chat","release_sequence":7,"family":"chat","mode":"unary","operation":"generation","surface":"openai","runtime_generation_id":"01a0b410-4868-75b8-af7f-585c457c076f","outcome":"failure","status":503,"error_class":"upstream_unavailable","committed":false,"completed_at":"2026-09-18T10:29:29.155307021Z","duration":199390,"first_byte":null,"attempt_count":0,"attempts":[],"usage_known":false}
2026-09-18T10:29:29.8831022Z [WebServer] {"time":"2026-09-18T10:29:29.882690215Z","level":"INFO","msg":"release installed","sequence":8,"sha256":"663ee3b85710a7f0369eaf00542925e6c7901da04859523ad2143f5961ccfe6b","providers":2,"routes":2}
2026-09-18T10:29:30.1654027Z [WebServer] {"time":"2026-09-18T10:29:30.164400078Z","level":"INFO","msg":"inference request","request_id":"01a0b410-6bb3-7039-a723-ccd859bc247a","accounting_id":"01a0b410-6bb3-7039-a723-ccd859bc247a","client_ip":"127.0.0.1","route_revision_id":"01a0b410-3644-7590-902f-987ab873a801","started_at":"2026-09-18T10:29:30.163019656Z","usage":{"input_tokens":7,"output_tokens":5,"total_tokens":12},"actor":"api_key","key_id":"01a0b410-3803-7377-aa33-fe33b3dea11c","user_id":"","route":"compatible-chat","release_sequence":8,"family":"chat","mode":"unary","operation":"generation","surface":"openai","runtime_generation_id":"01a0b410-5879-76dc-98c5-7f5d029d63f0","outcome":"success","status":200,"error_class":"","committed":true,"completed_at":"2026-09-18T10:29:30.164386758Z","duration":1367102,"first_byte":1365609,"attempt_count":1,"attempts":[{"billing_uncertain":false,"class":"success","committed":true,"credential_id":"01a0b410-2c51-7c9c-a887-6984e44f8784","credential_version":1,"duration":783033,"first_byte":732377,"mode":"unary","ordinal":1,"provider_id":"01a0b410-2c51-761e-bb5e-20aa85e73de3","provider_revision_id":"01a0b410-5877-7933-8757-21a86cc76313","retry_after":null,"slot_id":"01a0b410-2c52-787f-a750-cd607f2c52a2","started_at":"2026-09-18T10:29:30.163553389Z","status":200,"target_id":"01a0b410-324b-7cbb-a349-445aef404a1b","upstream_model":"compatible-e2e-model","usage":{"input_tokens":7,"output_tokens":5,"total_tokens":12},"usage_complete":true,"usage_observed":true}],"usage_known":true,"input_tokens":7,"output_tokens":5}
2026-09-18T10:29:30.2504565Z [WebServer] {"time":"2026-09-18T10:29:30.249717202Z","level":"WARN","msg":"observability readiness refresh failed","error":"runtime_generation_unavailable"}
2026-09-18T10:29:30.3182377Z [WebServer] {"time":"2026-09-18T10:29:30.317453528Z","level":"INFO","msg":"inference request","request_id":"01a0b410-6c4c-7274-b073-2c09ed0a7a12","accounting_id":"01a0b410-6c4c-7274-b073-2c09ed0a7a12","client_ip":"127.0.0.1","route_revision_id":"01a0b410-3644-7590-902f-987ab873a801","started_at":"2026-09-18T10:29:30.316163975Z","usage":{"input_tokens":7,"output_tokens":5,"total_tokens":12},"actor":"playground","key_id":"","user_id":"01a0b40f-1ad8-7571-a8b0-bbf10e86734c","route":"compatible-chat","release_sequence":8,"family":"chat","mode":"unary","operation":"generation","surface":"openai","runtime_generation_id":"01a0b410-5879-76dc-98c5-7f5d029d63f0","outcome":"success","status":200,"error_class":"","committed":false,"completed_at":"2026-09-18T10:29:30.317440379Z","duration":1276404,"first_byte":null,"attempt_count":1,"attempts":[{"billing_uncertain":false,"class":"success","committed":false,"credential_id":"01a0b410-2c51-7c9c-a887-6984e44f8784","credential_version":1,"duration":769111,"first_byte":704544,"mode":"unary","ordinal":1,"provider_id":"01a0b410-2c51-761e-bb5e-20aa85e73de3","provider_revision_id":"01a0b410-5877-7933-8757-21a86cc76313","retry_after":null,"slot_id":"01a0b410-2c52-787f-a750-cd607f2c52a2","started_at":"2026-09-18T10:29:30.316665599Z","status":200,"target_id":"01a0b410-324b-7cbb-a349-445aef404a1b","upstream_model":"compatible-e2e-model","usage":{"input_tokens":7,"output_tokens":5,"total_tokens":12},"usage_complete":true,"usage_observed":true}],"usage_known":true,"input_tokens":7,"output_tokens":5}
2026-09-18T10:29:30.5980211Z [WebServer] {"time":"2026-09-18T10:29:30.596996909Z","level":"INFO","msg":"inference request","request_id":"01a0b410-6d63-7ad7-a59a-56e82b5ea0e8","accounting_id":"01a0b410-6d63-7ad7-a59a-56e82b5ea0e8","client_ip":"127.0.0.1","route_revision_id":"01a0b410-3644-7590-902f-987ab873a801","started_at":"2026-09-18T10:29:30.595715663Z","usage":{"input_tokens":7,"output_tokens":5,"total_tokens":12},"actor":"api_key","key_id":"01a0b410-3803-7377-aa33-fe33b3dea11c","user_id":"","route":"compatible-chat","release_sequence":8,"family":"chat","mode":"unary","operation":"generation","surface":"openai","runtime_generation_id":"01a0b410-5879-76dc-98c5-7f5d029d63f0","outcome":"success","status":200,"error_class":"","committed":true,"completed_at":"2026-09-18T10:29:30.596983669Z","duration":1268006,"first_byte":1266694,"attempt_count":1,"attempts":[{"billing_uncertain":false,"class":"success","committed":true,"credential_id":"01a0b410-2c51-7c9c-a887-6984e44f8784","credential_version":1,"duration":623167,"first_byte":578890,"mode":"unary","ordinal":1,"provider_id":"01a0b410-2c51-761e-bb5e-20aa85e73de3","provider_revision_id":"01a0b410-5877-7933-8757-21a86cc76313","retry_after":null,"slot_id":"01a0b410-2c52-787f-a750-cd607f2c52a2","started_at":"2026-09-18T10:29:30.596322725Z","status":200,"target_id":"01a0b410-324b-7cbb-a349-445aef404a1b","upstream_model":"compatible-e2e-model","usage":{"input_tokens":7,"output_tokens":5,"total_tokens":12},"usage_complete":true,"usage_observed":true}],"usage_known":true,"input_tokens":7,"output_tokens":5}
2026-09-18T10:29:30.8555833Z [WebServer] {"time":"2026-09-18T10:29:30.854314195Z","level":"INFO","msg":"inference request","request_id":"01a0b410-6e65-7582-9df6-16821a96c04e","accounting_id":"01a0b410-6e65-7582-9df6-16821a96c04e","client_ip":"127.0.0.1","route_revision_id":"01a0b410-3644-7590-902f-987ab873a801","started_at":"2026-09-18T10:29:30.853365238Z","usage":{"input_tokens":7,"output_tokens":5,"total_tokens":12},"actor":"api_key","key_id":"01a0b410-3803-7377-aa33-fe33b3dea11c","user_id":"","route":"compatible-chat","release_sequence":8,"family":"chat","mode":"unary","operation":"generation","surface":"openai","runtime_generation_id":"01a0b410-5879-76dc-98c5-7f5d029d63f0","outcome":"success","status":200,"error_class":"","committed":true,"completed_at":"2026-09-18T10:29:30.854302007Z","duration":936769,"first_byte":935467,"attempt_count":1,"attempts":[{"billing_uncertain":false,"class":"success","committed":true,"credential_id":"01a0b410-2c51-7c9c-a887-6984e44f8784","credential_version":1,"duration":521094,"first_byte":469216,"mode":"unary","ordinal":1,"provider_id":"01a0b410-2c51-761e-bb5e-20aa85e73de3","provider_revision_id":"01a0b410-5877-7933-8757-21a86cc76313","retry_after":null,"slot_id":"01a0b410-2c52-787f-a750-cd607f2c52a2","started_at":"2026-09-18T10:29:30.853728484Z","status":200,"target_id":"01a0b410-324b-7cbb-a349-445aef404a1b","upstream_model":"compatible-e2e-model","usage":{"input_tokens":7,"output_tokens":5,"total_tokens":12},"usage_complete":true,"usage_observed":true}],"usage_known":true,"input_tokens":7,"output_tokens":5}
2026-09-18T10:29:31.3636871Z [WebServer] {"time":"2026-09-18T10:29:31.362675461Z","level":"INFO","msg":"inference request","request_id":"01a0b410-7061-7592-85f9-c619e8760fb9","accounting_id":"01a0b410-7061-7592-85f9-c619e8760fb9","client_ip":"127.0.0.1","route_revision_id":"01a0b410-3644-7590-902f-987ab873a801","started_at":"2026-09-18T10:29:31.361370729Z","usage":{"input_tokens":7,"output_tokens":5,"total_tokens":12},"actor":"api_key","key_id":"01a0b410-3803-7377-aa33-fe33b3dea11c","user_id":"","route":"compatible-chat","release_sequence":8,"family":"chat","mode":"unary","operation":"generation","surface":"openai","runtime_generation_id":"01a0b410-5879-76dc-98c5-7f5d029d63f0","outcome":"success","status":200,"error_class":"","committed":true,"completed_at":"2026-09-18T10:29:31.362657855Z","duration":1287126,"first_byte":1285353,"attempt_count":1,"attempts":[{"billing_uncertain":false,"class":"success","committed":true,"credential_id":"01a0b410-2c51-7c9c-a887-6984e44f8784","credential_version":1,"duration":712221,"first_byte":653262,"mode":"unary","ordinal":1,"provider_id":"01a0b410-2c51-761e-bb5e-20aa85e73de3","provider_revision_id":"01a0b410-5877-7933-8757-21a86cc76313","retry_after":null,"slot_id":"01a0b410-2c52-787f-a750-cd607f2c52a2","started_at":"2026-09-18T10:29:31.36190336Z","status":200,"target_id":"01a0b410-324b-7cbb-a349-445aef404a1b","upstream_model":"compatible-e2e-model","usage":{"input_tokens":7,"output_tokens":5,"total_tokens":12},"usage_complete":true,"usage_observed":true}],"usage_known":true,"input_tokens":7,"output_tokens":5}
2026-09-18T10:29:32.3743476Z [WebServer] {"time":"2026-09-18T10:29:32.373387729Z","level":"INFO","msg":"inference request","request_id":"01a0b410-7452-7eec-a54d-1cd4f1c68161","accounting_id":"01a0b410-7452-7eec-a54d-1cd4f1c68161","client_ip":"127.0.0.1","route_revision_id":"01a0b410-3644-7590-902f-987ab873a801","started_at":"2026-09-18T10:29:32.370982418Z","usage":{"input_tokens":7,"output_tokens":5,"total_tokens":12},"actor":"api_key","key_id":"01a0b410-3803-7377-aa33-fe33b3dea11c","user_id":"","route":"compatible-chat","release_sequence":8,"family":"chat","mode":"unary","operation":"generation","surface":"openai","runtime_generation_id":"01a0b410-5879-76dc-98c5-7f5d029d63f0","outcome":"success","status":200,"error_class":"","committed":true,"completed_at":"2026-09-18T10:29:32.373370433Z","duration":2388015,"first_byte":2386553,"attempt_count":1,"attempts":[{"billing_uncertain":false,"class":"success","committed":true,"credential_id":"01a0b410-2c51-7c9c-a887-6984e44f8784","credential_version":1,"duration":947549,"first_byte":899687,"mode":"unary","ordinal":1,"provider_id":"01a0b410-2c51-761e-bb5e-20aa85e73de3","provider_revision_id":"01a0b410-5877-7933-8757-21a86cc76313","retry_after":null,"slot_id":"01a0b410-2c52-787f-a750-cd607f2c52a2","started_at":"2026-09-18T10:29:32.372383825Z","status":200,"target_id":"01a0b410-324b-7cbb-a349-445aef404a1b","upstream_model":"compatible-e2e-model","usage":{"input_tokens":7,"output_tokens":5,"total_tokens":12},"usage_complete":true,"usage_observed":true}],"usage_known":true,"input_tokens":7,"output_tokens":5}
2026-09-18T10:29:33.3851121Z [WebServer] {"time":"2026-09-18T10:29:33.383250416Z","level":"INFO","msg":"inference request","request_id":"01a0b410-7845-76e1-9f15-d0aa5739cca5","accounting_id":"01a0b410-7845-76e1-9f15-d0aa5739cca5","client_ip":"127.0.0.1","route_revision_id":"01a0b410-3644-7590-902f-987ab873a801","started_at":"2026-09-18T10:29:33.381456078Z","usage":{"input_tokens":7,"output_tokens":5,"total_tokens":12},"actor":"api_key","key_id":"01a0b410-3803-7377-aa33-fe33b3dea11c","user_id":"","route":"compatible-chat","release_sequence":8,"family":"chat","mode":"unary","operation":"generation","surface":"openai","runtime_generation_id":"01a0b410-5879-76dc-98c5-7f5d029d63f0","outcome":"success","status":200,"error_class":"","committed":true,"completed_at":"2026-09-18T10:29:33.383232018Z","duration":1775940,"first_byte":1773747,"attempt_count":1,"attempts":[{"billing_uncertain":false,"class":"success","committed":true,"credential_id":"01a0b410-2c51-7c9c-a887-6984e44f8784","credential_version":1,"duration":1018071,"first_byte":971731,"mode":"unary","ordinal":1,"provider_id":"01a0b410-2c51-761e-bb5e-20aa85e73de3","provider_revision_id":"01a0b410-5877-7933-8757-21a86cc76313","retry_after":null,"slot_id":"01a0b410-2c52-787f-a750-cd607f2c52a2","started_at":"2026-09-18T10:29:33.382169701Z","status":200,"target_id":"01a0b410-324b-7cbb-a349-445aef404a1b","upstream_model":"compatible-e2e-model","usage":{"input_tokens":7,"output_tokens":5,"total_tokens":12},"usage_complete":true,"usage_observed":true}],"usage_known":true,"input_tokens":7,"output_tokens":5}
2026-09-18T10:29:34.3979394Z [WebServer] {"time":"2026-09-18T10:29:34.396883953Z","level":"INFO","msg":"inference request","request_id":"01a0b410-7c3b-776e-b690-c8f4ac4b53ca","accounting_id":"01a0b410-7c3b-776e-b690-c8f4ac4b53ca","client_ip":"127.0.0.1","route_revision_id":"01a0b410-3644-7590-902f-987ab873a801","started_at":"2026-09-18T10:29:34.395492351Z","usage":{"input_tokens":7,"output_tokens":5,"total_tokens":12},"actor":"api_key","key_id":"01a0b410-3803-7377-aa33-fe33b3dea11c","user_id":"","route":"compatible-chat","release_sequence":8,"family":"chat","mode":"unary","operation":"generation","surface":"openai","runtime_generation_id":"01a0b410-5879-76dc-98c5-7f5d029d63f0","outcome":"success","status":200,"error_class":"","committed":true,"completed_at":"2026-09-18T10:29:34.396867899Z","duration":1375548,"first_byte":1373796,"attempt_count":1,"attempts":[{"billing_uncertain":false,"class":"success","committed":true,"credential_id":"01a0b410-2c51-7c9c-a887-6984e44f8784","credential_version":1,"duration":697148,"first_byte":637238,"mode":"unary","ordinal":1,"provider_id":"01a0b410-2c51-761e-bb5e-20aa85e73de3","provider_revision_id":"01a0b410-5877-7933-8757-21a86cc76313","retry_after":null,"slot_id":"01a0b410-2c52-787f-a750-cd607f2c52a2","started_at":"2026-09-18T10:29:34.396129289Z","status":200,"target_id":"01a0b410-324b-7cbb-a349-445aef404a1b","upstream_model":"compatible-e2e-model","usage":{"input_tokens":7,"output_tokens":5,"total_tokens":12},"usage_complete":true,"usage_observed":true}],"usage_known":true,"input_tokens":7,"output_tokens":5}
2026-09-18T10:29:34.8831154Z [WebServer] {"time":"2026-09-18T10:29:34.882761857Z","level":"INFO","msg":"authority refreshed","sequence":4,"keys":3,"revoked_credentials":0}
2026-09-18T10:29:35.2529592Z [WebServer] {"time":"2026-09-18T10:29:35.252635096Z","level":"WARN","msg":"observability readiness refresh failed","error":"runtime_generation_unavailable"}
2026-09-18T10:29:35.4066128Z [WebServer] {"time":"2026-09-18T10:29:35.406057984Z","level":"INFO","msg":"inference request","request_id":"01a0b410-802d-7ecb-95d1-1851ec5b8ce8","accounting_id":"01a0b410-802d-7ecb-95d1-1851ec5b8ce8","client_ip":"127.0.0.1","route_revision_id":"","started_at":"2026-09-18T10:29:35.405974479Z","usage":null,"actor":"api_key","key_id":"","user_id":"","route":"","release_sequence":8,"family":"chat","mode":"","operation":"generation","surface":"openai","runtime_generation_id":"01a0b410-5879-76dc-98c5-7f5d029d63f0","outcome":"failure","status":401,"error_class":"invalid_api_key","committed":false,"completed_at":"2026-09-18T10:29:35.406043443Z","duration":68964,"first_byte":null,"attempt_count":0,"attempts":[],"usage_known":false}
2026-09-18T10:29:36.9164872Z   ✓   5 [go-packaged] › tests/gateway/openai-route.spec.ts:183:1 › a browser user configures an OpenAI-compatible route and reaches unary and streaming inference (23.5s)
2026-09-18T10:29:39.8844833Z [WebServer] {"time":"2026-09-18T10:29:39.884032405Z","level":"INFO","msg":"release installed","sequence":11,"sha256":"0d51ab8e0df95d1339a1e10ab1f230168401e1cb31efda93da618a3c0d5f780c","providers":4,"routes":2}
2026-09-18T10:29:40.2506228Z [WebServer] {"time":"2026-09-18T10:29:40.250243827Z","level":"WARN","msg":"observability readiness refresh failed","error":"runtime_generation_unavailable"}
2026-09-18T10:29:40.5979873Z [WebServer] {"time":"2026-09-18T10:29:40.597183832Z","level":"INFO","msg":"inference request","request_id":"01a0b410-9475-7278-82fa-9a42ff1b0b6d","accounting_id":"01a0b410-9475-7278-82fa-9a42ff1b0b6d","client_ip":"127.0.0.1","route_revision_id":"","started_at":"2026-09-18T10:29:40.597164603Z","usage":null,"actor":"playground","key_id":"","user_id":"01a0b40f-1ad8-7571-a8b0-bbf10e86734c","route":"","release_sequence":11,"family":"chat","mode":"unary","operation":"generation","surface":"openai","runtime_generation_id":"01a0b410-8fbc-75c6-8d13-bc5d61b01996","outcome":"failure","status":404,"error_class":"route_not_found","committed":false,"completed_at":"2026-09-18T10:29:40.597170743Z","duration":6140,"first_byte":null,"attempt_count":0,"attempts":[],"usage_known":false}
2026-09-18T10:29:44.8835329Z [WebServer] {"time":"2026-09-18T10:29:44.88311628Z","level":"INFO","msg":"release installed","sequence":12,"sha256":"c6390329079bcd8005ac64f634bfcb149c3b1c314095648b812ddfb79841c9ff","providers":4,"routes":3}
2026-09-18T10:29:45.2498329Z [WebServer] {"time":"2026-09-18T10:29:45.249513212Z","level":"WARN","msg":"observability readiness refresh failed","error":"runtime_generation_unavailable"}
2026-09-18T10:29:46.1313358Z [WebServer] {"time":"2026-09-18T10:29:46.130243709Z","level":"INFO","msg":"inference request","request_id":"01a0b410-aa10-7962-993a-fb3ab63b928f","accounting_id":"01a0b410-aa10-7962-993a-fb3ab63b928f","client_ip":"127.0.0.1","route_revision_id":"01a0b410-93c4-7552-942e-d450775c5cfc","started_at":"2026-09-18T10:29:46.128618325Z","usage":{"input_tokens":7,"output_tokens":5,"total_tokens":12},"actor":"playground","key_id":"","user_id":"01a0b40f-1ad8-7571-a8b0-bbf10e86734c","route":"provider-pool-route","release_sequence":12,"family":"chat","mode":"unary","operation":"generation","surface":"openai","runtime_generation_id":"01a0b410-93c8-7561-8ad3-598e3d746323","outcome":"success","status":200,"error_class":"","committed":false,"completed_at":"2026-09-18T10:29:46.130227284Z","duration":1608959,"first_byte":null,"attempt_count":1,"attempts":[{"billing_uncertain":false,"class":"success","committed":false,"credential_id":"01a0b410-8b7c-77a0-a091-58f517fb6e77","credential_version":1,"duration":1061246,"first_byte":1005182,"mode":"unary","ordinal":1,"provider_id":"01a0b410-8b7c-706a-bd0e-d974b3ac7a98","provider_revision_id":"01a0b410-8fba-7ca3-84ac-07a4671bde3f","retry_after":null,"slot_id":"01a0b410-8b7d-7b12-97f2-1025c0190e33","started_at":"2026-09-18T10:29:46.12916055Z","status":200,"target_id":"01a0b410-91a9-7223-9aaa-7933b7e356b3","upstream_model":"vertical-e2e-deployment","usage":{"input_tokens":7,"output_tokens":5,"total_tokens":12},"usage_complete":true,"usage_observed":true}],"usage_known":true,"input_tokens":7,"output_tokens":5}
2026-09-18T10:29:46.8323863Z [WebServer] {"time":"2026-09-18T10:29:46.831303238Z","level":"INFO","msg":"inference request","request_id":"01a0b410-accd-7cf3-a3c8-9f2a78dedfbd","accounting_id":"01a0b410-accd-7cf3-a3c8-9f2a78dedfbd","client_ip":"127.0.0.1","route_revision_id":"01a0b410-93c4-7552-942e-d450775c5cfc","started_at":"2026-09-18T10:29:46.829852026Z","usage":{"input_tokens":7,"output_tokens":5,"total_tokens":12},"actor":"playground","key_id":"","user_id":"01a0b40f-1ad8-7571-a8b0-bbf10e86734c","route":"provider-pool-route","release_sequence":12,"family":"chat","mode":"unary","operation":"generation","surface":"openai","runtime_generation_id":"01a0b410-93c8-7561-8ad3-598e3d746323","outcome":"success","status":200,"error_class":"","committed":false,"completed_at":"2026-09-18T10:29:46.831285792Z","duration":1433766,"first_byte":null,"attempt_count":1,"attempts":[{"billing_uncertain":false,"class":"success","committed":false,"credential_id":"01a0b410-8b7c-77a0-a091-58f517fb6e77","credential_version":1,"duration":750628,"first_byte":683407,"mode":"unary","ordinal":1,"provider_id":"01a0b410-8b7c-706a-bd0e-d974b3ac7a98","provider_revision_id":"01a0b410-8fba-7ca3-84ac-07a4671bde3f","retry_after":null,"slot_id":"01a0b410-8b7d-7b12-97f2-1025c0190e33","started_at":"2026-09-18T10:29:46.830518328Z","status":200,"target_id":"01a0b410-91a9-7223-9aaa-7933b7e356b3","upstream_model":"vertical-e2e-deployment","usage":{"input_tokens":7,"output_tokens":5,"total_tokens":12},"usage_complete":true,"usage_observed":true}],"usage_known":true,"input_tokens":7,"output_tokens":5}
2026-09-18T10:29:46.9128116Z   ✓   6 [go-packaged] › tests/gateway/openai-route.spec.ts:483:1 › cloud connections support bulk model review, credential pools and policy routing (10.0s)
2026-09-18T10:29:49.8839468Z [WebServer] {"time":"2026-09-18T10:29:49.883478382Z","level":"INFO","msg":"release installed","sequence":13,"sha256":"7c1eeb0bba4dddd516bc341600a6a2affc45665b4505a0dbcec25efbc86bd553","providers":4,"routes":3}
2026-09-18T10:29:50.2349347Z [WebServer] {"time":"2026-09-18T10:29:50.234455461Z","level":"INFO","msg":"authority refreshed","sequence":1,"keys":1,"revoked_credentials":0}
2026-09-18T10:29:50.2499866Z [WebServer] {"time":"2026-09-18T10:29:50.249701227Z","level":"WARN","msg":"observability readiness refresh failed","error":"runtime_generation_unavailable"}
2026-09-18T10:29:53.6664300Z   ✓   7 [go-vite] › tests/access/control.spec.ts:47:1 › setup, invitations, key policy, profile, settings, audit, and OIDC work through this origin (6.4s)
2026-09-18T10:29:54.0282872Z   ✓   8 [go-vite] › tests/foundation/shell.spec.ts:3:1 › console hydrates and uses the Go origin through packaged assets and Vite (353ms)
2026-09-18T10:29:55.2503427Z [WebServer] {"time":"2026-09-18T10:29:55.249927159Z","level":"WARN","msg":"observability readiness refresh failed","error":"runtime_generation_unavailable"}
2026-09-18T10:29:59.8906422Z [WebServer] {"time":"2026-09-18T10:29:59.890202188Z","level":"INFO","msg":"reconciled cost budgets","keys":2,"daily_windows":2,"monthly_windows":2}
2026-09-18T10:30:00.2349371Z [WebServer] {"time":"2026-09-18T10:30:00.23461883Z","level":"INFO","msg":"authority refreshed","sequence":2,"keys":2,"revoked_credentials":0}
2026-09-18T10:30:00.2355979Z [WebServer] {"time":"2026-09-18T10:30:00.235428568Z","level":"INFO","msg":"release installed","sequence":2,"sha256":"acd541ddfc7a8ffd1095cb81feae2fe359f441358e6650ca3a4f5b16a5dc2caa","providers":1,"routes":1}
2026-09-18T10:30:00.2397543Z [WebServer] {"time":"2026-09-18T10:30:00.239556384Z","level":"INFO","msg":"reconciled cost budgets","keys":2,"daily_windows":2,"monthly_windows":2}
2026-09-18T10:30:01.0270225Z [WebServer] {"time":"2026-09-18T10:30:01.025960603Z","level":"INFO","msg":"inference request","request_id":"01a0b410-e440-71ca-8888-b4cd5e204997","accounting_id":"01a0b410-e440-71ca-8888-b4cd5e204997","client_ip":"127.0.0.1","route_revision_id":"01a0b410-d38e-7104-8bf1-efe1a73cd28b","started_at":"2026-09-18T10:30:01.024119445Z","usage":{"input_tokens":7,"output_tokens":5,"total_tokens":12},"actor":"api_key","key_id":"01a0b410-d50c-76ba-bcb8-1f79b5e861be","user_id":"","route":"accounting-chat","release_sequence":2,"family":"chat","mode":"unary","operation":"generation","surface":"openai","runtime_generation_id":"01a0b410-d390-77c0-89fc-7098cdc8b1ad","outcome":"success","status":200,"error_class":"","committed":true,"completed_at":"2026-09-18T10:30:01.025942686Z","duration":1823241,"first_byte":1821358,"attempt_count":1,"attempts":[{"billing_uncertain":false,"class":"success","committed":true,"credential_id":"01a0b410-cca8-7102-9618-f98326d54c0a","credential_version":1,"duration":795827,"first_byte":726843,"mode":"unary","ordinal":1,"provider_id":"01a0b410-cca7-77c8-a9b3-8cabac882cc9","provider_revision_id":"01a0b410-d177-7e0a-80e5-a252a0a9ce0f","retry_after":null,"slot_id":"01a0b410-cca8-7d6b-8284-c67fdbc443d1","started_at":"2026-09-18T10:30:01.025100039Z","status":200,"target_id":"01a0b410-d2e6-7681-b184-f6cc597bef91","upstream_model":"compatible-e2e-model","usage":{"input_tokens":7,"output_tokens":5,"total_tokens":12},"usage_complete":true,"usage_observed":true}],"usage_known":true,"input_tokens":7,"output_tokens":5}
2026-09-18T10:30:11.0616259Z [WebServer] {"time":"2026-09-18T10:30:11.060557451Z","level":"INFO","msg":"inference request","request_id":"01a0b411-0b72-7ba9-9883-9cc6a3ba3a0f","accounting_id":"01a0b411-0b72-7ba9-9883-9cc6a3ba3a0f","client_ip":"127.0.0.1","route_revision_id":"01a0b410-d38e-7104-8bf1-efe1a73cd28b","started_at":"2026-09-18T10:30:11.05876743Z","usage":{"input_tokens":7,"output_tokens":5,"total_tokens":12},"actor":"api_key","key_id":"01a0b410-d50c-76ba-bcb8-1f79b5e861be","user_id":"","route":"accounting-chat","release_sequence":2,"family":"chat","mode":"unary","operation":"generation","surface":"openai","runtime_generation_id":"01a0b410-d390-77c0-89fc-7098cdc8b1ad","outcome":"success","status":200,"error_class":"","committed":true,"completed_at":"2026-09-18T10:30:11.060542599Z","duration":1775169,"first_byte":1773306,"attempt_count":1,"attempts":[{"billing_uncertain":false,"class":"success","committed":true,"credential_id":"01a0b410-cca8-7102-9618-f98326d54c0a","credential_version":1,"duration":737619,"first_byte":670228,"mode":"unary","ordinal":1,"provider_id":"01a0b410-cca7-77c8-a9b3-8cabac882cc9","provider_revision_id":"01a0b410-d177-7e0a-80e5-a252a0a9ce0f","retry_after":null,"slot_id":"01a0b410-cca8-7d6b-8284-c67fdbc443d1","started_at":"2026-09-18T10:30:11.059761144Z","status":200,"target_id":"01a0b410-d2e6-7681-b184-f6cc597bef91","upstream_model":"compatible-e2e-model","usage":{"input_tokens":7,"output_tokens":5,"total_tokens":12},"usage_complete":true,"usage_observed":true}],"usage_known":true,"input_tokens":7,"output_tokens":5}
2026-09-18T10:30:11.2508816Z [WebServer] {"time":"2026-09-18T10:30:11.249135631Z","level":"INFO","msg":"inference request","request_id":"01a0b411-0b7e-70f8-94ed-9acee3fdde02","accounting_id":"01a0b411-0b7e-70f8-94ed-9acee3fdde02","client_ip":"127.0.0.1","route_revision_id":"01a0b410-d38e-7104-8bf1-efe1a73cd28b","started_at":"2026-09-18T10:30:11.070066798Z","usage":{"input_tokens":7,"output_tokens":5,"total_tokens":12},"actor":"api_key","key_id":"01a0b410-d50c-76ba-bcb8-1f79b5e861be","user_id":"","route":"accounting-chat","release_sequence":2,"family":"chat","mode":"streaming","operation":"generation","surface":"openai","runtime_generation_id":"01a0b410-d390-77c0-89fc-7098cdc8b1ad","outcome":"success","status":200,"error_class":"","committed":true,"completed_at":"2026-09-18T10:30:11.249119637Z","duration":179052829,"first_byte":1849080,"attempt_count":1,"attempts":[{"billing_uncertain":false,"class":"success","committed":true,"credential_id":"01a0b410-cca8-7102-9618-f98326d54c0a","credential_version":1,"duration":177810401,"first_byte":593612,"mode":"streaming","ordinal":1,"provider_id":"01a0b410-cca7-77c8-a9b3-8cabac882cc9","provider_revision_id":"01a0b410-d177-7e0a-80e5-a252a0a9ce0f","retry_after":null,"slot_id":"01a0b410-cca8-7d6b-8284-c67fdbc443d1","started_at":"2026-09-18T10:30:11.071239521Z","status":200,"target_id":"01a0b410-d2e6-7681-b184-f6cc597bef91","upstream_model":"compatible-e2e-model","usage":{"input_tokens":7,"output_tokens":5,"total_tokens":12},"usage_complete":true,"usage_observed":true}],"usage_known":true,"input_tokens":7,"output_tokens":5}
2026-09-18T10:30:12.9329324Z   ✓   9 [go-vite] › tests/gateway/accounting.spec.ts:262:1 › a browser user prices gateway traffic and reads the accounting it produced (18.9s)
2026-09-18T10:30:15.1368298Z   ✓  10 [go-vite] › tests/gateway/accounting.spec.ts:458:1 › retained media records expose metadata, filters, and accessible details (2.2s)
2026-09-18T10:30:20.2340707Z [WebServer] {"time":"2026-09-18T10:30:20.233738769Z","level":"INFO","msg":"authority refreshed","sequence":3,"keys":3,"revoked_credentials":0}
2026-09-18T10:30:20.2348481Z [WebServer] {"time":"2026-09-18T10:30:20.234674661Z","level":"INFO","msg":"release installed","sequence":6,"sha256":"23218c8165e46601096ee61d0e441812584a199a2521053e2d6c47a3da7a8bab","providers":2,"routes":2}
2026-09-18T10:30:21.1292371Z [WebServer] {"time":"2026-09-18T10:30:21.128111716Z","level":"INFO","msg":"inference request","request_id":"01a0b411-32c6-7953-ba98-a46692aedd8d","accounting_id":"01a0b411-32c6-7953-ba98-a46692aedd8d","client_ip":"127.0.0.1","route_revision_id":"01a0b411-291a-77e4-ac93-0f9d4c559e20","started_at":"2026-09-18T10:30:21.126615516Z","usage":{"input_tokens":7,"output_tokens":5,"total_tokens":12},"actor":"api_key","key_id":"01a0b411-2b6e-7656-b07e-1aa77d8b7bc4","user_id":"","route":"compatible-chat","release_sequence":6,"family":"responses","mode":"unary","operation":"generation","surface":"openai","runtime_generation_id":"01a0b411-291d-7102-bd28-519aced841d2","outcome":"success","status":200,"error_class":"","committed":true,"completed_at":"2026-09-18T10:30:21.128094079Z","duration":1478563,"first_byte":1477291,"attempt_count":1,"attempts":[{"billing_uncertain":false,"class":"success","committed":true,"credential_id":"01a0b411-1ed0-7093-8496-7e2dcfd4859c","credential_version":1,"duration":797118,"first_byte":733944,"mode":"unary","ordinal":1,"provider_id":"01a0b411-1ecf-781f-ac23-ef297ce5f035","provider_revision_id":"01a0b411-283c-76c7-b561-2cf956b24ee9","retry_after":null,"slot_id":"01a0b411-1ed0-7cdd-8326-e871f98fd956","started_at":"2026-09-18T10:30:21.127257602Z","status":200,"target_id":"01a0b411-2520-7971-b3b5-05d7979f28f3","upstream_model":"compatible-e2e-model","usage":{"input_tokens":7,"output_tokens":5,"total_tokens":12},"usage_complete":true,"usage_observed":true}],"usage_known":true,"input_tokens":7,"output_tokens":5}
2026-09-18T10:30:21.4225667Z [WebServer] {"time":"2026-09-18T10:30:21.421563416Z","level":"INFO","msg":"inference request","request_id":"01a0b411-33ec-7511-9c27-160429445c24","accounting_id":"01a0b411-33ec-7511-9c27-160429445c24","client_ip":"127.0.0.1","route_revision_id":"01a0b411-291a-77e4-ac93-0f9d4c559e20","started_at":"2026-09-18T10:30:21.420335114Z","usage":{"input_tokens":7,"output_tokens":5,"total_tokens":12},"actor":"api_key","key_id":"01a0b411-2b6e-7656-b07e-1aa77d8b7bc4","user_id":"","route":"compatible-chat","release_sequence":6,"family":"chat","mode":"unary","operation":"generation","surface":"openai","runtime_generation_id":"01a0b411-291d-7102-bd28-519aced841d2","outcome":"success","status":200,"error_class":"","committed":true,"completed_at":"2026-09-18T10:30:21.421547142Z","duration":1212028,"first_byte":1210265,"attempt_count":1,"attempts":[{"billing_uncertain":false,"class":"success","committed":true,"credential_id":"01a0b411-1ed0-7093-8496-7e2dcfd4859c","credential_version":1,"duration":640759,"first_byte":581039,"mode":"unary","ordinal":1,"provider_id":"01a0b411-1ecf-781f-ac23-ef297ce5f035","provider_revision_id":"01a0b411-283c-76c7-b561-2cf956b24ee9","retry_after":null,"slot_id":"01a0b411-1ed0-7cdd-8326-e871f98fd956","started_at":"2026-09-18T10:30:21.420870779Z","status":200,"target_id":"01a0b411-2520-7971-b3b5-05d7979f28f3","upstream_model":"compatible-e2e-model","usage":{"input_tokens":7,"output_tokens":5,"total_tokens":12},"usage_complete":true,"usage_observed":true}],"usage_known":true,"input_tokens":7,"output_tokens":5}
2026-09-18T10:30:21.5305314Z [WebServer] {"time":"2026-09-18T10:30:21.52952409Z","level":"INFO","msg":"inference request","request_id":"01a0b411-3458-769c-a810-fcab7b36304e","accounting_id":"01a0b411-3458-769c-a810-fcab7b36304e","client_ip":"127.0.0.1","route_revision_id":"01a0b411-291a-77e4-ac93-0f9d4c559e20","started_at":"2026-09-18T10:30:21.528437407Z","usage":{"input_tokens":7,"output_tokens":5,"total_tokens":12},"actor":"api_key","key_id":"01a0b411-2b6e-7656-b07e-1aa77d8b7bc4","user_id":"","route":"compatible-chat","release_sequence":6,"family":"chat","mode":"unary","operation":"generation","surface":"openai","runtime_generation_id":"01a0b411-291d-7102-bd28-519aced841d2","outcome":"success","status":200,"error_class":"","committed":true,"completed_at":"2026-09-18T10:30:21.529509358Z","duration":1071951,"first_byte":1070709,"attempt_count":1,"attempts":[{"billing_uncertain":false,"class":"success","committed":true,"credential_id":"01a0b411-1ed0-7093-8496-7e2dcfd4859c","credential_version":1,"duration":605455,"first_byte":550633,"mode":"unary","ordinal":1,"provider_id":"01a0b411-1ecf-781f-ac23-ef297ce5f035","provider_revision_id":"01a0b411-283c-76c7-b561-2cf956b24ee9","retry_after":null,"slot_id":"01a0b411-1ed0-7cdd-8326-e871f98fd956","started_at":"2026-09-18T10:30:21.528868029Z","status":200,"target_id":"01a0b411-2520-7971-b3b5-05d7979f28f3","upstream_model":"compatible-e2e-model","usage":{"input_tokens":7,"output_tokens":5,"total_tokens":12},"usage_complete":true,"usage_observed":true}],"usage_known":true,"input_tokens":7,"output_tokens":5}
2026-09-18T10:30:21.7901123Z [WebServer] {"time":"2026-09-18T10:30:21.789153843Z","level":"INFO","msg":"inference request","request_id":"01a0b411-355c-701c-8e27-1ff9f78ce1ad","accounting_id":"01a0b411-355c-701c-8e27-1ff9f78ce1ad","client_ip":"127.0.0.1","route_revision_id":"01a0b411-291a-77e4-ac93-0f9d4c559e20","started_at":"2026-09-18T10:30:21.78801134Z","usage":{"input_tokens":7,"output_tokens":5,"total_tokens":12},"actor":"api_key","key_id":"01a0b411-2b6e-7656-b07e-1aa77d8b7bc4","user_id":"","route":"compatible-chat","release_sequence":6,"family":"chat","mode":"unary","operation":"generation","surface":"openai","runtime_generation_id":"01a0b411-291d-7102-bd28-519aced841d2","outcome":"success","status":200,"error_class":"","committed":true,"completed_at":"2026-09-18T10:30:21.78913913Z","duration":1127790,"first_byte":1125888,"attempt_count":1,"attempts":[{"billing_uncertain":false,"class":"success","committed":true,"credential_id":"01a0b411-1ed0-7093-8496-7e2dcfd4859c","credential_version":1,"duration":578404,"first_byte":508489,"mode":"unary","ordinal":1,"provider_id":"01a0b411-1ecf-781f-ac23-ef297ce5f035","provider_revision_id":"01a0b411-283c-76c7-b561-2cf956b24ee9","retry_after":null,"slot_id":"01a0b411-1ed0-7cdd-8326-e871f98fd956","started_at":"2026-09-18T10:30:21.78851677Z","status":200,"target_id":"01a0b411-2520-7971-b3b5-05d7979f28f3","upstream_model":"compatible-e2e-model","usage":{"input_tokens":7,"output_tokens":5,"total_tokens":12},"usage_complete":true,"usage_observed":true}],"usage_known":true,"input_tokens":7,"output_tokens":5}
2026-09-18T10:30:22.2982600Z [WebServer] {"time":"2026-09-18T10:30:22.297381715Z","level":"INFO","msg":"inference request","request_id":"01a0b411-3758-7687-be17-48cddb4dbaf8","accounting_id":"01a0b411-3758-7687-be17-48cddb4dbaf8","client_ip":"127.0.0.1","route_revision_id":"01a0b411-291a-77e4-ac93-0f9d4c559e20","started_at":"2026-09-18T10:30:22.296431606Z","usage":{"input_tokens":7,"output_tokens":5,"total_tokens":12},"actor":"api_key","key_id":"01a0b411-2b6e-7656-b07e-1aa77d8b7bc4","user_id":"","route":"compatible-chat","release_sequence":6,"family":"chat","mode":"unary","operation":"generation","surface":"openai","runtime_generation_id":"01a0b411-291d-7102-bd28-519aced841d2","outcome":"success","status":200,"error_class":"","committed":true,"completed_at":"2026-09-18T10:30:22.297365781Z","duration":934175,"first_byte":932843,"attempt_count":1,"attempts":[{"billing_uncertain":false,"class":"success","committed":true,"credential_id":"01a0b411-1ed0-7093-8496-7e2dcfd4859c","credential_version":1,"duration":490548,"first_byte":455916,"mode":"unary","ordinal":1,"provider_id":"01a0b411-1ecf-781f-ac23-ef297ce5f035","provider_revision_id":"01a0b411-283c-76c7-b561-2cf956b24ee9","retry_after":null,"slot_id":"01a0b411-1ed0-7cdd-8326-e871f98fd956","started_at":"2026-09-18T10:30:22.296843085Z","status":200,"target_id":"01a0b411-2520-7971-b3b5-05d7979f28f3","upstream_model":"compatible-e2e-model","usage":{"input_tokens":7,"output_tokens":5,"total_tokens":12},"usage_complete":true,"usage_observed":true}],"usage_known":true,"input_tokens":7,"output_tokens":5}
2026-09-18T10:30:23.3095545Z [WebServer] {"time":"2026-09-18T10:30:23.308082782Z","level":"INFO","msg":"inference request","request_id":"01a0b411-3b4a-7cdf-858a-2acc8fc1619a","accounting_id":"01a0b411-3b4a-7cdf-858a-2acc8fc1619a","client_ip":"127.0.0.1","route_revision_id":"01a0b411-291a-77e4-ac93-0f9d4c559e20","started_at":"2026-09-18T10:30:23.306847224Z","usage":{"input_tokens":7,"output_tokens":5,"total_tokens":12},"actor":"api_key","key_id":"01a0b411-2b6e-7656-b07e-1aa77d8b7bc4","user_id":"","route":"compatible-chat","release_sequence":6,"family":"chat","mode":"unary","operation":"generation","surface":"openai","runtime_generation_id":"01a0b411-291d-7102-bd28-519aced841d2","outcome":"success","status":200,"error_class":"","committed":true,"completed_at":"2026-09-18T10:30:23.308068731Z","duration":1221517,"first_byte":1219924,"attempt_count":1,"attempts":[{"billing_uncertain":false,"class":"success","committed":true,"credential_id":"01a0b411-1ed0-7093-8496-7e2dcfd4859c","credential_version":1,"duration":613983,"first_byte":562345,"mode":"unary","ordinal":1,"provider_id":"01a0b411-1ecf-781f-ac23-ef297ce5f035","provider_revision_id":"01a0b411-283c-76c7-b561-2cf956b24ee9","retry_after":null,"slot_id":"01a0b411-1ed0-7cdd-8326-e871f98fd956","started_at":"2026-09-18T10:30:23.307413596Z","status":200,"target_id":"01a0b411-2520-7971-b3b5-05d7979f28f3","upstream_model":"compatible-e2e-model","usage":{"input_tokens":7,"output_tokens":5,"total_tokens":12},"usage_complete":true,"usage_observed":true}],"usage_known":true,"input_tokens":7,"output_tokens":5}
2026-09-18T10:30:24.3180820Z [WebServer] {"time":"2026-09-18T10:30:24.316999822Z","level":"INFO","msg":"inference request","request_id":"01a0b411-3f3b-7d03-9f8a-f5e9e0efed4b","accounting_id":"01a0b411-3f3b-7d03-9f8a-f5e9e0efed4b","client_ip":"127.0.0.1","route_revision_id":"01a0b411-291a-77e4-ac93-0f9d4c559e20","started_at":"2026-09-18T10:30:24.315856453Z","usage":{"input_tokens":7,"output_tokens":5,"total_tokens":12},"actor":"api_key","key_id":"01a0b411-2b6e-7656-b07e-1aa77d8b7bc4","user_id":"","route":"compatible-chat","release_sequence":6,"family":"chat","mode":"unary","operation":"generation","surface":"openai","runtime_generation_id":"01a0b411-291d-7102-bd28-519aced841d2","outcome":"success","status":200,"error_class":"","committed":true,"completed_at":"2026-09-18T10:30:24.316987072Z","duration":1130619,"first_byte":1129227,"attempt_count":1,"attempts":[{"billing_uncertain":false,"class":"success","committed":true,"credential_id":"01a0b411-1ed0-7093-8496-7e2dcfd4859c","credential_version":1,"duration":559691,"first_byte":513321,"mode":"unary","ordinal":1,"provider_id":"01a0b411-1ecf-781f-ac23-ef297ce5f035","provider_revision_id":"01a0b411-283c-76c7-b561-2cf956b24ee9","retry_after":null,"slot_id":"01a0b411-1ed0-7cdd-8326-e871f98fd956","started_at":"2026-09-18T10:30:24.316382314Z","status":200,"target_id":"01a0b411-2520-7971-b3b5-05d7979f28f3","upstream_model":"compatible-e2e-model","usage":{"input_tokens":7,"output_tokens":5,"total_tokens":12},"usage_complete":true,"usage_observed":true}],"usage_known":true,"input_tokens":7,"output_tokens":5}
2026-09-18T10:30:25.2345203Z [WebServer] {"time":"2026-09-18T10:30:25.234147131Z","level":"INFO","msg":"release installed","sequence":7,"sha256":"01b5404114d4b44cfaf963d0ed211605342764a03022ae2d7b1919ccc5e0ee60","providers":2,"routes":2}
2026-09-18T10:30:25.3270545Z [WebServer] {"time":"2026-09-18T10:30:25.326569024Z","level":"INFO","msg":"inference request","request_id":"01a0b411-432e-75c8-99ce-df47960c1319","accounting_id":"01a0b411-432e-75c8-99ce-df47960c1319","client_ip":"127.0.0.1","route_revision_id":"01a0b411-291a-77e4-ac93-0f9d4c559e20","started_at":"2026-09-18T10:30:25.326381903Z","usage":null,"actor":"api_key","key_id":"01a0b411-2b6e-7656-b07e-1aa77d8b7bc4","user_id":"","route":"compatible-chat","release_sequence":7,"family":"chat","mode":"unary","operation":"generation","surface":"openai","runtime_generation_id":"01a0b411-33e4-7c57-a047-129d3407c05b","outcome":"failure","status":503,"error_class":"upstream_unavailable","committed":false,"completed_at":"2026-09-18T10:30:25.326560601Z","duration":178698,"first_byte":null,"attempt_count":0,"attempts":[],"usage_known":false}
2026-09-18T10:30:25.5078717Z [WebServer] {"time":"2026-09-18T10:30:25.507000144Z","level":"INFO","msg":"inference request","request_id":"01a0b411-337a-776b-b066-4080bb5e752e","accounting_id":"01a0b411-337a-776b-b066-4080bb5e752e","client_ip":"127.0.0.1","route_revision_id":"01a0b411-291a-77e4-ac93-0f9d4c559e20","started_at":"2026-09-18T10:30:21.306491024Z","usage":{"input_tokens":7,"output_tokens":5,"total_tokens":12},"actor":"api_key","key_id":"01a0b411-2b6e-7656-b07e-1aa77d8b7bc4","user_id":"","route":"compatible-chat","release_sequence":6,"family":"chat","mode":"streaming","operation":"generation","surface":"openai","runtime_generation_id":"01a0b411-291d-7102-bd28-519aced841d2","outcome":"success","status":200,"error_class":"","committed":true,"completed_at":"2026-09-18T10:30:25.506987025Z","duration":4200496001,"first_byte":3077617,"attempt_count":1,"attempts":[{"billing_uncertain":false,"class":"success","committed":true,"credential_id":"01a0b411-1ed0-7093-8496-7e2dcfd4859c","credential_version":1,"duration":4199760651,"first_byte":2277735,"mode":"streaming","ordinal":1,"provider_id":"01a0b411-1ecf-781f-ac23-ef297ce5f035","provider_revision_id":"01a0b411-283c-76c7-b561-2cf956b24ee9","retry_after":null,"slot_id":"01a0b411-1ed0-7cdd-8326-e871f98fd956","started_at":"2026-09-18T10:30:21.307196614Z","status":200,"target_id":"01a0b411-2520-7971-b3b5-05d7979f28f3","upstream_model":"compatible-e2e-model","usage":{"input_tokens":7,"output_tokens":5,"total_tokens":12},"usage_complete":true,"usage_observed":true}],"usage_known":true,"input_tokens":7,"output_tokens":5}
2026-09-18T10:30:25.5309385Z [WebServer] {"time":"2026-09-18T10:30:25.530051328Z","level":"INFO","msg":"inference request","request_id":"01a0b411-43f9-7d66-9120-250cb9550929","accounting_id":"01a0b411-43f9-7d66-9120-250cb9550929","client_ip":"127.0.0.1","route_revision_id":"01a0b411-291a-77e4-ac93-0f9d4c559e20","started_at":"2026-09-18T10:30:25.529882254Z","usage":null,"actor":"api_key","key_id":"01a0b411-2b6e-7656-b07e-1aa77d8b7bc4","user_id":"","route":"compatible-chat","release_sequence":7,"family":"chat","mode":"unary","operation":"generation","surface":"openai","runtime_generation_id":"01a0b411-33e4-7c57-a047-129d3407c05b","outcome":"failure","status":503,"error_class":"upstream_unavailable","committed":false,"completed_at":"2026-09-18T10:30:25.530042405Z","duration":160151,"first_byte":null,"attempt_count":0,"attempts":[],"usage_known":false}
2026-09-18T10:30:25.6367611Z [WebServer] {"time":"2026-09-18T10:30:25.636097264Z","level":"INFO","msg":"inference request","request_id":"01a0b411-4463-7e30-b057-49a17700796f","accounting_id":"01a0b411-4463-7e30-b057-49a17700796f","client_ip":"127.0.0.1","route_revision_id":"01a0b411-291a-77e4-ac93-0f9d4c559e20","started_at":"2026-09-18T10:30:25.635933067Z","usage":null,"actor":"api_key","key_id":"01a0b411-2b6e-7656-b07e-1aa77d8b7bc4","user_id":"","route":"compatible-chat","release_sequence":7,"family":"chat","mode":"unary","operation":"generation","surface":"openai","runtime_generation_id":"01a0b411-33e4-7c57-a047-129d3407c05b","outcome":"failure","status":503,"error_class":"upstream_unavailable","committed":false,"completed_at":"2026-09-18T10:30:25.63608834Z","duration":155273,"first_byte":null,"attempt_count":0,"attempts":[],"usage_known":false}
2026-09-18T10:30:25.8944279Z [WebServer] {"time":"2026-09-18T10:30:25.893821811Z","level":"INFO","msg":"inference request","request_id":"01a0b411-4565-791e-9c30-e7cb4d5979e3","accounting_id":"01a0b411-4565-791e-9c30-e7cb4d5979e3","client_ip":"127.0.0.1","route_revision_id":"01a0b411-291a-77e4-ac93-0f9d4c559e20","started_at":"2026-09-18T10:30:25.893600608Z","usage":null,"actor":"api_key","key_id":"01a0b411-2b6e-7656-b07e-1aa77d8b7bc4","user_id":"","route":"compatible-chat","release_sequence":7,"family":"chat","mode":"unary","operation":"generation","surface":"openai","runtime_generation_id":"01a0b411-33e4-7c57-a047-129d3407c05b","outcome":"failure","status":503,"error_class":"upstream_unavailable","committed":false,"completed_at":"2026-09-18T10:30:25.893811856Z","duration":211248,"first_byte":null,"attempt_count":0,"attempts":[],"usage_known":false}
2026-09-18T10:30:26.4010775Z [WebServer] {"time":"2026-09-18T10:30:26.400668252Z","level":"INFO","msg":"inference request","request_id":"01a0b411-4760-774f-bbc2-1db8c7aff20d","accounting_id":"01a0b411-4760-774f-bbc2-1db8c7aff20d","client_ip":"127.0.0.1","route_revision_id":"01a0b411-291a-77e4-ac93-0f9d4c559e20","started_at":"2026-09-18T10:30:26.400481882Z","usage":null,"actor":"api_key","key_id":"01a0b411-2b6e-7656-b07e-1aa77d8b7bc4","user_id":"","route":"compatible-chat","release_sequence":7,"family":"chat","mode":"unary","operation":"generation","surface":"openai","runtime_generation_id":"01a0b411-33e4-7c57-a047-129d3407c05b","outcome":"failure","status":503,"error_class":"upstream_unavailable","committed":false,"completed_at":"2026-09-18T10:30:26.40066011Z","duration":178228,"first_byte":null,"attempt_count":0,"attempts":[],"usage_known":false}
2026-09-18T10:30:27.4097545Z [WebServer] {"time":"2026-09-18T10:30:27.409046561Z","level":"INFO","msg":"inference request","request_id":"01a0b411-4b50-7c4d-80a0-99f4788f5e4a","accounting_id":"01a0b411-4b50-7c4d-80a0-99f4788f5e4a","client_ip":"127.0.0.1","route_revision_id":"01a0b411-291a-77e4-ac93-0f9d4c559e20","started_at":"2026-09-18T10:30:27.408809996Z","usage":null,"actor":"api_key","key_id":"01a0b411-2b6e-7656-b07e-1aa77d8b7bc4","user_id":"","route":"compatible-chat","release_sequence":7,"family":"chat","mode":"unary","operation":"generation","surface":"openai","runtime_generation_id":"01a0b411-33e4-7c57-a047-129d3407c05b","outcome":"failure","status":503,"error_class":"upstream_unavailable","committed":false,"completed_at":"2026-09-18T10:30:27.409035735Z","duration":225739,"first_byte":null,"attempt_count":0,"attempts":[],"usage_known":false}
2026-09-18T10:30:28.4188742Z [WebServer] {"time":"2026-09-18T10:30:28.418181278Z","level":"INFO","msg":"inference request","request_id":"01a0b411-4f41-7e95-bb5a-abe4da7ac65a","accounting_id":"01a0b411-4f41-7e95-bb5a-abe4da7ac65a","client_ip":"127.0.0.1","route_revision_id":"01a0b411-291a-77e4-ac93-0f9d4c559e20","started_at":"2026-09-18T10:30:28.417958944Z","usage":null,"actor":"api_key","key_id":"01a0b411-2b6e-7656-b07e-1aa77d8b7bc4","user_id":"","route":"compatible-chat","release_sequence":7,"family":"chat","mode":"unary","operation":"generation","surface":"openai","runtime_generation_id":"01a0b411-33e4-7c57-a047-129d3407c05b","outcome":"failure","status":503,"error_class":"upstream_unavailable","committed":false,"completed_at":"2026-09-18T10:30:28.418170522Z","duration":211578,"first_byte":null,"attempt_count":0,"attempts":[],"usage_known":false}
2026-09-18T10:30:29.4281970Z [WebServer] {"time":"2026-09-18T10:30:29.427482061Z","level":"INFO","msg":"inference request","request_id":"01a0b411-5333-7383-92b5-dbe9d8d1870d","accounting_id":"01a0b411-5333-7383-92b5-dbe9d8d1870d","client_ip":"127.0.0.1","route_revision_id":"01a0b411-291a-77e4-ac93-0f9d4c559e20","started_at":"2026-09-18T10:30:29.427233918Z","usage":null,"actor":"api_key","key_id":"01a0b411-2b6e-7656-b07e-1aa77d8b7bc4","user_id":"","route":"compatible-chat","release_sequence":7,"family":"chat","mode":"unary","operation":"generation","surface":"openai","runtime_generation_id":"01a0b411-33e4-7c57-a047-129d3407c05b","outcome":"failure","status":503,"error_class":"upstream_unavailable","committed":false,"completed_at":"2026-09-18T10:30:29.427471665Z","duration":237747,"first_byte":null,"attempt_count":0,"attempts":[],"usage_known":false}
2026-09-18T10:30:30.2349195Z [WebServer] {"time":"2026-09-18T10:30:30.234501136Z","level":"INFO","msg":"release installed","sequence":8,"sha256":"e0286e9ebdf2b2bad650e5f975ac31b45cafb66e0845671ef182d997a0a4b7f1","providers":2,"routes":2}
2026-09-18T10:30:30.4385507Z [WebServer] {"time":"2026-09-18T10:30:30.437720694Z","level":"INFO","msg":"inference request","request_id":"01a0b411-5724-78b3-9faf-26aaf3620853","accounting_id":"01a0b411-5724-78b3-9faf-26aaf3620853","client_ip":"127.0.0.1","route_revision_id":"01a0b411-291a-77e4-ac93-0f9d4c559e20","started_at":"2026-09-18T10:30:30.436573448Z","usage":{"input_tokens":7,"output_tokens":5,"total_tokens":12},"actor":"api_key","key_id":"01a0b411-2b6e-7656-b07e-1aa77d8b7bc4","user_id":"","route":"compatible-chat","release_sequence":8,"family":"chat","mode":"unary","operation":"generation","surface":"openai","runtime_generation_id":"01a0b411-43f1-7ae8-8717-fd9e095f1af3","outcome":"success","status":200,"error_class":"","committed":true,"completed_at":"2026-09-18T10:30:30.437708896Z","duration":1135448,"first_byte":1134136,"attempt_count":1,"attempts":[{"billing_uncertain":false,"class":"success","committed":true,"credential_id":"01a0b411-1ed0-7093-8496-7e2dcfd4859c","credential_version":1,"duration":628370,"first_byte":580158,"mode":"unary","ordinal":1,"provider_id":"01a0b411-1ecf-781f-ac23-ef297ce5f035","provider_revision_id":"01a0b411-43ef-7a06-99ac-0b7b7198b729","retry_after":null,"slot_id":"01a0b411-1ed0-7cdd-8326-e871f98fd956","started_at":"2026-09-18T10:30:30.437041277Z","status":200,"target_id":"01a0b411-2520-7971-b3b5-05d7979f28f3","upstream_model":"compatible-e2e-model","usage":{"input_tokens":7,"output_tokens":5,"total_tokens":12},"usage_complete":true,"usage_observed":true}],"usage_known":true,"input_tokens":7,"output_tokens":5}
2026-09-18T10:30:30.7651392Z [WebServer] {"time":"2026-09-18T10:30:30.764109922Z","level":"INFO","msg":"inference request","request_id":"01a0b411-586a-7c5c-8ba6-ddba0596f72f","accounting_id":"01a0b411-586a-7c5c-8ba6-ddba0596f72f","client_ip":"127.0.0.1","route_revision_id":"01a0b411-291a-77e4-ac93-0f9d4c559e20","started_at":"2026-09-18T10:30:30.762812501Z","usage":{"input_tokens":7,"output_tokens":5,"total_tokens":12},"actor":"playground","key_id":"","user_id":"01a0b410-b2e5-7b32-a42f-4f311f7b1ec4","route":"compatible-chat","release_sequence":8,"family":"chat","mode":"unary","operation":"generation","surface":"openai","runtime_generation_id":"01a0b411-43f1-7ae8-8717-fd9e095f1af3","outcome":"success","status":200,"error_class":"","committed":false,"completed_at":"2026-09-18T10:30:30.764097162Z","duration":1284651,"first_byte":null,"attempt_count":1,"attempts":[{"billing_uncertain":false,"class":"success","committed":false,"credential_id":"01a0b411-1ed0-7093-8496-7e2dcfd4859c","credential_version":1,"duration":588184,"first_byte":536817,"mode":"unary","ordinal":1,"provider_id":"01a0b411-1ecf-781f-ac23-ef297ce5f035","provider_revision_id":"01a0b411-43ef-7a06-99ac-0b7b7198b729","retry_after":null,"slot_id":"01a0b411-1ed0-7cdd-8326-e871f98fd956","started_at":"2026-09-18T10:30:30.763504251Z","status":200,"target_id":"01a0b411-2520-7971-b3b5-05d7979f28f3","upstream_model":"compatible-e2e-model","usage":{"input_tokens":7,"output_tokens":5,"total_tokens":12},"usage_complete":true,"usage_observed":true}],"usage_known":true,"input_tokens":7,"output_tokens":5}
2026-09-18T10:30:31.2515574Z [WebServer] {"time":"2026-09-18T10:30:31.250163894Z","level":"INFO","msg":"inference request","request_id":"01a0b411-5a50-7d0b-817c-5c4027144e2e","accounting_id":"01a0b411-5a50-7d0b-817c-5c4027144e2e","client_ip":"127.0.0.1","route_revision_id":"01a0b411-291a-77e4-ac93-0f9d4c559e20","started_at":"2026-09-18T10:30:31.248858886Z","usage":{"input_tokens":7,"output_tokens":5,"total_tokens":12},"actor":"api_key","key_id":"01a0b411-2b6e-7656-b07e-1aa77d8b7bc4","user_id":"","route":"compatible-chat","release_sequence":8,"family":"chat","mode":"unary","operation":"generation","surface":"openai","runtime_generation_id":"01a0b411-43f1-7ae8-8717-fd9e095f1af3","outcome":"success","status":200,"error_class":"","committed":true,"completed_at":"2026-09-18T10:30:31.250152106Z","duration":1293220,"first_byte":1291357,"attempt_count":1,"attempts":[{"billing_uncertain":false,"class":"success","committed":true,"credential_id":"01a0b411-1ed0-7093-8496-7e2dcfd4859c","credential_version":1,"duration":651626,"first_byte":587850,"mode":"unary","ordinal":1,"provider_id":"01a0b411-1ecf-781f-ac23-ef297ce5f035","provider_revision_id":"01a0b411-43ef-7a06-99ac-0b7b7198b729","retry_after":null,"slot_id":"01a0b411-1ed0-7cdd-8326-e871f98fd956","started_at":"2026-09-18T10:30:31.249456855Z","status":200,"target_id":"01a0b411-2520-7971-b3b5-05d7979f28f3","upstream_model":"compatible-e2e-model","usage":{"input_tokens":7,"output_tokens":5,"total_tokens":12},"usage_complete":true,"usage_observed":true}],"usage_known":true,"input_tokens":7,"output_tokens":5}
2026-09-18T10:30:31.5089478Z [WebServer] {"time":"2026-09-18T10:30:31.508071842Z","level":"INFO","msg":"inference request","request_id":"01a0b411-5b53-7181-8322-8f3b12c00fdf","accounting_id":"01a0b411-5b53-7181-8322-8f3b12c00fdf","client_ip":"127.0.0.1","route_revision_id":"01a0b411-291a-77e4-ac93-0f9d4c559e20","started_at":"2026-09-18T10:30:31.507103006Z","usage":{"input_tokens":7,"output_tokens":5,"total_tokens":12},"actor":"api_key","key_id":"01a0b411-2b6e-7656-b07e-1aa77d8b7bc4","user_id":"","route":"compatible-chat","release_sequence":8,"family":"chat","mode":"unary","operation":"generation","surface":"openai","runtime_generation_id":"01a0b411-43f1-7ae8-8717-fd9e095f1af3","outcome":"success","status":200,"error_class":"","committed":true,"completed_at":"2026-09-18T10:30:31.508060555Z","duration":957549,"first_byte":956247,"attempt_count":1,"attempts":[{"billing_uncertain":false,"class":"success","committed":true,"credential_id":"01a0b411-1ed0-7093-8496-7e2dcfd4859c","credential_version":1,"duration":478869,"first_byte":435204,"mode":"unary","ordinal":1,"provider_id":"01a0b411-1ecf-781f-ac23-ef297ce5f035","provider_revision_id":"01a0b411-43ef-7a06-99ac-0b7b7198b729","retry_after":null,"slot_id":"01a0b411-1ed0-7cdd-8326-e871f98fd956","started_at":"2026-09-18T10:30:31.507547244Z","status":200,"target_id":"01a0b411-2520-7971-b3b5-05d7979f28f3","upstream_model":"compatible-e2e-model","usage":{"input_tokens":7,"output_tokens":5,"total_tokens":12},"usage_complete":true,"usage_observed":true}],"usage_known":true,"input_tokens":7,"output_tokens":5}
2026-09-18T10:30:32.0189230Z [WebServer] {"time":"2026-09-18T10:30:32.017519256Z","level":"INFO","msg":"inference request","request_id":"01a0b411-5d50-741b-93df-7e7c93ffa3fa","accounting_id":"01a0b411-5d50-741b-93df-7e7c93ffa3fa","client_ip":"127.0.0.1","route_revision_id":"01a0b411-291a-77e4-ac93-0f9d4c559e20","started_at":"2026-09-18T10:30:32.016286668Z","usage":{"input_tokens":7,"output_tokens":5,"total_tokens":12},"actor":"api_key","key_id":"01a0b411-2b6e-7656-b07e-1aa77d8b7bc4","user_id":"","route":"compatible-chat","release_sequence":8,"family":"chat","mode":"unary","operation":"generation","surface":"openai","runtime_generation_id":"01a0b411-43f1-7ae8-8717-fd9e095f1af3","outcome":"success","status":200,"error_class":"","committed":true,"completed_at":"2026-09-18T10:30:32.017506727Z","duration":1220059,"first_byte":1218467,"attempt_count":1,"attempts":[{"billing_uncertain":false,"class":"success","committed":true,"credential_id":"01a0b411-1ed0-7093-8496-7e2dcfd4859c","credential_version":1,"duration":596202,"first_byte":546838,"mode":"unary","ordinal":1,"provider_id":"01a0b411-1ecf-781f-ac23-ef297ce5f035","provider_revision_id":"01a0b411-43ef-7a06-99ac-0b7b7198b729","retry_after":null,"slot_id":"01a0b411-1ed0-7cdd-8326-e871f98fd956","started_at":"2026-09-18T10:30:32.016868532Z","status":200,"target_id":"01a0b411-2520-7971-b3b5-05d7979f28f3","upstream_model":"compatible-e2e-model","usage":{"input_tokens":7,"output_tokens":5,"total_tokens":12},"usage_complete":true,"usage_observed":true}],"usage_known":true,"input_tokens":7,"output_tokens":5}
2026-09-18T10:30:33.0294464Z [WebServer] {"time":"2026-09-18T10:30:33.028361195Z","level":"INFO","msg":"inference request","request_id":"01a0b411-6142-7ed4-ac26-b364b599f558","accounting_id":"01a0b411-6142-7ed4-ac26-b364b599f558","client_ip":"127.0.0.1","route_revision_id":"01a0b411-291a-77e4-ac93-0f9d4c559e20","started_at":"2026-09-18T10:30:33.026975441Z","usage":{"input_tokens":7,"output_tokens":5,"total_tokens":12},"actor":"api_key","key_id":"01a0b411-2b6e-7656-b07e-1aa77d8b7bc4","user_id":"","route":"compatible-chat","release_sequence":8,"family":"chat","mode":"unary","operation":"generation","surface":"openai","runtime_generation_id":"01a0b411-43f1-7ae8-8717-fd9e095f1af3","outcome":"success","status":200,"error_class":"","committed":true,"completed_at":"2026-09-18T10:30:33.028347444Z","duration":1372003,"first_byte":1370361,"attempt_count":1,"attempts":[{"billing_uncertain":false,"class":"success","committed":true,"credential_id":"01a0b411-1ed0-7093-8496-7e2dcfd4859c","credential_version":1,"duration":598320,"first_byte":546636,"mode":"unary","ordinal":1,"provider_id":"01a0b411-1ecf-781f-ac23-ef297ce5f035","provider_revision_id":"01a0b411-43ef-7a06-99ac-0b7b7198b729","retry_after":null,"slot_id":"01a0b411-1ed0-7cdd-8326-e871f98fd956","started_at":"2026-09-18T10:30:33.027668313Z","status":200,"target_id":"01a0b411-2520-7971-b3b5-05d7979f28f3","upstream_model":"compatible-e2e-model","usage":{"input_tokens":7,"output_tokens":5,"total_tokens":12},"usage_complete":true,"usage_observed":true}],"usage_known":true,"input_tokens":7,"output_tokens":5}
2026-09-18T10:30:34.0395576Z [WebServer] {"time":"2026-09-18T10:30:34.038456101Z","level":"INFO","msg":"inference request","request_id":"01a0b411-6535-72c3-a619-0c1fc9e21591","accounting_id":"01a0b411-6535-72c3-a619-0c1fc9e21591","client_ip":"127.0.0.1","route_revision_id":"01a0b411-291a-77e4-ac93-0f9d4c559e20","started_at":"2026-09-18T10:30:34.037184745Z","usage":{"input_tokens":7,"output_tokens":5,"total_tokens":12},"actor":"api_key","key_id":"01a0b411-2b6e-7656-b07e-1aa77d8b7bc4","user_id":"","route":"compatible-chat","release_sequence":8,"family":"chat","mode":"unary","operation":"generation","surface":"openai","runtime_generation_id":"01a0b411-43f1-7ae8-8717-fd9e095f1af3","outcome":"success","status":200,"error_class":"","committed":true,"completed_at":"2026-09-18T10:30:34.038443713Z","duration":1258968,"first_byte":1257455,"attempt_count":1,"attempts":[{"billing_uncertain":false,"class":"success","committed":true,"credential_id":"01a0b411-1ed0-7093-8496-7e2dcfd4859c","credential_version":1,"duration":650548,"first_byte":596637,"mode":"unary","ordinal":1,"provider_id":"01a0b411-1ecf-781f-ac23-ef297ce5f035","provider_revision_id":"01a0b411-43ef-7a06-99ac-0b7b7198b729","retry_after":null,"slot_id":"01a0b411-1ed0-7cdd-8326-e871f98fd956","started_at":"2026-09-18T10:30:34.037752093Z","status":200,"target_id":"01a0b411-2520-7971-b3b5-05d7979f28f3","upstream_model":"compatible-e2e-model","usage":{"input_tokens":7,"output_tokens":5,"total_tokens":12},"usage_complete":true,"usage_observed":true}],"usage_known":true,"input_tokens":7,"output_tokens":5}
2026-09-18T10:30:35.0502470Z [WebServer] {"time":"2026-09-18T10:30:35.049158724Z","level":"INFO","msg":"inference request","request_id":"01a0b411-6927-7ebb-9c9c-7533afdcf2cb","accounting_id":"01a0b411-6927-7ebb-9c9c-7533afdcf2cb","client_ip":"127.0.0.1","route_revision_id":"01a0b411-291a-77e4-ac93-0f9d4c559e20","started_at":"2026-09-18T10:30:35.04796903Z","usage":{"input_tokens":7,"output_tokens":5,"total_tokens":12},"actor":"api_key","key_id":"01a0b411-2b6e-7656-b07e-1aa77d8b7bc4","user_id":"","route":"compatible-chat","release_sequence":8,"family":"chat","mode":"unary","operation":"generation","surface":"openai","runtime_generation_id":"01a0b411-43f1-7ae8-8717-fd9e095f1af3","outcome":"success","status":200,"error_class":"","committed":true,"completed_at":"2026-09-18T10:30:35.049143652Z","duration":1174622,"first_byte":1173179,"attempt_count":1,"attempts":[{"billing_uncertain":false,"class":"success","committed":true,"credential_id":"01a0b411-1ed0-7093-8496-7e2dcfd4859c","credential_version":1,"duration":567223,"first_byte":511559,"mode":"unary","ordinal":1,"provider_id":"01a0b411-1ecf-781f-ac23-ef297ce5f035","provider_revision_id":"01a0b411-43ef-7a06-99ac-0b7b7198b729","retry_after":null,"slot_id":"01a0b411-1ed0-7cdd-8326-e871f98fd956","started_at":"2026-09-18T10:30:35.04853067Z","status":200,"target_id":"01a0b411-2520-7971-b3b5-05d7979f28f3","upstream_model":"compatible-e2e-model","usage":{"input_tokens":7,"output_tokens":5,"total_tokens":12},"usage_complete":true,"usage_observed":true}],"usage_known":true,"input_tokens":7,"output_tokens":5}
2026-09-18T10:30:35.2343075Z [WebServer] {"time":"2026-09-18T10:30:35.233780207Z","level":"INFO","msg":"authority refreshed","sequence":4,"keys":3,"revoked_credentials":0}
2026-09-18T10:30:36.0593220Z [WebServer] {"time":"2026-09-18T10:30:36.058787615Z","level":"INFO","msg":"inference request","request_id":"01a0b411-6d1a-7ac4-83a3-56243cc7485f","accounting_id":"01a0b411-6d1a-7ac4-83a3-56243cc7485f","client_ip":"127.0.0.1","route_revision_id":"","started_at":"2026-09-18T10:30:36.058710248Z","usage":null,"actor":"api_key","key_id":"","user_id":"","route":"","release_sequence":8,"family":"chat","mode":"","operation":"generation","surface":"openai","runtime_generation_id":"01a0b411-43f1-7ae8-8717-fd9e095f1af3","outcome":"failure","status":401,"error_class":"invalid_api_key","committed":false,"completed_at":"2026-09-18T10:30:36.0587645Z","duration":54252,"first_byte":null,"attempt_count":0,"attempts":[],"usage_known":false}
2026-09-18T10:30:37.5983800Z   ✓  11 [go-vite] › tests/gateway/openai-route.spec.ts:183:1 › a browser user configures an OpenAI-compatible route and reaches unary and streaming inference (22.4s)
2026-09-18T10:30:40.2350641Z [WebServer] {"time":"2026-09-18T10:30:40.234674703Z","level":"INFO","msg":"release installed","sequence":9,"sha256":"7cbe60a35376e0fbb1106898c958cae4b311675f9342c8c0ca4b629c34ab96cb","providers":3,"routes":2}
2026-09-18T10:30:42.8490747Z [WebServer] {"time":"2026-09-18T10:30:42.8484144Z","level":"INFO","msg":"inference request","request_id":"01a0b411-87a0-75fd-9d21-e63dc49baf80","accounting_id":"01a0b411-87a0-75fd-9d21-e63dc49baf80","client_ip":"127.0.0.1","route_revision_id":"","started_at":"2026-09-18T10:30:42.848395272Z","usage":null,"actor":"playground","key_id":"","user_id":"01a0b410-b2e5-7b32-a42f-4f311f7b1ec4","route":"","release_sequence":9,"family":"chat","mode":"unary","operation":"generation","surface":"openai","runtime_generation_id":"01a0b411-7874-7a6d-8b4e-80664cbe1c7a","outcome":"failure","status":404,"error_class":"route_not_found","committed":false,"completed_at":"2026-09-18T10:30:42.848402202Z","duration":6930,"first_byte":null,"attempt_count":0,"attempts":[],"usage_known":false}
2026-09-18T10:30:45.2354126Z [WebServer] {"time":"2026-09-18T10:30:45.234975738Z","level":"INFO","msg":"release installed","sequence":12,"sha256":"007cd1b322727a1855192a44b5fb53c0c01366d46c95691683bfbaf35c5efdc5","providers":4,"routes":3}
2026-09-18T10:30:48.3896853Z [WebServer] {"time":"2026-09-18T10:30:48.386921491Z","level":"INFO","msg":"inference request","request_id":"01a0b411-9d3f-70a6-a348-c4ce4e6815f5","accounting_id":"01a0b411-9d3f-70a6-a348-c4ce4e6815f5","client_ip":"127.0.0.1","route_revision_id":"01a0b411-8677-7746-9784-2cabadf9cc16","started_at":"2026-09-18T10:30:48.383044803Z","usage":{"input_tokens":7,"output_tokens":5,"total_tokens":12},"actor":"playground","key_id":"","user_id":"01a0b410-b2e5-7b32-a42f-4f311f7b1ec4","route":"provider-pool-route","release_sequence":12,"family":"chat","mode":"unary","operation":"generation","surface":"openai","runtime_generation_id":"01a0b411-867a-7171-baf7-12b555ab719f","outcome":"success","status":200,"error_class":"","committed":false,"completed_at":"2026-09-18T10:30:48.386902262Z","duration":3857450,"first_byte":null,"attempt_count":1,"attempts":[{"billing_uncertain":false,"class":"success","committed":false,"credential_id":"01a0b411-7b30-7a3e-a294-20cac2dd2d64","credential_version":1,"duration":1135257,"first_byte":1080705,"mode":"unary","ordinal":1,"provider_id":"01a0b411-7b30-74af-badf-bdc17138ff05","provider_revision_id":"01a0b411-81b4-7496-878c-28cf2cc384b5","retry_after":null,"slot_id":"01a0b411-7b31-750e-8a3f-b6121bd57a26","started_at":"2026-09-18T10:30:48.38575688Z","status":200,"target_id":"01a0b411-841a-7aa7-bc9a-f390db03091a","upstream_model":"vertical-e2e-deployment","usage":{"input_tokens":7,"output_tokens":5,"total_tokens":12},"usage_complete":true,"usage_observed":true}],"usage_known":true,"input_tokens":7,"output_tokens":5}
2026-09-18T10:30:49.3980624Z [WebServer] {"time":"2026-09-18T10:30:49.396491319Z","level":"INFO","msg":"inference request","request_id":"01a0b411-a133-7351-8232-11db506ab1b7","accounting_id":"01a0b411-a133-7351-8232-11db506ab1b7","client_ip":"127.0.0.1","route_revision_id":"01a0b411-8677-7746-9784-2cabadf9cc16","started_at":"2026-09-18T10:30:49.395220173Z","usage":{"input_tokens":7,"output_tokens":5,"total_tokens":12},"actor":"playground","key_id":"","user_id":"01a0b410-b2e5-7b32-a42f-4f311f7b1ec4","route":"provider-pool-route","release_sequence":12,"family":"chat","mode":"unary","operation":"generation","surface":"openai","runtime_generation_id":"01a0b411-867a-7171-baf7-12b555ab719f","outcome":"success","status":200,"error_class":"","committed":false,"completed_at":"2026-09-18T10:30:49.396472992Z","duration":1252819,"first_byte":null,"attempt_count":1,"attempts":[{"billing_uncertain":false,"class":"success","committed":false,"credential_id":"01a0b411-7b30-7a3e-a294-20cac2dd2d64","credential_version":1,"duration":666853,"first_byte":607454,"mode":"unary","ordinal":1,"provider_id":"01a0b411-7b30-74af-badf-bdc17138ff05","provider_revision_id":"01a0b411-81b4-7496-878c-28cf2cc384b5","retry_after":null,"slot_id":"01a0b411-7b31-750e-8a3f-b6121bd57a26","started_at":"2026-09-18T10:30:49.395800931Z","status":200,"target_id":"01a0b411-841a-7aa7-bc9a-f390db03091a","upstream_model":"vertical-e2e-deployment","usage":{"input_tokens":7,"output_tokens":5,"total_tokens":12},"usage_complete":true,"usage_observed":true}],"usage_known":true,"input_tokens":7,"output_tokens":5}
2026-09-18T10:30:49.4811392Z   ✓  12 [go-vite] › tests/gateway/openai-route.spec.ts:483:1 › cloud connections support bulk model review, credential pools and policy routing (11.9s)
2026-09-18T10:30:49.5810054Z 
2026-09-18T10:30:49.5811643Z   12 passed (2.8m)
2026-09-18T10:30:51.2434611Z [WebServer] {"time":"2026-09-18T10:30:51.242336036Z","level":"INFO","msg":"authority refreshed","sequence":0,"keys":0,"revoked_credentials":0}
2026-09-18T10:30:51.2492863Z [WebServer] {"time":"2026-09-18T10:30:51.248960652Z","level":"INFO","msg":"request metadata gateway registered","gateway_instance":"olp-49334-01a0b411a86e70f1be1b2f2bd6f822f3"}
2026-09-18T10:30:51.2513481Z [WebServer] {"time":"2026-09-18T10:30:51.250888641Z","level":"INFO","msg":"listener started","mode":"all","listener":"private","address":"127.0.0.1:4177"}
2026-09-18T10:30:51.2515605Z [WebServer] {"time":"2026-09-18T10:30:51.250925627Z","level":"INFO","msg":"listener started","mode":"all","listener":"public","address":"127.0.0.1:4175"}
2026-09-18T10:30:51.2583573Z [WebServer] {"time":"2026-09-18T10:30:51.258117724Z","level":"WARN","msg":"observability readiness refresh failed","error":"runtime_generation_unavailable"}
2026-09-18T10:30:51.5777462Z 
2026-09-18T10:30:51.5778088Z Running 7 tests using 1 worker
2026-09-18T10:30:56.2514968Z [WebServer] {"time":"2026-09-18T10:30:56.25081976Z","level":"INFO","msg":"release installed","sequence":1,"sha256":"956d793bd82bc86699fddfc688ca6238e9a3166271647f62cb45a4d703baaa79","providers":1,"routes":0}
2026-09-18T10:31:01.2487613Z [WebServer] {"time":"2026-09-18T10:31:01.248341494Z","level":"INFO","msg":"authority refreshed","sequence":1,"keys":1,"revoked_credentials":0}
2026-09-18T10:31:01.2499985Z [WebServer] {"time":"2026-09-18T10:31:01.249806361Z","level":"INFO","msg":"release installed","sequence":2,"sha256":"0e3d1ef22015ef3ed7eafe828db13a8cbdcda8062d455e4fa16f204f210c3416","providers":1,"routes":1}
2026-09-18T10:31:01.5436265Z [WebServer] {"time":"2026-09-18T10:31:01.542498525Z","level":"INFO","msg":"inference request","request_id":"01a0b411-d0a4-7cac-90da-43c7890117d3","accounting_id":"01a0b411-d0a4-7cac-90da-43c7890117d3","client_ip":"127.0.0.1","route_revision_id":"01a0b411-c051-7bfc-b612-07836046e362","started_at":"2026-09-18T10:31:01.540834983Z","usage":{"input_tokens":7,"output_tokens":5,"total_tokens":12},"actor":"api_key","key_id":"01a0b411-c17c-73e5-bdcc-a5f7db6d3871","user_id":"","route":"vertical-all-protocols","release_sequence":2,"family":"responses","mode":"unary","operation":"generation","surface":"openai","runtime_generation_id":"01a0b411-c054-7e82-87fd-fea4f4f5f5cb","outcome":"success","status":200,"error_class":"","committed":true,"completed_at":"2026-09-18T10:31:01.542485856Z","duration":1650873,"first_byte":1649281,"attempt_count":1,"attempts":[{"billing_uncertain":false,"class":"success","committed":true,"credential_id":"01a0b411-b60a-78b9-b81d-cf16705a1e9e","credential_version":1,"duration":960856,"first_byte":898211,"mode":"unary","ordinal":1,"provider_id":"01a0b411-b609-7d49-b196-019e7fe7e123","provider_revision_id":"01a0b411-ba64-75ee-aadd-5118964619c8","retry_after":null,"slot_id":"01a0b411-b60b-7cbc-b784-cd525bd3b9de","started_at":"2026-09-18T10:31:01.541482837Z","status":200,"target_id":"01a0b411-bb3e-7817-925f-eb9b4d67fe48","upstream_model":"vertical-e2e-deployment","usage":{"input_tokens":7,"output_tokens":5,"total_tokens":12},"usage_complete":true,"usage_observed":true}],"usage_known":true,"input_tokens":7,"output_tokens":5}
2026-09-18T10:31:01.6347012Z [WebServer] {"time":"2026-09-18T10:31:01.633148676Z","level":"INFO","msg":"inference request","request_id":"01a0b411-d0ff-713c-879e-abfea943d99d","accounting_id":"01a0b411-d0ff-713c-879e-abfea943d99d","client_ip":"127.0.0.1","route_revision_id":"01a0b411-c051-7bfc-b612-07836046e362","started_at":"2026-09-18T10:31:01.631086105Z","usage":{"input_tokens":7,"output_tokens":5,"total_tokens":12},"actor":"api_key","key_id":"01a0b411-c17c-73e5-bdcc-a5f7db6d3871","user_id":"","route":"vertical-all-protocols","release_sequence":2,"family":"anthropic","mode":"unary","operation":"generation","surface":"anthropic","runtime_generation_id":"01a0b411-c054-7e82-87fd-fea4f4f5f5cb","outcome":"success","status":200,"error_class":"","committed":true,"completed_at":"2026-09-18T10:31:01.633132862Z","duration":2046757,"first_byte":2045005,"attempt_count":1,"attempts":[{"billing_uncertain":false,"class":"success","committed":true,"credential_id":"01a0b411-b60a-78b9-b81d-cf16705a1e9e","credential_version":1,"duration":777820,"first_byte":704960,"mode":"unary","ordinal":1,"provider_id":"01a0b411-b609-7d49-b196-019e7fe7e123","provider_revision_id":"01a0b411-ba64-75ee-aadd-5118964619c8","retry_after":null,"slot_id":"01a0b411-b60b-7cbc-b784-cd525bd3b9de","started_at":"2026-09-18T10:31:01.632308883Z","status":200,"target_id":"01a0b411-bb3e-7817-925f-eb9b4d67fe48","upstream_model":"vertical-e2e-deployment","usage":{"input_tokens":7,"output_tokens":5,"total_tokens":12},"usage_complete":true,"usage_observed":true}],"usage_known":true,"input_tokens":7,"output_tokens":5}
2026-09-18T10:31:01.7302146Z [WebServer] {"time":"2026-09-18T10:31:01.728481374Z","level":"INFO","msg":"inference request","request_id":"01a0b411-d15e-7b86-9263-3e48596c5704","accounting_id":"01a0b411-d15e-7b86-9263-3e48596c5704","client_ip":"127.0.0.1","route_revision_id":"01a0b411-c051-7bfc-b612-07836046e362","started_at":"2026-09-18T10:31:01.726760276Z","usage":{"input_tokens":7,"output_tokens":5,"total_tokens":12},"actor":"api_key","key_id":"01a0b411-c17c-73e5-bdcc-a5f7db6d3871","user_id":"","route":"vertical-all-protocols","release_sequence":2,"family":"gemini","mode":"unary","operation":"generation","surface":"gemini","runtime_generation_id":"01a0b411-c054-7e82-87fd-fea4f4f5f5cb","outcome":"success","status":200,"error_class":"","committed":true,"completed_at":"2026-09-18T10:31:01.728467062Z","duration":1706786,"first_byte":1704213,"attempt_count":1,"attempts":[{"billing_uncertain":false,"class":"success","committed":true,"credential_id":"01a0b411-b60a-78b9-b81d-cf16705a1e9e","credential_version":1,"duration":922317,"first_byte":855847,"mode":"unary","ordinal":1,"provider_id":"01a0b411-b609-7d49-b196-019e7fe7e123","provider_revision_id":"01a0b411-ba64-75ee-aadd-5118964619c8","retry_after":null,"slot_id":"01a0b411-b60b-7cbc-b784-cd525bd3b9de","started_at":"2026-09-18T10:31:01.727498035Z","status":200,"target_id":"01a0b411-bb3e-7817-925f-eb9b4d67fe48","upstream_model":"vertical-e2e-deployment","usage":{"input_tokens":7,"output_tokens":5,"total_tokens":12},"usage_complete":true,"usage_observed":true}],"usage_known":true,"input_tokens":7,"output_tokens":5}
2026-09-18T10:31:02.5779575Z [WebServer] {"time":"2026-09-18T10:31:02.576939762Z","level":"INFO","msg":"inference request","request_id":"01a0b411-d47d-739b-ab20-84c598aaaca0","accounting_id":"01a0b411-d47d-739b-ab20-84c598aaaca0","client_ip":"127.0.0.1","route_revision_id":"01a0b411-c051-7bfc-b612-07836046e362","started_at":"2026-09-18T10:31:02.525241971Z","usage":{"input_tokens":7,"output_tokens":5,"total_tokens":12},"actor":"api_key","key_id":"01a0b411-c17c-73e5-bdcc-a5f7db6d3871","user_id":"","route":"vertical-all-protocols","release_sequence":2,"family":"chat","mode":"streaming","operation":"generation","surface":"openai","runtime_generation_id":"01a0b411-c054-7e82-87fd-fea4f4f5f5cb","outcome":"success","status":200,"error_class":"","committed":true,"completed_at":"2026-09-18T10:31:02.576919241Z","duration":51677250,"first_byte":1336579,"attempt_count":1,"attempts":[{"billing_uncertain":false,"class":"success","committed":true,"credential_id":"01a0b411-b60a-78b9-b81d-cf16705a1e9e","credential_version":1,"duration":51059336,"first_byte":688285,"mode":"streaming","ordinal":1,"provider_id":"01a0b411-b609-7d49-b196-019e7fe7e123","provider_revision_id":"01a0b411-ba64-75ee-aadd-5118964619c8","retry_after":null,"slot_id":"01a0b411-b60b-7cbc-b784-cd525bd3b9de","started_at":"2026-09-18T10:31:02.525824146Z","status":200,"target_id":"01a0b411-bb3e-7817-925f-eb9b4d67fe48","upstream_model":"vertical-e2e-deployment","usage":{"input_tokens":7,"output_tokens":5,"total_tokens":12},"usage_complete":true,"usage_observed":true}],"usage_known":true,"input_tokens":7,"output_tokens":5}
2026-09-18T10:31:06.2522030Z [WebServer] {"time":"2026-09-18T10:31:06.250059274Z","level":"INFO","msg":"authority refreshed","sequence":4,"keys":2,"revoked_credentials":0}
2026-09-18T10:31:08.8281894Z [WebServer] {"time":"2026-09-18T10:31:08.827463717Z","level":"INFO","msg":"inference request","request_id":"01a0b411-ed1b-76b2-9e59-fcb9fb9cdd8a","accounting_id":"01a0b411-ed1b-76b2-9e59-fcb9fb9cdd8a","client_ip":"127.0.0.1","route_revision_id":"","started_at":"2026-09-18T10:31:08.827441794Z","usage":null,"actor":"playground","key_id":"","user_id":"01a0b411-ac82-7d09-abd7-4a4b9d5928a5","route":"","release_sequence":2,"family":"chat","mode":"unary","operation":"generation","surface":"openai","runtime_generation_id":"01a0b411-c054-7e82-87fd-fea4f4f5f5cb","outcome":"failure","status":404,"error_class":"route_not_found","committed":false,"completed_at":"2026-09-18T10:31:08.827449706Z","duration":7912,"first_byte":null,"attempt_count":0,"attempts":[],"usage_known":false}
2026-09-18T10:31:11.2497333Z [WebServer] {"time":"2026-09-18T10:31:11.249211791Z","level":"INFO","msg":"release installed","sequence":5,"sha256":"364a90be8eebdccca4f2758e2233ec373595878e4097ff37be9bd8dd643f1497","providers":2,"routes":2}
2026-09-18T10:31:14.3605344Z [WebServer] {"time":"2026-09-18T10:31:14.359661777Z","level":"INFO","msg":"inference request","request_id":"01a0b412-02b6-7118-8fe1-87940f752eb5","accounting_id":"01a0b412-02b6-7118-8fe1-87940f752eb5","client_ip":"127.0.0.1","route_revision_id":"01a0b411-ec54-7ae5-9e59-d7fdc86bf3db","started_at":"2026-09-18T10:31:14.358074711Z","usage":{"input_tokens":7,"output_tokens":5,"total_tokens":12},"actor":"playground","key_id":"","user_id":"01a0b411-ac82-7d09-abd7-4a4b9d5928a5","route":"provider-pool-route","release_sequence":5,"family":"chat","mode":"unary","operation":"generation","surface":"openai","runtime_generation_id":"01a0b411-ec57-74ad-98cc-88c152c67260","outcome":"success","status":200,"error_class":"","committed":false,"completed_at":"2026-09-18T10:31:14.359648167Z","duration":1573456,"first_byte":null,"attempt_count":1,"attempts":[{"billing_uncertain":false,"class":"success","committed":false,"credential_id":"01a0b411-e423-75af-adc9-821d68af776c","credential_version":1,"duration":1051716,"first_byte":994891,"mode":"unary","ordinal":1,"provider_id":"01a0b411-e422-7dcd-8c14-b32309ee30d1","provider_revision_id":"01a0b411-e860-76b9-874f-54360b553187","retry_after":null,"slot_id":"01a0b411-e424-7720-a893-dd45b2970c03","started_at":"2026-09-18T10:31:14.358591022Z","status":200,"target_id":"01a0b411-ea3e-7821-a62c-affb56c62226","upstream_model":"vertical-e2e-deployment","usage":{"input_tokens":7,"output_tokens":5,"total_tokens":12},"usage_complete":true,"usage_observed":true}],"usage_known":true,"input_tokens":7,"output_tokens":5}
2026-09-18T10:31:15.0791186Z [WebServer] {"time":"2026-09-18T10:31:15.078105158Z","level":"INFO","msg":"inference request","request_id":"01a0b412-0584-77b7-86d6-a9880c55ee43","accounting_id":"01a0b412-0584-77b7-86d6-a9880c55ee43","client_ip":"127.0.0.1","route_revision_id":"01a0b411-ec54-7ae5-9e59-d7fdc86bf3db","started_at":"2026-09-18T10:31:15.076509099Z","usage":{"input_tokens":7,"output_tokens":5,"total_tokens":12},"actor":"playground","key_id":"","user_id":"01a0b411-ac82-7d09-abd7-4a4b9d5928a5","route":"provider-pool-route","release_sequence":5,"family":"chat","mode":"unary","operation":"generation","surface":"openai","runtime_generation_id":"01a0b411-ec57-74ad-98cc-88c152c67260","outcome":"success","status":200,"error_class":"","committed":false,"completed_at":"2026-09-18T10:31:15.078092139Z","duration":1583040,"first_byte":null,"attempt_count":1,"attempts":[{"billing_uncertain":false,"class":"success","committed":false,"credential_id":"01a0b411-e423-75af-adc9-821d68af776c","credential_version":1,"duration":850479,"first_byte":800204,"mode":"unary","ordinal":1,"provider_id":"01a0b411-e422-7dcd-8c14-b32309ee30d1","provider_revision_id":"01a0b411-e860-76b9-874f-54360b553187","retry_after":null,"slot_id":"01a0b411-e424-7720-a893-dd45b2970c03","started_at":"2026-09-18T10:31:15.077237183Z","status":200,"target_id":"01a0b411-ea3e-7821-a62c-affb56c62226","upstream_model":"vertical-e2e-deployment","usage":{"input_tokens":7,"output_tokens":5,"total_tokens":12},"usage_complete":true,"usage_observed":true}],"usage_known":true,"input_tokens":7,"output_tokens":5}
2026-09-18T10:31:16.2499415Z [WebServer] {"time":"2026-09-18T10:31:16.249285462Z","level":"INFO","msg":"release installed","sequence":6,"sha256":"a42417e0e9fa018798a9a3ac46fae3d3203ed9ff1b1fd31eadae15d36508bb57","providers":2,"routes":2}
2026-09-18T10:31:51.2541767Z [WebServer] {"time":"2026-09-18T10:31:51.253752153Z","level":"INFO","msg":"reconciled cost budgets","keys":1,"daily_windows":1,"monthly_windows":1}
2026-09-18T10:32:25.5295281Z [WebServer] {"time":"2026-09-18T10:32:25.522269211Z","level":"INFO","msg":"process stopped","mode":"all"}
2026-09-18T10:32:25.5402533Z ······°
2026-09-18T10:32:25.5404855Z   1 skipped
2026-09-18T10:32:25.5406626Z   6 passed (1.6m)
2026-09-18T10:32:25.5427492Z ##[notice]  1 skipped
  6 passed (1.6m)
2026-09-18T10:32:26.3849858Z Restored and verified the Go installation, keys, migration history and runtime identity.
2026-09-18T10:32:27.7619314Z [WebServer] {"time":"2026-09-18T10:32:27.760707269Z","level":"INFO","msg":"authority refreshed","sequence":4,"keys":2,"revoked_credentials":0}
2026-09-18T10:32:27.7630055Z [WebServer] {"time":"2026-09-18T10:32:27.762722558Z","level":"INFO","msg":"release installed","sequence":6,"sha256":"a42417e0e9fa018798a9a3ac46fae3d3203ed9ff1b1fd31eadae15d36508bb57","providers":2,"routes":2}
2026-09-18T10:32:27.7684276Z [WebServer] {"time":"2026-09-18T10:32:27.768199833Z","level":"INFO","msg":"request metadata gateway registered","gateway_instance":"olp-53849-01a0b41321757a2fa53b5b936f426d27"}
2026-09-18T10:32:27.7700089Z [WebServer] {"time":"2026-09-18T10:32:27.769651456Z","level":"INFO","msg":"listener started","mode":"all","listener":"private","address":"127.0.0.1:4177"}
2026-09-18T10:32:27.7701190Z [WebServer] {"time":"2026-09-18T10:32:27.769688772Z","level":"INFO","msg":"listener started","mode":"all","listener":"public","address":"127.0.0.1:4175"}
2026-09-18T10:32:27.7822282Z [WebServer] {"time":"2026-09-18T10:32:27.781971589Z","level":"INFO","msg":"reconciled cost budgets","keys":1,"daily_windows":1,"monthly_windows":1}
2026-09-18T10:32:28.0766219Z 
2026-09-18T10:32:28.0766813Z Running 1 test using 1 worker
2026-09-18T10:32:32.7687912Z [WebServer] {"time":"2026-09-18T10:32:32.768159615Z","level":"INFO","msg":"authority refreshed","sequence":5,"keys":3,"revoked_credentials":0}
2026-09-18T10:32:32.9453260Z [WebServer] {"time":"2026-09-18T10:32:32.944215927Z","level":"INFO","msg":"inference request","request_id":"01a0b413-35ad-7ac8-a1c3-fc5a5abbe890","accounting_id":"01a0b413-35ad-7ac8-a1c3-fc5a5abbe890","client_ip":"127.0.0.1","route_revision_id":"01a0b411-c051-7bfc-b612-07836046e362","started_at":"2026-09-18T10:32:32.94171051Z","usage":{"input_tokens":7,"output_tokens":5,"total_tokens":12},"actor":"api_key","key_id":"01a0b413-26b4-7c6a-893c-f50a794b010b","user_id":"","route":"vertical-all-protocols","release_sequence":6,"family":"responses","mode":"unary","operation":"generation","surface":"openai","runtime_generation_id":"01a0b412-049d-7a05-9843-eef06ae6272f","outcome":"success","status":200,"error_class":"","committed":true,"completed_at":"2026-09-18T10:32:32.944199332Z","duration":2488822,"first_byte":2487530,"attempt_count":1,"attempts":[{"billing_uncertain":false,"class":"success","committed":true,"credential_id":"01a0b411-b60a-78b9-b81d-cf16705a1e9e","credential_version":1,"duration":1806586,"first_byte":1754178,"mode":"unary","ordinal":1,"provider_id":"01a0b411-b609-7d49-b196-019e7fe7e123","provider_revision_id":"01a0b411-ba64-75ee-aadd-5118964619c8","retry_after":null,"slot_id":"01a0b411-b60b-7cbc-b784-cd525bd3b9de","started_at":"2026-09-18T10:32:32.942354528Z","status":200,"target_id":"01a0b411-bb3e-7817-925f-eb9b4d67fe48","upstream_model":"vertical-e2e-deployment","usage":{"input_tokens":7,"output_tokens":5,"total_tokens":12},"usage_complete":true,"usage_observed":true}],"usage_known":true,"input_tokens":7,"output_tokens":5}
2026-09-18T10:32:33.0398699Z [WebServer] {"time":"2026-09-18T10:32:33.036440713Z","level":"INFO","msg":"inference request","request_id":"01a0b413-360a-74c1-8850-29dde29c56e6","accounting_id":"01a0b413-360a-74c1-8850-29dde29c56e6","client_ip":"127.0.0.1","route_revision_id":"01a0b411-c051-7bfc-b612-07836046e362","started_at":"2026-09-18T10:32:33.03431716Z","usage":{"input_tokens":7,"output_tokens":5,"total_tokens":12},"actor":"api_key","key_id":"01a0b413-26b4-7c6a-893c-f50a794b010b","user_id":"","route":"vertical-all-protocols","release_sequence":6,"family":"responses","mode":"unary","operation":"generation","surface":"openai","runtime_generation_id":"01a0b412-049d-7a05-9843-eef06ae6272f","outcome":"success","status":200,"error_class":"","committed":true,"completed_at":"2026-09-18T10:32:33.036422946Z","duration":2105787,"first_byte":2103523,"attempt_count":1,"attempts":[{"billing_uncertain":false,"class":"success","committed":true,"credential_id":"01a0b411-b60a-78b9-b81d-cf16705a1e9e","credential_version":1,"duration":1283150,"first_byte":1183991,"mode":"unary","ordinal":1,"provider_id":"01a0b411-b609-7d49-b196-019e7fe7e123","provider_revision_id":"01a0b411-ba64-75ee-aadd-5118964619c8","retry_after":null,"slot_id":"01a0b411-b60b-7cbc-b784-cd525bd3b9de","started_at":"2026-09-18T10:32:33.035085465Z","status":200,"target_id":"01a0b411-bb3e-7817-925f-eb9b4d67fe48","upstream_model":"vertical-e2e-deployment","usage":{"input_tokens":7,"output_tokens":5,"total_tokens":12},"usage_complete":true,"usage_observed":true}],"usage_known":true,"input_tokens":7,"output_tokens":5}
2026-09-18T10:32:33.2621792Z [WebServer] {"time":"2026-09-18T10:32:33.260988837Z","level":"INFO","msg":"inference request","request_id":"01a0b413-36eb-755c-becd-58a9a715c982","accounting_id":"01a0b413-36eb-755c-becd-58a9a715c982","client_ip":"127.0.0.1","route_revision_id":"01a0b411-c051-7bfc-b612-07836046e362","started_at":"2026-09-18T10:32:33.259355006Z","usage":{"input_tokens":7,"output_tokens":5,"total_tokens":12},"actor":"playground","key_id":"","user_id":"01a0b411-ac82-7d09-abd7-4a4b9d5928a5","route":"vertical-all-protocols","release_sequence":6,"family":"chat","mode":"unary","operation":"generation","surface":"openai","runtime_generation_id":"01a0b412-049d-7a05-9843-eef06ae6272f","outcome":"success","status":200,"error_class":"","committed":false,"completed_at":"2026-09-18T10:32:33.260971691Z","duration":1616685,"first_byte":null,"attempt_count":1,"attempts":[{"billing_uncertain":false,"class":"success","committed":false,"credential_id":"01a0b411-b60a-78b9-b81d-cf16705a1e9e","credential_version":1,"duration":1101600,"first_byte":1035281,"mode":"unary","ordinal":1,"provider_id":"01a0b411-b609-7d49-b196-019e7fe7e123","provider_revision_id":"01a0b411-ba64-75ee-aadd-5118964619c8","retry_after":null,"slot_id":"01a0b411-b60b-7cbc-b784-cd525bd3b9de","started_at":"2026-09-18T10:32:33.259864763Z","status":200,"target_id":"01a0b411-bb3e-7817-925f-eb9b4d67fe48","upstream_model":"vertical-e2e-deployment","usage":{"input_tokens":7,"output_tokens":5,"total_tokens":12},"usage_complete":true,"usage_observed":true}],"usage_known":true,"input_tokens":7,"output_tokens":5}
2026-09-18T10:32:33.3416381Z [WebServer] {"time":"2026-09-18T10:32:33.340844687Z","level":"INFO","msg":"process stopped","mode":"all"}
2026-09-18T10:32:33.3546513Z ·
2026-09-18T10:32:33.3548649Z   1 passed (5.9s)
2026-09-18T10:32:33.3553934Z ##[notice]  1 passed (5.9s)
2026-09-18T10:32:33.4024308Z Restore drill passed: historical requests=4, requests after inference=6
2026-09-18T10:32:35.0824686Z [WebServer] $ vite dev --host localhost --port 4175 --strictPort
2026-09-18T10:32:36.3881401Z [WebServer] {"time":"2026-09-18T10:32:36.387564255Z","level":"INFO","msg":"authority refreshed","sequence":0,"keys":0,"revoked_credentials":0}
2026-09-18T10:32:36.3956144Z [WebServer] {"time":"2026-09-18T10:32:36.394598471Z","level":"INFO","msg":"request metadata gateway registered","gateway_instance":"olp-54502-01a0b41343277ee79b022f1e810fc041"}
2026-09-18T10:32:36.3974507Z [WebServer] {"time":"2026-09-18T10:32:36.396443946Z","level":"INFO","msg":"listener started","mode":"all","listener":"private","address":"127.0.0.1:4177"}
2026-09-18T10:32:36.3975912Z [WebServer] {"time":"2026-09-18T10:32:36.396482473Z","level":"INFO","msg":"listener started","mode":"all","listener":"public","address":"127.0.0.1:4179"}
2026-09-18T10:32:36.4075475Z [WebServer] {"time":"2026-09-18T10:32:36.406998109Z","level":"WARN","msg":"observability readiness refresh failed","error":"runtime_generation_unavailable"}
2026-09-18T10:32:36.6543431Z 
2026-09-18T10:32:36.6544164Z Running 7 tests using 1 worker
2026-09-18T10:32:40.4720267Z [WebServer] 2026/09/18 10:32:40 ERROR management request failed error_type=*errors.errorString
2026-09-18T10:32:41.4137228Z [WebServer] {"time":"2026-09-18T10:32:41.413171569Z","level":"WARN","msg":"observability readiness refresh failed","error":"runtime_generation_unavailable"}
2026-09-18T10:32:46.3938157Z [WebServer] {"time":"2026-09-18T10:32:46.393282263Z","level":"INFO","msg":"authority refreshed","sequence":1,"keys":1,"revoked_credentials":0}
2026-09-18T10:32:46.3943703Z [WebServer] {"time":"2026-09-18T10:32:46.394182988Z","level":"INFO","msg":"release installed","sequence":2,"sha256":"8e81f1631cf861e020a2c5a380d5d62d5860eeb3957a6c6a5a72fa01bac77d9f","providers":1,"routes":1}
2026-09-18T10:32:46.6909565Z [WebServer] {"time":"2026-09-18T10:32:46.689663448Z","level":"INFO","msg":"inference request","request_id":"01a0b413-6b5f-7cfd-bd33-793df40bcd77","accounting_id":"01a0b413-6b5f-7cfd-bd33-793df40bcd77","client_ip":"127.0.0.1","route_revision_id":"01a0b413-6203-7c9a-b3fe-7abc59c1467a","started_at":"2026-09-18T10:32:46.687855079Z","usage":{"input_tokens":7,"output_tokens":5,"total_tokens":12},"actor":"api_key","key_id":"01a0b413-63f7-7480-a70e-8f7745e1e248","user_id":"","route":"vertical-all-protocols","release_sequence":2,"family":"responses","mode":"unary","operation":"generation","surface":"openai","runtime_generation_id":"01a0b413-6206-7d05-a17d-ab486746ba3c","outcome":"success","status":200,"error_class":"","committed":true,"completed_at":"2026-09-18T10:32:46.689645401Z","duration":1790322,"first_byte":1788539,"attempt_count":1,"attempts":[{"billing_uncertain":false,"class":"success","committed":true,"credential_id":"01a0b413-58b5-7c11-b118-4e2d97d23b35","credential_version":1,"duration":1098788,"first_byte":1027340,"mode":"unary","ordinal":1,"provider_id":"01a0b413-58b4-7eef-b3e6-e4b893fb5e93","provider_revision_id":"01a0b413-5cf0-701a-9830-85a07d296ef6","retry_after":null,"slot_id":"01a0b413-58b7-70fe-93d3-a91463a12e3f","started_at":"2026-09-18T10:32:46.688499823Z","status":200,"target_id":"01a0b413-5dfc-79e2-85e2-d07b9bea6c0f","upstream_model":"vertical-e2e-deployment","usage":{"input_tokens":7,"output_tokens":5,"total_tokens":12},"usage_complete":true,"usage_observed":true}],"usage_known":true,"input_tokens":7,"output_tokens":5}
2026-09-18T10:32:46.7772476Z [WebServer] {"time":"2026-09-18T10:32:46.774898673Z","level":"INFO","msg":"inference request","request_id":"01a0b413-6bb5-7741-bd65-0089c4e2c1e4","accounting_id":"01a0b413-6bb5-7741-bd65-0089c4e2c1e4","client_ip":"127.0.0.1","route_revision_id":"01a0b413-6203-7c9a-b3fe-7abc59c1467a","started_at":"2026-09-18T10:32:46.773479314Z","usage":{"input_tokens":7,"output_tokens":5,"total_tokens":12},"actor":"api_key","key_id":"01a0b413-63f7-7480-a70e-8f7745e1e248","user_id":"","route":"vertical-all-protocols","release_sequence":2,"family":"anthropic","mode":"unary","operation":"generation","surface":"anthropic","runtime_generation_id":"01a0b413-6206-7d05-a17d-ab486746ba3c","outcome":"success","status":200,"error_class":"","committed":true,"completed_at":"2026-09-18T10:32:46.774879865Z","duration":1400551,"first_byte":1398498,"attempt_count":1,"attempts":[{"billing_uncertain":false,"class":"success","committed":true,"credential_id":"01a0b413-58b5-7c11-b118-4e2d97d23b35","credential_version":1,"duration":725271,"first_byte":653744,"mode":"unary","ordinal":1,"provider_id":"01a0b413-58b4-7eef-b3e6-e4b893fb5e93","provider_revision_id":"01a0b413-5cf0-701a-9830-85a07d296ef6","retry_after":null,"slot_id":"01a0b413-58b7-70fe-93d3-a91463a12e3f","started_at":"2026-09-18T10:32:46.774102816Z","status":200,"target_id":"01a0b413-5dfc-79e2-85e2-d07b9bea6c0f","upstream_model":"vertical-e2e-deployment","usage":{"input_tokens":7,"output_tokens":5,"total_tokens":12},"usage_complete":true,"usage_observed":true}],"usage_known":true,"input_tokens":7,"output_tokens":5}
2026-09-18T10:32:46.8603765Z [WebServer] {"time":"2026-09-18T10:32:46.858481223Z","level":"INFO","msg":"inference request","request_id":"01a0b413-6c08-7ca1-8292-01cfe1a9cdbc","accounting_id":"01a0b413-6c08-7ca1-8292-01cfe1a9cdbc","client_ip":"127.0.0.1","route_revision_id":"01a0b413-6203-7c9a-b3fe-7abc59c1467a","started_at":"2026-09-18T10:32:46.856831798Z","usage":{"input_tokens":7,"output_tokens":5,"total_tokens":12},"actor":"api_key","key_id":"01a0b413-63f7-7480-a70e-8f7745e1e248","user_id":"","route":"vertical-all-protocols","release_sequence":2,"family":"gemini","mode":"unary","operation":"generation","surface":"gemini","runtime_generation_id":"01a0b413-6206-7d05-a17d-ab486746ba3c","outcome":"success","status":200,"error_class":"","committed":true,"completed_at":"2026-09-18T10:32:46.858465399Z","duration":1633601,"first_byte":1631859,"attempt_count":1,"attempts":[{"billing_uncertain":false,"class":"success","committed":true,"credential_id":"01a0b413-58b5-7c11-b118-4e2d97d23b35","credential_version":1,"duration":791936,"first_byte":691916,"mode":"unary","ordinal":1,"provider_id":"01a0b413-58b4-7eef-b3e6-e4b893fb5e93","provider_revision_id":"01a0b413-5cf0-701a-9830-85a07d296ef6","retry_after":null,"slot_id":"01a0b413-58b7-70fe-93d3-a91463a12e3f","started_at":"2026-09-18T10:32:46.857620794Z","status":200,"target_id":"01a0b413-5dfc-79e2-85e2-d07b9bea6c0f","upstream_model":"vertical-e2e-deployment","usage":{"input_tokens":7,"output_tokens":5,"total_tokens":12},"usage_complete":true,"usage_observed":true}],"usage_known":true,"input_tokens":7,"output_tokens":5}
2026-09-18T10:32:48.3272073Z [WebServer] {"time":"2026-09-18T10:32:48.326380419Z","level":"INFO","msg":"inference request","request_id":"01a0b413-7192-7a13-b896-e2411159e27b","accounting_id":"01a0b413-7192-7a13-b896-e2411159e27b","client_ip":"127.0.0.1","route_revision_id":"01a0b413-6203-7c9a-b3fe-7abc59c1467a","started_at":"2026-09-18T10:32:48.274663727Z","usage":{"input_tokens":7,"output_tokens":5,"total_tokens":12},"actor":"api_key","key_id":"01a0b413-63f7-7480-a70e-8f7745e1e248","user_id":"","route":"vertical-all-protocols","release_sequence":2,"family":"chat","mode":"streaming","operation":"generation","surface":"openai","runtime_generation_id":"01a0b413-6206-7d05-a17d-ab486746ba3c","outcome":"success","status":200,"error_class":"","committed":true,"completed_at":"2026-09-18T10:32:48.326364064Z","duration":51700337,"first_byte":1342634,"attempt_count":1,"attempts":[{"billing_uncertain":false,"class":"success","committed":true,"credential_id":"01a0b413-58b5-7c11-b118-4e2d97d23b35","credential_version":1,"duration":51087680,"first_byte":676812,"mode":"streaming","ordinal":1,"provider_id":"01a0b413-58b4-7eef-b3e6-e4b893fb5e93","provider_revision_id":"01a0b413-5cf0-701a-9830-85a07d296ef6","retry_after":null,"slot_id":"01a0b413-58b7-70fe-93d3-a91463a12e3f","started_at":"2026-09-18T10:32:48.275245272Z","status":200,"target_id":"01a0b413-5dfc-79e2-85e2-d07b9bea6c0f","upstream_model":"vertical-e2e-deployment","usage":{"input_tokens":7,"output_tokens":5,"total_tokens":12},"usage_complete":true,"usage_observed":true}],"usage_known":true,"input_tokens":7,"output_tokens":5}
2026-09-18T10:32:51.3987262Z [WebServer] {"time":"2026-09-18T10:32:51.398094225Z","level":"INFO","msg":"authority refreshed","sequence":4,"keys":2,"revoked_credentials":0}
2026-09-18T10:32:56.3950746Z [WebServer] {"time":"2026-09-18T10:32:56.39442664Z","level":"INFO","msg":"release installed","sequence":4,"sha256":"131f48ee934444166a69e7925dc1d65f0fe610afa8a24c41404f3bc46eb74ccb","providers":2,"routes":1}
2026-09-18T10:32:57.1076097Z [WebServer] {"time":"2026-09-18T10:32:57.106998233Z","level":"INFO","msg":"inference request","request_id":"01a0b413-9412-7ef3-8b9b-3b1da8f8f5df","accounting_id":"01a0b413-9412-7ef3-8b9b-3b1da8f8f5df","client_ip":"127.0.0.1","route_revision_id":"","started_at":"2026-09-18T10:32:57.106982369Z","usage":null,"actor":"playground","key_id":"","user_id":"01a0b413-4a0c-74b8-9250-2829121b1081","route":"","release_sequence":4,"family":"chat","mode":"unary","operation":"generation","surface":"openai","runtime_generation_id":"01a0b413-8e2a-751c-aff5-57de95686cfc","outcome":"failure","status":404,"error_class":"route_not_found","committed":false,"completed_at":"2026-09-18T10:32:57.106988879Z","duration":6510,"first_byte":null,"attempt_count":0,"attempts":[],"usage_known":false}
2026-09-18T10:33:01.3944130Z [WebServer] {"time":"2026-09-18T10:33:01.393993004Z","level":"INFO","msg":"release installed","sequence":5,"sha256":"4a23de2107c8343a162eca0e411d07686cc0c42abb63615e4b9c229e6d27b8f3","providers":2,"routes":2}
2026-09-18T10:33:02.6413203Z [WebServer] {"time":"2026-09-18T10:33:02.640120516Z","level":"INFO","msg":"inference request","request_id":"01a0b413-a9ae-7acd-ac13-5fc7c33933f7","accounting_id":"01a0b413-a9ae-7acd-ac13-5fc7c33933f7","client_ip":"127.0.0.1","route_revision_id":"01a0b413-92c7-7e1e-a351-a83149c87a58","started_at":"2026-09-18T10:33:02.638710416Z","usage":{"input_tokens":7,"output_tokens":5,"total_tokens":12},"actor":"playground","key_id":"","user_id":"01a0b413-4a0c-74b8-9250-2829121b1081","route":"provider-pool-route","release_sequence":5,"family":"chat","mode":"unary","operation":"generation","surface":"openai","runtime_generation_id":"01a0b413-92cc-7271-9378-41363a5251f3","outcome":"success","status":200,"error_class":"","committed":false,"completed_at":"2026-09-18T10:33:02.640105162Z","duration":1394747,"first_byte":null,"attempt_count":1,"attempts":[{"billing_uncertain":false,"class":"success","committed":false,"credential_id":"01a0b413-898b-71e6-b2d2-7af1e284bb9c","credential_version":1,"duration":925982,"first_byte":859773,"mode":"unary","ordinal":1,"provider_id":"01a0b413-898a-78c8-986b-02284c487a26","provider_revision_id":"01a0b413-8e28-7836-910a-e815c81c2a3e","retry_after":null,"slot_id":"01a0b413-898c-70a4-93e8-5f58ec7fdea8","started_at":"2026-09-18T10:33:02.63917235Z","status":200,"target_id":"01a0b413-907f-739e-bb7b-b07e1bd689c4","upstream_model":"vertical-e2e-deployment","usage":{"input_tokens":7,"output_tokens":5,"total_tokens":12},"usage_complete":true,"usage_observed":true}],"usage_known":true,"input_tokens":7,"output_tokens":5}
2026-09-18T10:33:03.6749959Z [WebServer] {"time":"2026-09-18T10:33:03.67401403Z","level":"INFO","msg":"inference request","request_id":"01a0b413-adb8-7b37-97c9-c63774c9cdf2","accounting_id":"01a0b413-adb8-7b37-97c9-c63774c9cdf2","client_ip":"127.0.0.1","route_revision_id":"01a0b413-92c7-7e1e-a351-a83149c87a58","started_at":"2026-09-18T10:33:03.672737315Z","usage":{"input_tokens":7,"output_tokens":5,"total_tokens":12},"actor":"playground","key_id":"","user_id":"01a0b413-4a0c-74b8-9250-2829121b1081","route":"provider-pool-route","release_sequence":5,"family":"chat","mode":"unary","operation":"generation","surface":"openai","runtime_generation_id":"01a0b413-92cc-7271-9378-41363a5251f3","outcome":"success","status":200,"error_class":"","committed":false,"completed_at":"2026-09-18T10:33:03.6740008Z","duration":1263485,"first_byte":null,"attempt_count":1,"attempts":[{"billing_uncertain":false,"class":"success","committed":false,"credential_id":"01a0b413-898b-71e6-b2d2-7af1e284bb9c","credential_version":1,"duration":673963,"first_byte":618730,"mode":"unary","ordinal":1,"provider_id":"01a0b413-898a-78c8-986b-02284c487a26","provider_revision_id":"01a0b413-8e28-7836-910a-e815c81c2a3e","retry_after":null,"slot_id":"01a0b413-898c-70a4-93e8-5f58ec7fdea8","started_at":"2026-09-18T10:33:03.67332223Z","status":200,"target_id":"01a0b413-907f-739e-bb7b-b07e1bd689c4","upstream_model":"vertical-e2e-deployment","usage":{"input_tokens":7,"output_tokens":5,"total_tokens":12},"usage_complete":true,"usage_observed":true}],"usage_known":true,"input_tokens":7,"output_tokens":5}
2026-09-18T10:33:06.3946460Z [WebServer] {"time":"2026-09-18T10:33:06.394149599Z","level":"INFO","msg":"release installed","sequence":6,"sha256":"ff8f10fbe5468e45c42e588de55074b65a901aaa36ba6f185ebdc3de49bda022","providers":2,"routes":2}
2026-09-18T10:33:36.3997352Z [WebServer] {"time":"2026-09-18T10:33:36.399072277Z","level":"INFO","msg":"reconciled cost budgets","keys":1,"daily_windows":1,"monthly_windows":1}
2026-09-18T10:34:20.3789341Z [WebServer] {"time":"2026-09-18T10:34:20.377747094Z","level":"INFO","msg":"process stopped","mode":"all"}
2026-09-18T10:34:20.4293437Z ······°
2026-09-18T10:34:20.4296786Z   1 skipped
2026-09-18T10:34:20.4297061Z   6 passed (1.8m)
2026-09-18T10:34:20.4303009Z ##[notice]  1 skipped
  6 passed (1.8m)
2026-09-18T10:34:21.4565152Z Restored and verified the Go installation, keys, migration history and runtime identity.
2026-09-18T10:34:22.6823309Z [WebServer] $ vite dev --host localhost --port 4175 --strictPort
2026-09-18T10:34:23.9258763Z [WebServer] {"time":"2026-09-18T10:34:23.925299788Z","level":"INFO","msg":"authority refreshed","sequence":4,"keys":2,"revoked_credentials":0}
2026-09-18T10:34:23.9276629Z [WebServer] {"time":"2026-09-18T10:34:23.92737666Z","level":"INFO","msg":"release installed","sequence":6,"sha256":"ff8f10fbe5468e45c42e588de55074b65a901aaa36ba6f185ebdc3de49bda022","providers":2,"routes":2}
2026-09-18T10:34:23.9335584Z [WebServer] {"time":"2026-09-18T10:34:23.933317944Z","level":"INFO","msg":"request metadata gateway registered","gateway_instance":"olp-59459-01a0b414e73a765c98da27c812b85aad"}
2026-09-18T10:34:23.9353923Z [WebServer] {"time":"2026-09-18T10:34:23.934937999Z","level":"INFO","msg":"listener started","mode":"all","listener":"private","address":"127.0.0.1:4177"}
2026-09-18T10:34:23.9357622Z [WebServer] {"time":"2026-09-18T10:34:23.935466945Z","level":"INFO","msg":"listener started","mode":"all","listener":"public","address":"127.0.0.1:4179"}
2026-09-18T10:34:23.9930097Z [WebServer] {"time":"2026-09-18T10:34:23.953558335Z","level":"INFO","msg":"reconciled cost budgets","keys":1,"daily_windows":1,"monthly_windows":1}
2026-09-18T10:34:24.0010235Z 
2026-09-18T10:34:24.0010693Z Running 1 test using 1 worker
2026-09-18T10:34:28.9329237Z [WebServer] {"time":"2026-09-18T10:34:28.93235468Z","level":"INFO","msg":"authority refreshed","sequence":5,"keys":3,"revoked_credentials":0}
2026-09-18T10:34:29.5084001Z [WebServer] {"time":"2026-09-18T10:34:29.506580056Z","level":"INFO","msg":"inference request","request_id":"01a0b414-fd00-72d9-bc0f-cc23dd8bc7fd","accounting_id":"01a0b414-fd00-72d9-bc0f-cc23dd8bc7fd","client_ip":"127.0.0.1","route_revision_id":"01a0b413-6203-7c9a-b3fe-7abc59c1467a","started_at":"2026-09-18T10:34:29.504188872Z","usage":{"input_tokens":7,"output_tokens":5,"total_tokens":12},"actor":"api_key","key_id":"01a0b414-f1f0-7323-87ba-bfac289e4e09","user_id":"","route":"vertical-all-protocols","release_sequence":6,"family":"responses","mode":"unary","operation":"generation","surface":"openai","runtime_generation_id":"01a0b413-ac6f-7296-862b-d041437bbefe","outcome":"success","status":200,"error_class":"","committed":true,"completed_at":"2026-09-18T10:34:29.506568108Z","duration":2379236,"first_byte":2377955,"attempt_count":1,"attempts":[{"billing_uncertain":false,"class":"success","committed":true,"credential_id":"01a0b413-58b5-7c11-b118-4e2d97d23b35","credential_version":1,"duration":1756445,"first_byte":1701923,"mode":"unary","ordinal":1,"provider_id":"01a0b413-58b4-7eef-b3e6-e4b893fb5e93","provider_revision_id":"01a0b413-5cf0-701a-9830-85a07d296ef6","retry_after":null,"slot_id":"01a0b413-58b7-70fe-93d3-a91463a12e3f","started_at":"2026-09-18T10:34:29.504774307Z","status":200,"target_id":"01a0b413-5dfc-79e2-85e2-d07b9bea6c0f","upstream_model":"vertical-e2e-deployment","usage":{"input_tokens":7,"output_tokens":5,"total_tokens":12},"usage_complete":true,"usage_observed":true}],"usage_known":true,"input_tokens":7,"output_tokens":5}
2026-09-18T10:34:29.5997043Z [WebServer] {"time":"2026-09-18T10:34:29.597026625Z","level":"INFO","msg":"inference request","request_id":"01a0b414-fd5a-769b-b9d1-11facfc066f5","accounting_id":"01a0b414-fd5a-769b-b9d1-11facfc066f5","client_ip":"127.0.0.1","route_revision_id":"01a0b413-6203-7c9a-b3fe-7abc59c1467a","started_at":"2026-09-18T10:34:29.594437667Z","usage":{"input_tokens":7,"output_tokens":5,"total_tokens":12},"actor":"api_key","key_id":"01a0b414-f1f0-7323-87ba-bfac289e4e09","user_id":"","route":"vertical-all-protocols","release_sequence":6,"family":"responses","mode":"unary","operation":"generation","surface":"openai","runtime_generation_id":"01a0b413-ac6f-7296-862b-d041437bbefe","outcome":"success","status":200,"error_class":"","committed":true,"completed_at":"2026-09-18T10:34:29.59701046Z","duration":2572793,"first_byte":2570720,"attempt_count":1,"attempts":[{"billing_uncertain":false,"class":"success","committed":true,"credential_id":"01a0b413-58b5-7c11-b118-4e2d97d23b35","credential_version":1,"duration":1892406,"first_byte":1819506,"mode":"unary","ordinal":1,"provider_id":"01a0b413-58b4-7eef-b3e6-e4b893fb5e93","provider_revision_id":"01a0b413-5cf0-701a-9830-85a07d296ef6","retry_after":null,"slot_id":"01a0b413-58b7-70fe-93d3-a91463a12e3f","started_at":"2026-09-18T10:34:29.595066277Z","status":200,"target_id":"01a0b413-5dfc-79e2-85e2-d07b9bea6c0f","upstream_model":"vertical-e2e-deployment","usage":{"input_tokens":7,"output_tokens":5,"total_tokens":12},"usage_complete":true,"usage_observed":true}],"usage_known":true,"input_tokens":7,"output_tokens":5}
2026-09-18T10:34:30.0408735Z [WebServer] {"time":"2026-09-18T10:34:30.03985862Z","level":"INFO","msg":"inference request","request_id":"01a0b414-ff16-723c-b72e-f01534b4f17f","accounting_id":"01a0b414-ff16-723c-b72e-f01534b4f17f","client_ip":"127.0.0.1","route_revision_id":"01a0b413-6203-7c9a-b3fe-7abc59c1467a","started_at":"2026-09-18T10:34:30.038149035Z","usage":{"input_tokens":7,"output_tokens":5,"total_tokens":12},"actor":"playground","key_id":"","user_id":"01a0b413-4a0c-74b8-9250-2829121b1081","route":"vertical-all-protocols","release_sequence":6,"family":"chat","mode":"unary","operation":"generation","surface":"openai","runtime_generation_id":"01a0b413-ac6f-7296-862b-d041437bbefe","outcome":"success","status":200,"error_class":"","committed":false,"completed_at":"2026-09-18T10:34:30.039843016Z","duration":1693991,"first_byte":null,"attempt_count":1,"attempts":[{"billing_uncertain":false,"class":"success","committed":false,"credential_id":"01a0b413-58b5-7c11-b118-4e2d97d23b35","credential_version":1,"duration":1140144,"first_byte":1064150,"mode":"unary","ordinal":1,"provider_id":"01a0b413-58b4-7eef-b3e6-e4b893fb5e93","provider_revision_id":"01a0b413-5cf0-701a-9830-85a07d296ef6","retry_after":null,"slot_id":"01a0b413-58b7-70fe-93d3-a91463a12e3f","started_at":"2026-09-18T10:34:30.038697304Z","status":200,"target_id":"01a0b413-5dfc-79e2-85e2-d07b9bea6c0f","upstream_model":"vertical-e2e-deployment","usage":{"input_tokens":7,"output_tokens":5,"total_tokens":12},"usage_complete":true,"usage_observed":true}],"usage_known":true,"input_tokens":7,"output_tokens":5}
2026-09-18T10:34:30.1232465Z [WebServer] {"time":"2026-09-18T10:34:30.122439703Z","level":"INFO","msg":"process stopped","mode":"all"}
2026-09-18T10:34:30.1563371Z ·
2026-09-18T10:34:30.1566669Z   1 passed (7.8s)
2026-09-18T10:34:30.1570355Z ##[notice]  1 passed (7.8s)
2026-09-18T10:34:30.2029932Z Restore drill passed: historical requests=4, requests after inference=6
2026-09-18T10:34:30.7024224Z  Container olp-go-test-4848-16413-valkey-1  Stopping
2026-09-18T10:34:30.7024716Z  Container olp-go-test-4848-16413-postgres-1  Stopping
2026-09-18T10:34:30.8287490Z  Container olp-go-test-4848-16413-postgres-1  Stopped
2026-09-18T10:34:30.8288274Z  Container olp-go-test-4848-16413-postgres-1  Removing
2026-09-18T10:34:30.8324255Z  Container olp-go-test-4848-16413-postgres-1  Removed
2026-09-18T10:34:30.8681905Z  Container olp-go-test-4848-16413-valkey-1  Stopped
2026-09-18T10:34:30.8682420Z  Container olp-go-test-4848-16413-valkey-1  Removing
2026-09-18T10:34:30.8718181Z  Container olp-go-test-4848-16413-valkey-1  Removed
2026-09-18T10:34:30.8724037Z  Volume olp-go-test-4848-16413_postgres-go  Removing
2026-09-18T10:34:30.8724973Z  Volume olp-go-test-4848-16413_valkey-go  Removing
2026-09-18T10:34:30.8726042Z  Network olp-go-test-4848-16413_default  Removing
2026-09-18T10:34:30.9325769Z  Volume olp-go-test-4848-16413_postgres-go  Removed
2026-09-18T10:34:30.9331756Z  Volume olp-go-test-4848-16413_valkey-go  Removed
2026-09-18T10:34:31.0212079Z  Network olp-go-test-4848-16413_default  Removed
2026-09-18T10:34:31.0343381Z Post job cleanup.
2026-09-18T10:34:31.0346397Z ##[start-action display=Run actions/setup-node@820762786026740c76f36085b0efc47a31fe5020;id=__8942ef24-6968-44af-bc8f-bd4403ea35a4.__actions_setup-node]
2026-09-18T10:34:31.0789676Z Post job cleanup.
2026-09-18T10:34:31.1610702Z [command]/usr/bin/tar --posix -cf cache.tzst --exclude cache.tzst -P -C /home/runner/work/olp/olp --files-from manifest.txt --use-compress-program zstdmt
2026-09-18T10:34:31.8257587Z Failed to save: Unable to reserve cache with key node-cache-Linux-x64-pnpm-9f58594c242bf5e569eea53d3e37b4ccf49bca194ccaae07d92574d4dca62533, another job may be creating this cache.
2026-09-18T10:34:31.8364246Z ##[end-action id=__8942ef24-6968-44af-bc8f-bd4403ea35a4.__actions_setup-node;outcome=success;conclusion=success;duration_ms=801]
2026-09-18T10:34:31.8366414Z ##[start-action display=Run pnpm/action-setup@ea17c68df8912ef543352723c149a84f56e3d413;id=__8942ef24-6968-44af-bc8f-bd4403ea35a4.__pnpm_action-setup]
2026-09-18T10:34:31.8387974Z Post job cleanup.
2026-09-18T10:34:31.9293971Z Pruning is unnecessary.
2026-09-18T10:34:31.9377002Z ##[end-action id=__8942ef24-6968-44af-bc8f-bd4403ea35a4.__pnpm_action-setup;outcome=success;conclusion=success;duration_ms=100]
2026-09-18T10:34:31.9379220Z ##[start-action display=Run actions/setup-go@924ae3a1cded613372ab5595356fb5720e22ba16;id=__8942ef24-6968-44af-bc8f-bd4403ea35a4.__actions_setup-go]
2026-09-18T10:34:31.9404107Z Post job cleanup.
2026-09-18T10:34:32.0180236Z [command]/opt/hostedtoolcache/go/1.27.1/x64/bin/go env GOMODCACHE
2026-09-18T10:34:32.0212283Z [command]/opt/hostedtoolcache/go/1.27.1/x64/bin/go env GOCACHE
2026-09-18T10:34:32.0233493Z /home/runner/go/pkg/mod
2026-09-18T10:34:32.0250578Z /home/runner/.cache/go-build
2026-09-18T10:34:32.0374812Z [command]/usr/bin/tar --posix -cf cache.tzst --exclude cache.tzst -P -C /home/runner/work/olp/olp --files-from manifest.txt --use-compress-program zstdmt
2026-09-18T10:34:34.7277453Z Failed to save: Unable to reserve cache with key setup-go-Linux-x64-ubuntu24-go-1.27.1-6907cd9f6b0643e4f370533693c6212e6e01d21c485d39d220f91f38f43c10b0, another job may be creating this cache.
2026-09-18T10:34:34.7715405Z ##[end-action id=__8942ef24-6968-44af-bc8f-bd4403ea35a4.__actions_setup-go;outcome=success;conclusion=success;duration_ms=2833]
2026-09-18T10:34:34.7776674Z Post job cleanup.
2026-09-18T10:34:34.8343629Z [command]/usr/bin/git version
2026-09-18T10:34:34.8375159Z git version 2.55.0
2026-09-18T10:34:34.8403042Z Temporarily overriding HOME='/home/runner/work/_temp/4a5f6374-e950-415d-9970-cd891c1ab204' before making global git config changes
2026-09-18T10:34:34.8403878Z Adding repository directory to the temporary git global config as a safe directory
2026-09-18T10:34:34.8406170Z [command]/usr/bin/git config --global --add safe.directory /home/runner/work/olp/olp
2026-09-18T10:34:34.8432162Z Removing SSH command configuration
2026-09-18T10:34:34.8436787Z [command]/usr/bin/git config --local --name-only --get-regexp core\.sshCommand
2026-09-18T10:34:34.8465611Z [command]/usr/bin/git submodule foreach --recursive sh -c "git config --local --name-only --get-regexp 'core\.sshCommand' && git config --local --unset-all 'core.sshCommand' || :"
2026-09-18T10:34:34.8661309Z Removing HTTP extra header
2026-09-18T10:34:34.8665765Z [command]/usr/bin/git config --local --name-only --get-regexp http\.https\:\/\/github\.com\/\.extraheader
2026-09-18T10:34:34.8695732Z [command]/usr/bin/git submodule foreach --recursive sh -c "git config --local --name-only --get-regexp 'http\.https\:\/\/github\.com\/\.extraheader' && git config --local --unset-all 'http.https://github.com/.extraheader' || :"
2026-09-18T10:34:34.8915628Z Removing includeIf entries pointing to credentials config files
2026-09-18T10:34:34.8930370Z [command]/usr/bin/git config --local --name-only --get-regexp ^includeIf\.gitdir:
2026-09-18T10:34:34.8955918Z includeif.gitdir:/home/runner/work/olp/olp/.git.path
2026-09-18T10:34:34.8956461Z includeif.gitdir:/home/runner/work/olp/olp/.git/worktrees/*.path
2026-09-18T10:34:34.8956864Z includeif.gitdir:/github/workspace/.git.path
2026-09-18T10:34:34.8957238Z includeif.gitdir:/github/workspace/.git/worktrees/*.path
2026-09-18T10:34:34.8958186Z [command]/usr/bin/git config --local --get-all includeif.gitdir:/home/runner/work/olp/olp/.git.path
2026-09-18T10:34:34.8976784Z /home/runner/work/_temp/git-credentials-9eb35f39-82ba-45eb-89a7-68655a9394af.config
2026-09-18T10:34:34.8985478Z [command]/usr/bin/git config --local --unset includeif.gitdir:/home/runner/work/olp/olp/.git.path \/home\/runner\/work\/_temp\/git\-credentials\-9eb35f39\-82ba\-45eb\-89a7\-68655a9394af\.config
2026-09-18T10:34:34.9017824Z [command]/usr/bin/git config --local --get-all includeif.gitdir:/home/runner/work/olp/olp/.git/worktrees/*.path
2026-09-18T10:34:34.9040349Z /home/runner/work/_temp/git-credentials-9eb35f39-82ba-45eb-89a7-68655a9394af.config
2026-09-18T10:34:34.9047203Z [command]/usr/bin/git config --local --unset includeif.gitdir:/home/runner/work/olp/olp/.git/worktrees/*.path \/home\/runner\/work\/_temp\/git\-credentials\-9eb35f39\-82ba\-45eb\-89a7\-68655a9394af\.config
2026-09-18T10:34:34.9076426Z [command]/usr/bin/git config --local --get-all includeif.gitdir:/github/workspace/.git.path
2026-09-18T10:34:34.9098137Z /github/runner_temp/git-credentials-9eb35f39-82ba-45eb-89a7-68655a9394af.config
2026-09-18T10:34:34.9103384Z [command]/usr/bin/git config --local --unset includeif.gitdir:/github/workspace/.git.path \/github\/runner_temp\/git\-credentials\-9eb35f39\-82ba\-45eb\-89a7\-68655a9394af\.config
2026-09-18T10:34:34.9131505Z [command]/usr/bin/git config --local --get-all includeif.gitdir:/github/workspace/.git/worktrees/*.path
2026-09-18T10:34:34.9153496Z /github/runner_temp/git-credentials-9eb35f39-82ba-45eb-89a7-68655a9394af.config
2026-09-18T10:34:34.9159456Z [command]/usr/bin/git config --local --unset includeif.gitdir:/github/workspace/.git/worktrees/*.path \/github\/runner_temp\/git\-credentials\-9eb35f39\-82ba\-45eb\-89a7\-68655a9394af\.config
2026-09-18T10:34:34.9187604Z [command]/usr/bin/git submodule foreach --recursive git config --local --show-origin --name-only --get-regexp remote.origin.url
2026-09-18T10:34:34.9364138Z Removing credentials config '/home/runner/work/_temp/git-credentials-9eb35f39-82ba-45eb-89a7-68655a9394af.config'
2026-09-18T10:34:34.9484344Z Cleaning up orphan processes
