2026-09-18T10:37:59.9604227Z Current runner version: '2.337.0'
2026-09-18T10:37:59.9636549Z ##[group]Runner Image Provisioner
2026-09-18T10:37:59.9637620Z Hosted Compute Agent
2026-09-18T10:37:59.9638239Z Version: 20260828.587
2026-09-18T10:37:59.9638892Z Commit: abac92662cab4cc7352de4f9f9d2e2419aad9c29
2026-09-18T10:37:59.9639693Z Build Date: 2026-08-28T16:44:25Z
2026-09-18T10:37:59.9640419Z Worker ID: {f9a540d8-8a24-48dc-99a8-26438e9d460b}
2026-09-18T10:37:59.9641196Z Azure Region: centralus
2026-09-18T10:37:59.9641792Z ##[endgroup]
2026-09-18T10:37:59.9643991Z ##[group]Operating System
2026-09-18T10:37:59.9644951Z Ubuntu
2026-09-18T10:37:59.9645500Z 24.04.5
2026-09-18T10:37:59.9646057Z LTS
2026-09-18T10:37:59.9646564Z ##[endgroup]
2026-09-18T10:37:59.9647106Z ##[group]Runner Image
2026-09-18T10:37:59.9647801Z Image: ubuntu-24.04-arm
2026-09-18T10:37:59.9648412Z Version: 20260907.118.1
2026-09-18T10:37:59.9649801Z Included Software: https://github.com/actions/runner-images/blob/ubuntu24-arm64/20260907.118/images/ubuntu/Ubuntu2404-Arm64-Readme.md
2026-09-18T10:37:59.9651343Z Image Release: https://github.com/actions/runner-images/releases/tag/ubuntu24-arm64%2F20260907.118
2026-09-18T10:37:59.9652738Z ##[endgroup]
2026-09-18T10:37:59.9654011Z ##[group]GITHUB_TOKEN Permissions
2026-09-18T10:37:59.9657046Z Contents: read
2026-09-18T10:37:59.9657653Z Metadata: read
2026-09-18T10:37:59.9658652Z Packages: read
2026-09-18T10:37:59.9659475Z ##[endgroup]
2026-09-18T10:37:59.9662647Z Secret source: Actions
2026-09-18T10:37:59.9663839Z Cache mode: write
2026-09-18T10:37:59.9664816Z Prepare workflow directory
2026-09-18T10:38:00.0132951Z Prepare all required actions
2026-09-18T10:38:00.0183112Z Getting action download info
2026-09-18T10:38:00.2687261Z Download action repository 'actions/checkout@3d3c42e5aac5ba805825da76410c181273ba90b1' (SHA:3d3c42e5aac5ba805825da76410c181273ba90b1)
2026-09-18T10:38:00.4126900Z Download action repository 'docker/setup-buildx-action@37fe631027851001ddb9b187196cc803df7f5f0e' (SHA:37fe631027851001ddb9b187196cc803df7f5f0e)
2026-09-18T10:38:00.8521122Z Download action repository 'docker/login-action@dbcb813823bdd20940b903addbd779551569679f' (SHA:dbcb813823bdd20940b903addbd779551569679f)
2026-09-18T10:38:01.3411964Z Download action repository 'actions/upload-artifact@b7c566a772e6b6bfb58ed0dc250532a479d7789f' (SHA:b7c566a772e6b6bfb58ed0dc250532a479d7789f)
2026-09-18T10:38:01.6633788Z Complete job name: packaged (ubuntu-24.04-arm, linux/arm64)
2026-09-18T10:38:01.7460392Z ##[group]Run actions/checkout@3d3c42e5aac5ba805825da76410c181273ba90b1
2026-09-18T10:38:01.7461953Z with:
2026-09-18T10:38:01.7462899Z   repository: tyk-swe/olp
2026-09-18T10:38:01.7466641Z   token: ***
2026-09-18T10:38:01.7467212Z   ssh-strict: true
2026-09-18T10:38:01.7467850Z   ssh-user: git
2026-09-18T10:38:01.7468413Z   persist-credentials: true
2026-09-18T10:38:01.7469063Z   clean: true
2026-09-18T10:38:01.7469664Z   sparse-checkout-cone-mode: true
2026-09-18T10:38:01.7470323Z   fetch-depth: 1
2026-09-18T10:38:01.7470950Z   fetch-tags: false
2026-09-18T10:38:01.7471535Z   show-progress: true
2026-09-18T10:38:01.7472078Z   lfs: false
2026-09-18T10:38:01.7473146Z   submodules: false
2026-09-18T10:38:01.7473780Z   set-safe-directory: true
2026-09-18T10:38:01.7474451Z   allow-unsafe-pr-checkout: false
2026-09-18T10:38:01.7475604Z ##[endgroup]
2026-09-18T10:38:01.8324007Z Syncing repository: tyk-swe/olp
2026-09-18T10:38:01.8326220Z ##[group]Getting Git version info
2026-09-18T10:38:01.8327436Z Working directory is '/home/runner/work/olp/olp'
2026-09-18T10:38:01.8328788Z [command]/usr/bin/git version
2026-09-18T10:38:01.8413883Z git version 2.55.0
2026-09-18T10:38:01.8431943Z ##[endgroup]
2026-09-18T10:38:01.8442673Z Temporarily overriding HOME='/home/runner/work/_temp/9a998f36-9cd1-4977-8cd3-a4b72071326e' before making global git config changes
2026-09-18T10:38:01.8444279Z Adding repository directory to the temporary git global config as a safe directory
2026-09-18T10:38:01.8448819Z [command]/usr/bin/git config --global --add safe.directory /home/runner/work/olp/olp
2026-09-18T10:38:01.8479721Z Deleting the contents of '/home/runner/work/olp/olp'
2026-09-18T10:38:01.8484096Z ##[group]Determining repository object format
2026-09-18T10:38:01.8485555Z ##[endgroup]
2026-09-18T10:38:01.8486518Z ##[group]Initializing the repository
2026-09-18T10:38:01.8489747Z [command]/usr/bin/git init /home/runner/work/olp/olp
2026-09-18T10:38:01.8582431Z hint: Using 'master' as the name for the initial branch. This default branch name
2026-09-18T10:38:01.8585115Z hint: will change to "main" in Git 3.0. To configure the initial branch name
2026-09-18T10:38:01.8587088Z hint: to use in all of your new repositories, which will suppress this warning,
2026-09-18T10:38:01.8588251Z hint: call:
2026-09-18T10:38:01.8589255Z hint:
2026-09-18T10:38:01.8590166Z hint: 	git config --global init.defaultBranch <name>
2026-09-18T10:38:01.8591204Z hint:
2026-09-18T10:38:01.8592233Z hint: Names commonly chosen instead of 'master' are 'main', 'trunk' and
2026-09-18T10:38:01.8593837Z hint: 'development'. The just-created branch can be renamed via this command:
2026-09-18T10:38:01.8595200Z hint:
2026-09-18T10:38:01.8596044Z hint: 	git branch -m <name>
2026-09-18T10:38:01.8597674Z hint:
2026-09-18T10:38:01.8598823Z hint: Disable this message with "git config set advice.defaultBranchName false"
2026-09-18T10:38:01.8600458Z Initialized empty Git repository in /home/runner/work/olp/olp/.git/
2026-09-18T10:38:01.8603662Z [command]/usr/bin/git remote add origin https://github.com/tyk-swe/olp
2026-09-18T10:38:01.8635183Z ##[endgroup]
2026-09-18T10:38:01.8636683Z ##[group]Disabling automatic garbage collection
2026-09-18T10:38:01.8638003Z [command]/usr/bin/git config --local gc.auto 0
2026-09-18T10:38:01.8667250Z ##[endgroup]
2026-09-18T10:38:01.8668633Z ##[group]Setting up auth
2026-09-18T10:38:01.8672672Z Removing SSH command configuration
2026-09-18T10:38:01.8674093Z [command]/usr/bin/git config --local --name-only --get-regexp core\.sshCommand
2026-09-18T10:38:01.8703500Z [command]/usr/bin/git submodule foreach --recursive sh -c "git config --local --name-only --get-regexp 'core\.sshCommand' && git config --local --unset-all 'core.sshCommand' || :"
2026-09-18T10:38:01.9018738Z Removing HTTP extra header
2026-09-18T10:38:01.9024247Z [command]/usr/bin/git config --local --name-only --get-regexp http\.https\:\/\/github\.com\/\.extraheader
2026-09-18T10:38:01.9056138Z [command]/usr/bin/git submodule foreach --recursive sh -c "git config --local --name-only --get-regexp 'http\.https\:\/\/github\.com\/\.extraheader' && git config --local --unset-all 'http.https://github.com/.extraheader' || :"
2026-09-18T10:38:01.9250755Z Removing includeIf entries pointing to credentials config files
2026-09-18T10:38:01.9254807Z [command]/usr/bin/git config --local --name-only --get-regexp ^includeIf\.gitdir:
2026-09-18T10:38:01.9286651Z [command]/usr/bin/git submodule foreach --recursive git config --local --show-origin --name-only --get-regexp remote.origin.url
2026-09-18T10:38:01.9481654Z [command]/usr/bin/git config --file /home/runner/work/_temp/git-credentials-c28307ab-1de2-4b6f-ad09-05477b15518a.config http.https://github.com/.extraheader AUTHORIZATION: basic ***
2026-09-18T10:38:01.9525498Z [command]/usr/bin/git config --local includeIf.gitdir:/home/runner/work/olp/olp/.git.path /home/runner/work/_temp/git-credentials-c28307ab-1de2-4b6f-ad09-05477b15518a.config
2026-09-18T10:38:01.9555671Z [command]/usr/bin/git config --local includeIf.gitdir:/home/runner/work/olp/olp/.git/worktrees/*.path /home/runner/work/_temp/git-credentials-c28307ab-1de2-4b6f-ad09-05477b15518a.config
2026-09-18T10:38:01.9588077Z [command]/usr/bin/git config --local includeIf.gitdir:/github/workspace/.git.path /github/runner_temp/git-credentials-c28307ab-1de2-4b6f-ad09-05477b15518a.config
2026-09-18T10:38:01.9618172Z [command]/usr/bin/git config --local includeIf.gitdir:/github/workspace/.git/worktrees/*.path /github/runner_temp/git-credentials-c28307ab-1de2-4b6f-ad09-05477b15518a.config
2026-09-18T10:38:01.9645981Z ##[endgroup]
2026-09-18T10:38:01.9646988Z ##[group]Fetching the repository
2026-09-18T10:38:01.9651485Z [command]/usr/bin/git -c protocol.version=2 fetch --no-tags --prune --no-recurse-submodules --depth=1 origin +ccd138f288a99f66a2bb1145eb75d5ce57398416:refs/remotes/origin/tyk/go-release-retirement
2026-09-18T10:38:03.0873304Z From https://github.com/tyk-swe/olp
2026-09-18T10:38:03.0875702Z  * [new ref]         ccd138f288a99f66a2bb1145eb75d5ce57398416 -> origin/tyk/go-release-retirement
2026-09-18T10:38:03.0904544Z [command]/usr/bin/git branch --list --remote origin/tyk/go-release-retirement
2026-09-18T10:38:03.0906200Z   origin/tyk/go-release-retirement
2026-09-18T10:38:03.0912022Z [command]/usr/bin/git rev-parse refs/remotes/origin/tyk/go-release-retirement
2026-09-18T10:38:03.0940988Z ccd138f288a99f66a2bb1145eb75d5ce57398416
2026-09-18T10:38:03.0949848Z ##[endgroup]
2026-09-18T10:38:03.0951213Z ##[group]Determining the checkout info
2026-09-18T10:38:03.0952956Z ##[endgroup]
2026-09-18T10:38:03.0953902Z [command]/usr/bin/git sparse-checkout disable
2026-09-18T10:38:03.0981514Z [command]/usr/bin/git config --local --unset-all extensions.worktreeConfig
2026-09-18T10:38:03.1009330Z ##[group]Checking out the ref
2026-09-18T10:38:03.1012832Z [command]/usr/bin/git checkout --progress --force -B tyk/go-release-retirement refs/remotes/origin/tyk/go-release-retirement
2026-09-18T10:38:03.1496423Z Switched to a new branch 'tyk/go-release-retirement'
2026-09-18T10:38:03.1498463Z branch 'tyk/go-release-retirement' set up to track 'origin/tyk/go-release-retirement'.
2026-09-18T10:38:03.1506268Z ##[endgroup]
2026-09-18T10:38:03.1545493Z [command]/usr/bin/git log -1 --format=%H
2026-09-18T10:38:03.1569237Z ccd138f288a99f66a2bb1145eb75d5ce57398416
2026-09-18T10:38:03.1963441Z Prepare all required actions
2026-09-18T10:38:03.1965316Z Getting action download info
2026-09-18T10:38:03.3061767Z Download action repository 'actions/setup-go@924ae3a1cded613372ab5595356fb5720e22ba16' (SHA:924ae3a1cded613372ab5595356fb5720e22ba16)
2026-09-18T10:38:03.7235919Z Download action repository 'pnpm/action-setup@ea17c68df8912ef543352723c149a84f56e3d413' (SHA:ea17c68df8912ef543352723c149a84f56e3d413)
2026-09-18T10:38:04.0036526Z Download action repository 'actions/setup-node@820762786026740c76f36085b0efc47a31fe5020' (SHA:820762786026740c76f36085b0efc47a31fe5020)
2026-09-18T10:38:04.2056130Z ##[group]Run ./.github/actions/setup
2026-09-18T10:38:04.2056438Z with:
2026-09-18T10:38:04.2056622Z   services: true
2026-09-18T10:38:04.2056797Z ##[endgroup]
2026-09-18T10:38:04.2123631Z ##[start-action display=Run actions/setup-go@924ae3a1cded613372ab5595356fb5720e22ba16;id=__self.__actions_setup-go]
2026-09-18T10:38:04.2210691Z ##[group]Run actions/setup-go@924ae3a1cded613372ab5595356fb5720e22ba16
2026-09-18T10:38:04.2211089Z with:
2026-09-18T10:38:04.2211302Z   go-version-file: go.mod
2026-09-18T10:38:04.2211511Z   check-latest: false
2026-09-18T10:38:04.2214126Z   token: ***
2026-09-18T10:38:04.2214309Z   cache: true
2026-09-18T10:38:04.2214483Z ##[endgroup]
2026-09-18T10:38:04.3240068Z Setup go version spec 1.27.1
2026-09-18T10:38:04.3250251Z Attempting to download 1.27.1...
2026-09-18T10:38:04.9687092Z matching 1.27.1...
2026-09-18T10:38:04.9708963Z Acquiring 1.27.1 from https://github.com/actions/go-versions/releases/download/1.27.1-33583469715/go-1.27.1-linux-arm64.tar.gz
2026-09-18T10:38:05.5341763Z Extracting Go...
2026-09-18T10:38:05.5430178Z [command]/usr/bin/tar xz --warning=no-unknown-keyword --overwrite -C /home/runner/work/_temp/6ea0bd48-15ba-4314-ab5a-cfcf3a88f22c -f /home/runner/work/_temp/7d4ef01c-cb8c-48c1-bd6c-5185bd2750f7
2026-09-18T10:38:06.7040225Z Successfully extracted go to /home/runner/work/_temp/6ea0bd48-15ba-4314-ab5a-cfcf3a88f22c
2026-09-18T10:38:06.7040764Z Adding to the cache ...
2026-09-18T10:38:12.0719545Z Successfully cached go to /opt/hostedtoolcache/go/1.27.1/arm64
2026-09-18T10:38:12.0720909Z Added go to the path
2026-09-18T10:38:12.0723528Z Successfully set up Go version 1.27.1
2026-09-18T10:38:12.0899914Z [command]/opt/hostedtoolcache/go/1.27.1/arm64/bin/go env GOMODCACHE
2026-09-18T10:38:12.0935008Z [command]/opt/hostedtoolcache/go/1.27.1/arm64/bin/go env GOCACHE
2026-09-18T10:38:12.0964847Z /home/runner/go/pkg/mod
2026-09-18T10:38:12.0978328Z /home/runner/.cache/go-build
2026-09-18T10:38:12.2189209Z Cache is not found
2026-09-18T10:38:12.2222748Z go version go1.27.1 linux/arm64
2026-09-18T10:38:12.2223304Z 
2026-09-18T10:38:12.2223755Z ##[group]go env
2026-09-18T10:38:12.3643997Z AR='ar'
2026-09-18T10:38:12.3644287Z CC='gcc'
2026-09-18T10:38:12.3644472Z CGO_CFLAGS='-O2 -g'
2026-09-18T10:38:12.3644676Z CGO_CPPFLAGS=''
2026-09-18T10:38:12.3644869Z CGO_CXXFLAGS='-O2 -g'
2026-09-18T10:38:12.3645066Z CGO_ENABLED='1'
2026-09-18T10:38:12.3645274Z CGO_FFLAGS='-O2 -g'
2026-09-18T10:38:12.3645464Z CGO_LDFLAGS='-O2 -g'
2026-09-18T10:38:12.3645649Z CXX='g++'
2026-09-18T10:38:12.3645816Z GCCGO='gccgo'
2026-09-18T10:38:12.3645987Z GO111MODULE=''
2026-09-18T10:38:12.3646161Z GOARCH='arm64'
2026-09-18T10:38:12.3646336Z GOARM64='v8.0'
2026-09-18T10:38:12.3646518Z GOAUTH='netrc'
2026-09-18T10:38:12.3646753Z GOBIN='/home/runner/go/bin'
2026-09-18T10:38:12.3646996Z GOCACHE='/home/runner/.cache/go-build'
2026-09-18T10:38:12.3647242Z GOCACHEPROG=''
2026-09-18T10:38:12.3647418Z GODEBUG=''
2026-09-18T10:38:12.3647608Z GOENV='/home/runner/.config/go/env'
2026-09-18T10:38:12.3647834Z GOEXE=''
2026-09-18T10:38:12.3648000Z GOEXPERIMENT=''
2026-09-18T10:38:12.3648181Z GOFIPS140='off'
2026-09-18T10:38:12.3648355Z GOFLAGS=''
2026-09-18T10:38:12.3648971Z GOGCCFLAGS='-fPIC -pthread -Wl,--no-gc-sections -fmessage-length=0 -ffile-prefix-map=/tmp/go-build3139207106=/tmp/go-build -gno-record-gcc-switches'
2026-09-18T10:38:12.3649583Z GOHOSTARCH='arm64'
2026-09-18T10:38:12.3650237Z GOHOSTOS='linux'
2026-09-18T10:38:12.3650458Z GOINSECURE=''
2026-09-18T10:38:12.3650694Z GOMOD='/home/runner/work/olp/olp/go.mod'
2026-09-18T10:38:12.3650971Z GOMODCACHE='/home/runner/go/pkg/mod'
2026-09-18T10:38:12.3651209Z GONOPROXY=''
2026-09-18T10:38:12.3651381Z GONOSUMDB=''
2026-09-18T10:38:12.3651549Z GOOS='linux'
2026-09-18T10:38:12.3651734Z GOPACKAGESDRIVER=''
2026-09-18T10:38:12.3651935Z GOPATH='/home/runner/go'
2026-09-18T10:38:12.3652138Z GOPRIVATE=''
2026-09-18T10:38:12.3652614Z GOPROXY='https://proxy.golang.org,direct'
2026-09-18T10:38:12.3652964Z GOROOT='/opt/hostedtoolcache/go/1.27.1/arm64'
2026-09-18T10:38:12.3653242Z GOSUMDB='sum.golang.org'
2026-09-18T10:38:12.3653451Z GOTELEMETRY='local'
2026-09-18T10:38:12.3653692Z GOTELEMETRYDIR='/home/runner/.config/go/telemetry'
2026-09-18T10:38:12.3653973Z GOTMPDIR=''
2026-09-18T10:38:12.3654146Z GOTOOLCHAIN='local'
2026-09-18T10:38:12.3654449Z GOTOOLDIR='/opt/hostedtoolcache/go/1.27.1/arm64/pkg/tool/linux_arm64'
2026-09-18T10:38:12.3654780Z GOVCS=''
2026-09-18T10:38:12.3654956Z GOVERSION='go1.27.1'
2026-09-18T10:38:12.3655142Z GOWORK=''
2026-09-18T10:38:12.3655320Z PKG_CONFIG='pkg-config'
2026-09-18T10:38:12.3655452Z 
2026-09-18T10:38:12.3655792Z ##[endgroup]
2026-09-18T10:38:12.3817906Z ##[end-action id=__self.__actions_setup-go;outcome=success;conclusion=success;duration_ms=8169]
2026-09-18T10:38:12.3820729Z ##[start-action display=Run sudo apt-get update;id=__self.__run]
2026-09-18T10:38:12.3853035Z ##[group]Run sudo apt-get update
2026-09-18T10:38:12.3853363Z sudo apt-get update
2026-09-18T10:38:12.3853679Z sudo apt-get install -y build-essential ca-certificates
2026-09-18T10:38:12.3854013Z go mod download
2026-09-18T10:38:12.3930443Z shell: /usr/bin/bash --noprofile --norc -e -o pipefail {0}
2026-09-18T10:38:12.3930797Z env:
2026-09-18T10:38:12.3930973Z   GOTOOLCHAIN: local
2026-09-18T10:38:12.3931165Z ##[endgroup]
2026-09-18T10:38:12.5352224Z Get:1 https://packages.microsoft.com/ubuntu/24.04/prod noble InRelease [3600 B]
2026-09-18T10:38:12.5919167Z Get:2 https://packages.microsoft.com/ubuntu/24.04/prod noble/main arm64 Packages [427 kB]
2026-09-18T10:38:12.6043070Z Get:3 https://packages.microsoft.com/ubuntu/24.04/prod noble/main amd64 Packages [476 kB]
2026-09-18T10:38:12.9196665Z Hit:4 http://ports.ubuntu.com/ubuntu-ports noble InRelease
2026-09-18T10:38:13.0666305Z Get:5 http://ports.ubuntu.com/ubuntu-ports noble-updates InRelease [126 kB]
2026-09-18T10:38:13.6970768Z Get:6 http://ports.ubuntu.com/ubuntu-ports noble-backports InRelease [126 kB]
2026-09-18T10:38:13.9978958Z Get:7 http://ports.ubuntu.com/ubuntu-ports noble-security InRelease [126 kB]
2026-09-18T10:38:14.2001582Z Get:8 http://ports.ubuntu.com/ubuntu-ports noble-updates/main arm64 Packages [1324 kB]
2026-09-18T10:38:14.8602120Z Get:9 http://ports.ubuntu.com/ubuntu-ports noble-updates/main Translation-en [294 kB]
2026-09-18T10:38:15.0348819Z Get:10 http://ports.ubuntu.com/ubuntu-ports noble-updates/main arm64 Components [178 kB]
2026-09-18T10:38:15.1989070Z Get:11 http://ports.ubuntu.com/ubuntu-ports noble-updates/universe arm64 Packages [1734 kB]
2026-09-18T10:38:15.5721172Z Get:12 http://ports.ubuntu.com/ubuntu-ports noble-updates/universe Translation-en [338 kB]
2026-09-18T10:38:15.7372137Z Get:13 http://ports.ubuntu.com/ubuntu-ports noble-updates/universe arm64 Components [387 kB]
2026-09-18T10:38:15.9049078Z Get:14 http://ports.ubuntu.com/ubuntu-ports noble-updates/restricted arm64 Packages [2347 kB]
2026-09-18T10:38:16.2269486Z Get:15 http://ports.ubuntu.com/ubuntu-ports noble-updates/restricted Translation-en [359 kB]
2026-09-18T10:38:16.3828696Z Get:16 http://ports.ubuntu.com/ubuntu-ports noble-updates/multiverse arm64 Packages [78.0 kB]
2026-09-18T10:38:16.5310383Z Get:17 http://ports.ubuntu.com/ubuntu-ports noble-updates/multiverse Translation-en [13.1 kB]
2026-09-18T10:38:16.8655187Z Get:18 http://ports.ubuntu.com/ubuntu-ports noble-backports/main arm64 Packages [65.8 kB]
2026-09-18T10:38:17.0132555Z Get:19 http://ports.ubuntu.com/ubuntu-ports noble-backports/main arm64 Components [3568 B]
2026-09-18T10:38:17.1613193Z Get:20 http://ports.ubuntu.com/ubuntu-ports noble-backports/universe arm64 Packages [34.9 kB]
2026-09-18T10:38:17.3088120Z Get:21 http://ports.ubuntu.com/ubuntu-ports noble-backports/universe Translation-en [18.7 kB]
2026-09-18T10:38:17.4561375Z Get:22 http://ports.ubuntu.com/ubuntu-ports noble-backports/universe arm64 Components [12.6 kB]
2026-09-18T10:38:17.6036988Z Get:23 http://ports.ubuntu.com/ubuntu-ports noble-security/main arm64 Packages [1074 kB]
2026-09-18T10:38:17.7797640Z Get:24 http://ports.ubuntu.com/ubuntu-ports noble-security/main Translation-en [214 kB]
2026-09-18T10:38:17.9318427Z Get:25 http://ports.ubuntu.com/ubuntu-ports noble-security/main arm64 Components [43.4 kB]
2026-09-18T10:38:18.0796573Z Get:26 http://ports.ubuntu.com/ubuntu-ports noble-security/universe arm64 Packages [1289 kB]
2026-09-18T10:38:18.2615304Z Get:27 http://ports.ubuntu.com/ubuntu-ports noble-security/universe Translation-en [243 kB]
2026-09-18T10:38:18.4146352Z Get:28 http://ports.ubuntu.com/ubuntu-ports noble-security/universe arm64 Components [76.3 kB]
2026-09-18T10:38:18.5634554Z Get:29 http://ports.ubuntu.com/ubuntu-ports noble-security/restricted arm64 Packages [2230 kB]
2026-09-18T10:38:18.7718765Z Get:30 http://ports.ubuntu.com/ubuntu-ports noble-security/restricted Translation-en [336 kB]
2026-09-18T10:38:18.9279738Z Get:31 http://ports.ubuntu.com/ubuntu-ports noble-security/multiverse arm64 Packages [73.7 kB]
2026-09-18T10:38:19.0765262Z Get:32 http://ports.ubuntu.com/ubuntu-ports noble-security/multiverse Translation-en [11.3 kB]
2026-09-18T10:38:22.5933948Z Fetched 14.1 MB in 7s (2135 kB/s)
2026-09-18T10:38:23.4651416Z Reading package lists...
2026-09-18T10:38:23.4939566Z Reading package lists...
2026-09-18T10:38:23.7250641Z Building dependency tree...
2026-09-18T10:38:23.7255845Z Reading state information...
2026-09-18T10:38:23.9859390Z ca-certificates is already the newest version (20260601~24.04.1).
2026-09-18T10:38:23.9859885Z The following NEW packages will be installed:
2026-09-18T10:38:23.9865928Z   build-essential
2026-09-18T10:38:24.2855965Z 0 upgraded, 1 newly installed, 0 to remove and 70 not upgraded.
2026-09-18T10:38:24.2856388Z Need to get 4932 B of archives.
2026-09-18T10:38:24.2856718Z After this operation, 17.4 kB of additional disk space will be used.
2026-09-18T10:38:24.2857727Z Get:1 http://ports.ubuntu.com/ubuntu-ports noble/main arm64 build-essential arm64 12.10ubuntu1 [4932 B]
2026-09-18T10:38:24.5290304Z Fetched 4932 B in 0s (17.0 kB/s)
2026-09-18T10:38:24.5573260Z Selecting previously unselected package build-essential.
2026-09-18T10:38:24.5753317Z (Reading database ... 
2026-09-18T10:38:24.5753640Z (Reading database ... 5%
2026-09-18T10:38:24.5753868Z (Reading database ... 10%
2026-09-18T10:38:24.5754107Z (Reading database ... 15%
2026-09-18T10:38:24.5754323Z (Reading database ... 20%
2026-09-18T10:38:24.5754540Z (Reading database ... 25%
2026-09-18T10:38:24.5754753Z (Reading database ... 30%
2026-09-18T10:38:24.5755060Z (Reading database ... 35%
2026-09-18T10:38:24.5755413Z (Reading database ... 40%
2026-09-18T10:38:24.5755659Z (Reading database ... 45%
2026-09-18T10:38:24.5755916Z (Reading database ... 50%
2026-09-18T10:38:24.5888744Z (Reading database ... 55%
2026-09-18T10:38:24.7459516Z (Reading database ... 60%
2026-09-18T10:38:24.9600781Z (Reading database ... 65%
2026-09-18T10:38:24.9863692Z (Reading database ... 70%
2026-09-18T10:38:25.0181487Z (Reading database ... 75%
2026-09-18T10:38:25.2084094Z (Reading database ... 80%
2026-09-18T10:38:25.4333343Z (Reading database ... 85%
2026-09-18T10:38:25.6032645Z (Reading database ... 90%
2026-09-18T10:38:25.7596595Z (Reading database ... 95%
2026-09-18T10:38:25.7596894Z (Reading database ... 100%
2026-09-18T10:38:25.7597228Z (Reading database ... 201140 files and directories currently installed.)
2026-09-18T10:38:25.7641681Z Preparing to unpack .../build-essential_12.10ubuntu1_arm64.deb ...
2026-09-18T10:38:25.7725486Z Unpacking build-essential (12.10ubuntu1) ...
2026-09-18T10:38:25.8123031Z Setting up build-essential (12.10ubuntu1) ...
2026-09-18T10:38:28.5135897Z 
2026-09-18T10:38:28.5136800Z Running kernel seems to be up-to-date.
2026-09-18T10:38:28.5137249Z 
2026-09-18T10:38:28.5137442Z No services need to be restarted.
2026-09-18T10:38:28.5139808Z 
2026-09-18T10:38:28.5140500Z No containers need to be restarted.
2026-09-18T10:38:28.5140764Z 
2026-09-18T10:38:28.5140902Z No user sessions are running outdated binaries.
2026-09-18T10:38:28.5141120Z 
2026-09-18T10:38:28.5141328Z No VM guests are running outdated hypervisor (qemu) binaries on this host.
2026-09-18T10:38:35.4497249Z ##[end-action id=__self.__run;outcome=success;conclusion=success;duration_ms=23067]
2026-09-18T10:38:35.4499970Z ##[start-action display=Run pnpm/action-setup@ea17c68df8912ef543352723c149a84f56e3d413;id=__self.__pnpm_action-setup]
2026-09-18T10:38:35.4535149Z ##[group]Run pnpm/action-setup@ea17c68df8912ef543352723c149a84f56e3d413
2026-09-18T10:38:35.4535490Z with:
2026-09-18T10:38:35.4535680Z   dest: ~/setup-pnpm
2026-09-18T10:38:35.4535879Z   run_install: null
2026-09-18T10:38:35.4536058Z   cache: false
2026-09-18T10:38:35.4536249Z   cache_dependency_path: pnpm-lock.yaml
2026-09-18T10:38:35.4536509Z   package_json_file: package.json
2026-09-18T10:38:35.4536740Z   standalone: false
2026-09-18T10:38:35.4536918Z env:
2026-09-18T10:38:35.4537104Z   GOTOOLCHAIN: local
2026-09-18T10:38:35.4537289Z ##[endgroup]
2026-09-18T10:38:35.5722043Z ##[group]Running self-installer...
2026-09-18T10:38:40.4988808Z 
2026-09-18T10:38:40.4989591Z added 1 package, and audited 2 packages in 2s
2026-09-18T10:38:40.4990071Z 
2026-09-18T10:38:40.4990325Z 1 package is looking for funding
2026-09-18T10:38:40.4990803Z   run `npm fund` for details
2026-09-18T10:38:40.4993838Z 
2026-09-18T10:38:40.4993975Z found 0 vulnerabilities
2026-09-18T10:38:41.0199923Z Checking for updates...
2026-09-18T10:38:41.1991041Z Switching pnpm from v11.25.0 to v11.24.0...
2026-09-18T10:38:41.8526189Z .../v11/b00-1a0b418d610-9964553a750d9d0a | Progress: resolved 1, reused 0, downloaded 0, added 0
2026-09-18T10:38:41.8542898Z .../v11/b00-1a0b418d610-9964553a750d9d0a |   +1 +
2026-09-18T10:38:42.0473063Z .../v11/b00-1a0b418d610-9964553a750d9d0a | Progress: resolved 1, reused 0, downloaded 1, added 1, done
2026-09-18T10:38:42.7964912Z [WARN] Detected a pnpm v10 installation layout at PNPM_HOME. The pnpm shims at PNPM_HOME have been refreshed so the new version is active, but pnpm v11 expects bins in PNPM_HOME/bin. Run "pnpm setup" to migrate your PATH to the v11 layout.
2026-09-18T10:38:42.8003239Z Successfully updated pnpm to v11.24.0
2026-09-18T10:38:42.8258128Z ##[endgroup]
2026-09-18T10:38:42.8258419Z Installation Completed!
2026-09-18T10:38:42.8321119Z ##[end-action id=__self.__pnpm_action-setup;outcome=success;conclusion=success;duration_ms=7382]
2026-09-18T10:38:42.8324194Z ##[start-action display=Run actions/setup-node@820762786026740c76f36085b0efc47a31fe5020;id=__self.__actions_setup-node]
2026-09-18T10:38:42.8368851Z ##[group]Run actions/setup-node@820762786026740c76f36085b0efc47a31fe5020
2026-09-18T10:38:42.8369197Z with:
2026-09-18T10:38:42.8369365Z   node-version: 26
2026-09-18T10:38:42.8369545Z   cache: pnpm
2026-09-18T10:38:42.8369723Z   check-latest: false
2026-09-18T10:38:42.8372012Z   token: ***
2026-09-18T10:38:42.8372205Z   package-manager-cache: true
2026-09-18T10:38:42.8373104Z env:
2026-09-18T10:38:42.8373275Z   GOTOOLCHAIN: local
2026-09-18T10:38:42.8373515Z   PNPM_HOME: /home/runner/setup-pnpm/node_modules/.bin
2026-09-18T10:38:42.8373797Z ##[endgroup]
2026-09-18T10:38:42.9846746Z Attempting to download 26...
2026-09-18T10:38:43.8563332Z Acquiring 26.9.0 - arm64 from https://github.com/actions/node-versions/releases/download/26.9.0-35174947414/node-26.9.0-linux-arm64.tar.gz
2026-09-18T10:38:44.5098122Z Extracting ...
2026-09-18T10:38:44.5253858Z [command]/usr/bin/tar xz --strip 1 --warning=no-unknown-keyword --overwrite -C /home/runner/work/_temp/f3c29957-2708-43e4-a6a9-5cc431fce247 -f /home/runner/work/_temp/ee056486-069e-473a-b4a1-b7ff23b14bba
2026-09-18T10:38:45.5442179Z Adding to the cache ...
2026-09-18T10:38:47.8600046Z ##[group]Environment details
2026-09-18T10:38:48.1854945Z node: v26.9.0
2026-09-18T10:38:48.1855459Z npm: 11.19.1
2026-09-18T10:38:48.1855723Z yarn: 1.22.22
2026-09-18T10:38:48.1856344Z ##[endgroup]
2026-09-18T10:38:48.1874925Z [command]/home/runner/setup-pnpm/node_modules/.bin/bin/pnpm store path --silent
2026-09-18T10:38:48.6599123Z /home/runner/setup-pnpm/node_modules/.bin/store/v11
2026-09-18T10:38:48.7916126Z pnpm cache is not found
2026-09-18T10:38:48.8015555Z ##[end-action id=__self.__actions_setup-node;outcome=success;conclusion=success;duration_ms=5969]
2026-09-18T10:38:48.8018514Z ##[start-action display=Run pnpm install --frozen-lockfile;id=__self.__run_2]
2026-09-18T10:38:48.8040674Z ##[group]Run pnpm install --frozen-lockfile
2026-09-18T10:38:48.8041230Z pnpm install --frozen-lockfile
2026-09-18T10:38:48.8077102Z shell: /usr/bin/bash --noprofile --norc -e -o pipefail {0}
2026-09-18T10:38:48.8077675Z env:
2026-09-18T10:38:48.8077917Z   GOTOOLCHAIN: local
2026-09-18T10:38:48.8078260Z   PNPM_HOME: /home/runner/setup-pnpm/node_modules/.bin
2026-09-18T10:38:48.8078587Z ##[endgroup]
2026-09-18T10:38:49.1666994Z Scope: all 3 workspace projects
2026-09-18T10:38:49.2004750Z ? Verifying lockfile against supply-chain policies (325 entries)...
2026-09-18T10:38:49.2065820Z Lockfile is up to date, resolution step is skipped
2026-09-18T10:38:49.2900098Z Progress: resolved 1, reused 0, downloaded 0, added 0
2026-09-18T10:38:49.3284061Z Packages: +300
2026-09-18T10:38:49.3284879Z ++++++++++++++++++++++++++++++++++++++++++++++++++++++++++++++++++++++++++++++++
2026-09-18T10:38:50.1708365Z Packages are hard linked from the content-addressable store to the virtual store.
2026-09-18T10:38:50.1718642Z   Content-addressable store is at: /home/runner/setup-pnpm/node_modules/.bin/store/v11
2026-09-18T10:38:50.1719421Z   Virtual store is at:             node_modules/.pnpm
2026-09-18T10:38:50.2990661Z Progress: resolved 300, reused 0, downloaded 73, added 4
2026-09-18T10:38:51.2831705Z Progress: resolved 300, reused 0, downloaded 300, added 300, done
2026-09-18T10:38:52.1112819Z ✓ Lockfile passes supply-chain policies (325 entries in 2.9s)
2026-09-18T10:38:52.2121971Z 
2026-09-18T10:38:52.2363988Z Done in 3.4s using pnpm v11.24.0
2026-09-18T10:38:52.3351576Z ##[end-action id=__self.__run_2;outcome=success;conclusion=success;duration_ms=3533]
2026-09-18T10:38:52.3355440Z ##[start-action display=Run sudo apt-get update;id=__self.__run_3]
2026-09-18T10:38:52.3379658Z ##[group]Run sudo apt-get update
2026-09-18T10:38:52.3380123Z sudo apt-get update
2026-09-18T10:38:52.3380445Z sudo apt-get install -y postgresql-common
2026-09-18T10:38:52.3380874Z sudo /usr/share/postgresql-common/pgdg/apt.postgresql.org.sh -y
2026-09-18T10:38:52.3381392Z sudo apt-get install -y postgresql-client-18
2026-09-18T10:38:52.3381775Z echo /usr/lib/postgresql/18/bin >> "$GITHUB_PATH"
2026-09-18T10:38:52.3382251Z pnpm --dir console exec playwright install --with-deps chromium
2026-09-18T10:38:52.3416465Z shell: /usr/bin/bash --noprofile --norc -e -o pipefail {0}
2026-09-18T10:38:52.3416847Z env:
2026-09-18T10:38:52.3417070Z   GOTOOLCHAIN: local
2026-09-18T10:38:52.3417401Z   PNPM_HOME: /home/runner/setup-pnpm/node_modules/.bin
2026-09-18T10:38:52.3417746Z ##[endgroup]
2026-09-18T10:38:52.4240992Z Hit:1 https://packages.microsoft.com/ubuntu/24.04/prod noble InRelease
2026-09-18T10:38:52.4864752Z Hit:2 http://ports.ubuntu.com/ubuntu-ports noble InRelease
2026-09-18T10:38:52.5336712Z Hit:3 http://ports.ubuntu.com/ubuntu-ports noble-updates InRelease
2026-09-18T10:38:52.5809982Z Hit:4 http://ports.ubuntu.com/ubuntu-ports noble-backports InRelease
2026-09-18T10:38:52.6284287Z Hit:5 http://ports.ubuntu.com/ubuntu-ports noble-security InRelease
2026-09-18T10:38:53.6834566Z Reading package lists...
2026-09-18T10:38:53.7124823Z Reading package lists...
2026-09-18T10:38:53.9506133Z Building dependency tree...
2026-09-18T10:38:53.9514311Z Reading state information...
2026-09-18T10:38:54.1912051Z postgresql-common is already the newest version (293.pgdg24.04+1).
2026-09-18T10:38:54.1913044Z postgresql-common set to manually installed.
2026-09-18T10:38:54.1913563Z 0 upgraded, 0 newly installed, 0 to remove and 70 not upgraded.
2026-09-18T10:38:54.2043137Z This script will enable the PostgreSQL APT repository on apt.postgresql.org on
2026-09-18T10:38:54.2044155Z your system. The distribution codename used will be noble-pgdg.
2026-09-18T10:38:54.2044450Z 
2026-09-18T10:38:54.2045249Z Using keyring /usr/share/postgresql-common/pgdg/apt.postgresql.org.gpg
2026-09-18T10:38:54.2046047Z Writing /etc/apt/sources.list.d/pgdg.sources ...
2026-09-18T10:38:54.2061618Z 
2026-09-18T10:38:54.2062192Z Running apt-get update ...
2026-09-18T10:38:54.2801431Z Hit:1 https://packages.microsoft.com/ubuntu/24.04/prod noble InRelease
2026-09-18T10:38:54.4488802Z Get:2 https://apt.postgresql.org/pub/repos/apt noble-pgdg InRelease [189 kB]
2026-09-18T10:38:54.5285106Z Hit:3 http://ports.ubuntu.com/ubuntu-ports noble InRelease
2026-09-18T10:38:54.5286489Z Get:4 https://apt.postgresql.org/pub/repos/apt noble-pgdg/main arm64 Packages [826 kB]
2026-09-18T10:38:54.6660760Z Hit:5 http://ports.ubuntu.com/ubuntu-ports noble-updates InRelease
2026-09-18T10:38:54.8039386Z Hit:6 http://ports.ubuntu.com/ubuntu-ports noble-backports InRelease
2026-09-18T10:38:54.9412489Z Hit:7 http://ports.ubuntu.com/ubuntu-ports noble-security InRelease
2026-09-18T10:38:55.0734345Z Fetched 1015 kB in 1s (1365 kB/s)
2026-09-18T10:38:56.0374641Z Reading package lists...
2026-09-18T10:38:56.0510456Z 
2026-09-18T10:38:56.0511517Z You can now start installing packages from apt.postgresql.org.
2026-09-18T10:38:56.0512027Z 
2026-09-18T10:38:56.0512556Z Have a look at https://wiki.postgresql.org/wiki/Apt for more information;
2026-09-18T10:38:56.0513509Z most notably the FAQ at https://wiki.postgresql.org/wiki/Apt/FAQ
2026-09-18T10:38:56.0679669Z Reading package lists...
2026-09-18T10:38:56.3425488Z Building dependency tree...
2026-09-18T10:38:56.3432532Z Reading state information...
2026-09-18T10:38:56.6045266Z Suggested packages:
2026-09-18T10:38:56.6045723Z   postgresql-18 postgresql-doc-18
2026-09-18T10:38:56.6209508Z The following NEW packages will be installed:
2026-09-18T10:38:56.6210091Z   postgresql-client-18
2026-09-18T10:38:56.8570903Z 0 upgraded, 1 newly installed, 0 to remove and 70 not upgraded.
2026-09-18T10:38:56.8571476Z Need to get 2060 kB of archives.
2026-09-18T10:38:56.8572224Z After this operation, 11.1 MB of additional disk space will be used.
2026-09-18T10:38:56.8573302Z Get:1 https://apt.postgresql.org/pub/repos/apt noble-pgdg/main arm64 postgresql-client-18 arm64 18.6-1.pgdg24.04+2 [2060 kB]
2026-09-18T10:38:57.2295388Z Fetched 2060 kB in 0s (5904 kB/s)
2026-09-18T10:38:57.2508839Z Selecting previously unselected package postgresql-client-18.
2026-09-18T10:38:57.2536806Z (Reading database ... 
2026-09-18T10:38:57.2537242Z (Reading database ... 5%
2026-09-18T10:38:57.2537593Z (Reading database ... 10%
2026-09-18T10:38:57.2537975Z (Reading database ... 15%
2026-09-18T10:38:57.2538267Z (Reading database ... 20%
2026-09-18T10:38:57.2538631Z (Reading database ... 25%
2026-09-18T10:38:57.2538910Z (Reading database ... 30%
2026-09-18T10:38:57.2539194Z (Reading database ... 35%
2026-09-18T10:38:57.2539551Z (Reading database ... 40%
2026-09-18T10:38:57.2539837Z (Reading database ... 45%
2026-09-18T10:38:57.2540445Z (Reading database ... 50%
2026-09-18T10:38:57.2555059Z (Reading database ... 55%
2026-09-18T10:38:57.2640533Z (Reading database ... 60%
2026-09-18T10:38:57.2665821Z (Reading database ... 65%
2026-09-18T10:38:57.2677158Z (Reading database ... 70%
2026-09-18T10:38:57.2696054Z (Reading database ... 75%
2026-09-18T10:38:57.2723038Z (Reading database ... 80%
2026-09-18T10:38:57.2828251Z (Reading database ... 85%
2026-09-18T10:38:57.2886640Z (Reading database ... 90%
2026-09-18T10:38:57.3043387Z (Reading database ... 95%
2026-09-18T10:38:57.3044315Z (Reading database ... 100%
2026-09-18T10:38:57.3044863Z (Reading database ... 201149 files and directories currently installed.)
2026-09-18T10:38:57.3081694Z Preparing to unpack .../postgresql-client-18_18.6-1.pgdg24.04+2_arm64.deb ...
2026-09-18T10:38:57.3099441Z Unpacking postgresql-client-18 (18.6-1.pgdg24.04+2) ...
2026-09-18T10:38:57.5233346Z Setting up postgresql-client-18 (18.6-1.pgdg24.04+2) ...
2026-09-18T10:38:57.8465014Z update-alternatives: using /usr/share/postgresql/18/man/man1/psql.1.gz to provide /usr/share/man/man1/psql.1.gz (psql.1.gz) in auto mode
2026-09-18T10:38:57.8659189Z Processing triggers for postgresql-common (293.pgdg24.04+1) ...
2026-09-18T10:38:57.9479266Z Building PostgreSQL dictionaries from installed myspell/hunspell packages...
2026-09-18T10:38:57.9548176Z   en_us
2026-09-18T10:38:58.0154116Z Removing obsolete dictionary files:
2026-09-18T10:39:00.5237256Z 
2026-09-18T10:39:00.5237941Z Running kernel seems to be up-to-date.
2026-09-18T10:39:00.5238269Z 
2026-09-18T10:39:00.5238470Z No services need to be restarted.
2026-09-18T10:39:00.5238891Z 
2026-09-18T10:39:00.5239084Z No containers need to be restarted.
2026-09-18T10:39:00.5239275Z 
2026-09-18T10:39:00.5239543Z No user sessions are running outdated binaries.
2026-09-18T10:39:00.5239810Z 
2026-09-18T10:39:00.5240118Z No VM guests are running outdated hypervisor (qemu) binaries on this host.
2026-09-18T10:39:02.6806747Z Installing dependencies...
2026-09-18T10:39:02.6882380Z Switching to root user to install dependencies...
2026-09-18T10:39:02.7955896Z Hit:1 https://packages.microsoft.com/ubuntu/24.04/prod noble InRelease
2026-09-18T10:39:02.9403815Z Hit:2 https://apt.postgresql.org/pub/repos/apt noble-pgdg InRelease
2026-09-18T10:39:03.3432565Z Hit:3 http://ports.ubuntu.com/ubuntu-ports noble InRelease
2026-09-18T10:39:03.4793915Z Hit:4 http://ports.ubuntu.com/ubuntu-ports noble-updates InRelease
2026-09-18T10:39:03.6156377Z Hit:5 http://ports.ubuntu.com/ubuntu-ports noble-backports InRelease
2026-09-18T10:39:03.7520266Z Hit:6 http://ports.ubuntu.com/ubuntu-ports noble-security InRelease
2026-09-18T10:39:04.9923813Z Reading package lists...
2026-09-18T10:39:05.0158250Z Reading package lists...
2026-09-18T10:39:05.2311696Z Building dependency tree...
2026-09-18T10:39:05.2318747Z Reading state information...
2026-09-18T10:39:05.4369701Z libasound2t64 is already the newest version (1.2.11-1ubuntu0.3).
2026-09-18T10:39:05.4371017Z libasound2t64 set to manually installed.
2026-09-18T10:39:05.4371526Z libatk-bridge2.0-0t64 is already the newest version (2.52.0-1build1).
2026-09-18T10:39:05.4372053Z libatk-bridge2.0-0t64 set to manually installed.
2026-09-18T10:39:05.4372843Z libatk1.0-0t64 is already the newest version (2.52.0-1build1).
2026-09-18T10:39:05.4373291Z libatk1.0-0t64 set to manually installed.
2026-09-18T10:39:05.4373828Z libatspi2.0-0t64 is already the newest version (2.52.0-1build1).
2026-09-18T10:39:05.4374270Z libatspi2.0-0t64 set to manually installed.
2026-09-18T10:39:05.4374748Z libcairo2 is already the newest version (1.18.0-3build1).
2026-09-18T10:39:05.4375179Z libcairo2 set to manually installed.
2026-09-18T10:39:05.4375638Z libcups2t64 is already the newest version (2.4.7-1.2ubuntu7.14).
2026-09-18T10:39:05.4376143Z libcups2t64 set to manually installed.
2026-09-18T10:39:05.4376587Z libdbus-1-3 is already the newest version (1.14.10-4ubuntu4.1).
2026-09-18T10:39:05.4377040Z libdbus-1-3 set to manually installed.
2026-09-18T10:39:05.4377504Z libdrm2 is already the newest version (2.4.125-1ubuntu0.1~24.04.2).
2026-09-18T10:39:05.4377942Z libdrm2 set to manually installed.
2026-09-18T10:39:05.4378423Z libgbm1 is already the newest version (25.2.8-0ubuntu0.24.04.2).
2026-09-18T10:39:05.4378832Z libgbm1 set to manually installed.
2026-09-18T10:39:05.4379289Z libglib2.0-0t64 is already the newest version (2.80.0-6ubuntu3.8).
2026-09-18T10:39:05.4379736Z libglib2.0-0t64 set to manually installed.
2026-09-18T10:39:05.4380185Z libnspr4 is already the newest version (2:4.35-1.1build1).
2026-09-18T10:39:05.4380902Z libnspr4 set to manually installed.
2026-09-18T10:39:05.4381363Z libnss3 is already the newest version (2:3.98-1ubuntu0.2).
2026-09-18T10:39:05.4381801Z libnss3 set to manually installed.
2026-09-18T10:39:05.4382244Z libpango-1.0-0 is already the newest version (1.52.1+ds-1build1).
2026-09-18T10:39:05.4382948Z libpango-1.0-0 set to manually installed.
2026-09-18T10:39:05.4383435Z libx11-6 is already the newest version (2:1.8.7-1build1).
2026-09-18T10:39:05.4383832Z libx11-6 set to manually installed.
2026-09-18T10:39:05.4384261Z libxcb1 is already the newest version (1.15-1ubuntu2).
2026-09-18T10:39:05.4384653Z libxcb1 set to manually installed.
2026-09-18T10:39:05.4385115Z libxcomposite1 is already the newest version (1:0.4.5-1build3).
2026-09-18T10:39:05.4385594Z libxcomposite1 set to manually installed.
2026-09-18T10:39:05.4386041Z libxdamage1 is already the newest version (1:1.1.6-1build1).
2026-09-18T10:39:05.4386478Z libxdamage1 set to manually installed.
2026-09-18T10:39:05.4386910Z libxext6 is already the newest version (2:1.3.4-1build2).
2026-09-18T10:39:05.4387336Z libxext6 set to manually installed.
2026-09-18T10:39:05.4387800Z libxfixes3 is already the newest version (1:6.0.0-2build1).
2026-09-18T10:39:05.4388214Z libxfixes3 set to manually installed.
2026-09-18T10:39:05.4388656Z libxkbcommon0 is already the newest version (1.6.0-1build1).
2026-09-18T10:39:05.4389098Z libxkbcommon0 set to manually installed.
2026-09-18T10:39:05.4389770Z libxrandr2 is already the newest version (2:1.5.2-2build1).
2026-09-18T10:39:05.4390242Z libxrandr2 set to manually installed.
2026-09-18T10:39:05.4390665Z xvfb is already the newest version (2:21.1.12-1ubuntu1.6).
2026-09-18T10:39:05.4391254Z fonts-noto-color-emoji is already the newest version (2.047-0ubuntu0.24.04.1).
2026-09-18T10:39:05.4391860Z libfontconfig1 is already the newest version (2.15.0-1.1ubuntu2).
2026-09-18T10:39:05.4392528Z libfontconfig1 set to manually installed.
2026-09-18T10:39:05.4393097Z libfreetype6 is already the newest version (2.13.2+dfsg-1ubuntu0.1).
2026-09-18T10:39:05.4393552Z libfreetype6 set to manually installed.
2026-09-18T10:39:05.4393987Z The following additional packages will be installed:
2026-09-18T10:39:05.4394405Z   xfonts-encodings xfonts-utils
2026-09-18T10:39:05.4394697Z Recommended packages:
2026-09-18T10:39:05.4395179Z   fonts-ipafont-mincho fonts-liberation-sans-narrow fonts-tlwg-loma
2026-09-18T10:39:05.4540214Z The following NEW packages will be installed:
2026-09-18T10:39:05.4540952Z   fonts-freefont-ttf fonts-ipafont-gothic fonts-liberation fonts-tlwg-loma-otf
2026-09-18T10:39:05.4546870Z   fonts-unifont fonts-wqy-zenhei xfonts-cyrillic xfonts-encodings
2026-09-18T10:39:05.4547348Z   xfonts-scalable xfonts-utils
2026-09-18T10:39:05.5587509Z 0 upgraded, 10 newly installed, 0 to remove and 70 not upgraded.
2026-09-18T10:39:05.5588043Z Need to get 22.7 MB of archives.
2026-09-18T10:39:05.5588794Z After this operation, 84.1 MB of additional disk space will be used.
2026-09-18T10:39:05.5589659Z Get:1 http://ports.ubuntu.com/ubuntu-ports noble/universe arm64 fonts-ipafont-gothic all 00303-21ubuntu1 [3513 kB]
2026-09-18T10:39:06.0798104Z Get:2 http://ports.ubuntu.com/ubuntu-ports noble/main arm64 fonts-freefont-ttf all 20211204+svn4273-2 [5641 kB]
2026-09-18T10:39:06.2254268Z Get:3 http://ports.ubuntu.com/ubuntu-ports noble/main arm64 fonts-liberation all 1:2.1.5-3 [1603 kB]
2026-09-18T10:39:06.2770860Z Get:4 http://ports.ubuntu.com/ubuntu-ports noble/universe arm64 fonts-tlwg-loma-otf all 1:0.7.3-1 [107 kB]
2026-09-18T10:39:06.3204849Z Get:5 http://ports.ubuntu.com/ubuntu-ports noble/universe arm64 fonts-unifont all 1:15.1.01-1build1 [2993 kB]
2026-09-18T10:39:06.3799468Z Get:6 http://ports.ubuntu.com/ubuntu-ports noble/universe arm64 fonts-wqy-zenhei all 0.9.45-8 [7472 kB]
2026-09-18T10:39:06.4832794Z Get:7 http://ports.ubuntu.com/ubuntu-ports noble/main arm64 xfonts-encodings all 1:1.0.5-0ubuntu2 [578 kB]
2026-09-18T10:39:06.5289579Z Get:8 http://ports.ubuntu.com/ubuntu-ports noble/main arm64 xfonts-utils arm64 1:7.7+6build3 [93.1 kB]
2026-09-18T10:39:06.5723474Z Get:9 http://ports.ubuntu.com/ubuntu-ports noble/universe arm64 xfonts-cyrillic all 1:1.0.5+nmu1 [384 kB]
2026-09-18T10:39:06.6171647Z Get:10 http://ports.ubuntu.com/ubuntu-ports noble/main arm64 xfonts-scalable all 1:1.0.3-1.3 [304 kB]
2026-09-18T10:39:06.8534015Z Fetched 22.7 MB in 1s (19.6 MB/s)
2026-09-18T10:39:06.8925040Z Selecting previously unselected package fonts-ipafont-gothic.
2026-09-18T10:39:06.9006981Z (Reading database ... 
2026-09-18T10:39:06.9013127Z (Reading database ... 5%
2026-09-18T10:39:06.9013416Z (Reading database ... 10%
2026-09-18T10:39:06.9013663Z (Reading database ... 15%
2026-09-18T10:39:06.9014087Z (Reading database ... 20%
2026-09-18T10:39:06.9014326Z (Reading database ... 25%
2026-09-18T10:39:06.9014653Z (Reading database ... 30%
2026-09-18T10:39:06.9014974Z (Reading database ... 35%
2026-09-18T10:39:06.9015287Z (Reading database ... 40%
2026-09-18T10:39:06.9015602Z (Reading database ... 45%
2026-09-18T10:39:06.9015906Z (Reading database ... 50%
2026-09-18T10:39:06.9016230Z (Reading database ... 55%
2026-09-18T10:39:06.9054617Z (Reading database ... 60%
2026-09-18T10:39:06.9078416Z (Reading database ... 65%
2026-09-18T10:39:06.9090231Z (Reading database ... 70%
2026-09-18T10:39:06.9108261Z (Reading database ... 75%
2026-09-18T10:39:06.9134828Z (Reading database ... 80%
2026-09-18T10:39:06.9235493Z (Reading database ... 85%
2026-09-18T10:39:06.9291448Z (Reading database ... 90%
2026-09-18T10:39:06.9437874Z (Reading database ... 95%
2026-09-18T10:39:06.9438139Z (Reading database ... 100%
2026-09-18T10:39:06.9438557Z (Reading database ... 201541 files and directories currently installed.)
2026-09-18T10:39:06.9468447Z Preparing to unpack .../0-fonts-ipafont-gothic_00303-21ubuntu1_all.deb ...
2026-09-18T10:39:06.9601511Z Unpacking fonts-ipafont-gothic (00303-21ubuntu1) ...
2026-09-18T10:39:07.1542410Z Selecting previously unselected package fonts-freefont-ttf.
2026-09-18T10:39:07.1706410Z Preparing to unpack .../1-fonts-freefont-ttf_20211204+svn4273-2_all.deb ...
2026-09-18T10:39:07.1719573Z Unpacking fonts-freefont-ttf (20211204+svn4273-2) ...
2026-09-18T10:39:07.2607975Z Selecting previously unselected package fonts-liberation.
2026-09-18T10:39:07.2769484Z Preparing to unpack .../2-fonts-liberation_1%3a2.1.5-3_all.deb ...
2026-09-18T10:39:07.2783803Z Unpacking fonts-liberation (1:2.1.5-3) ...
2026-09-18T10:39:07.3195894Z Selecting previously unselected package fonts-tlwg-loma-otf.
2026-09-18T10:39:07.3377041Z Preparing to unpack .../3-fonts-tlwg-loma-otf_1%3a0.7.3-1_all.deb ...
2026-09-18T10:39:07.3389788Z Unpacking fonts-tlwg-loma-otf (1:0.7.3-1) ...
2026-09-18T10:39:07.3591855Z Selecting previously unselected package fonts-unifont.
2026-09-18T10:39:07.3769042Z Preparing to unpack .../4-fonts-unifont_1%3a15.1.01-1build1_all.deb ...
2026-09-18T10:39:07.3780723Z Unpacking fonts-unifont (1:15.1.01-1build1) ...
2026-09-18T10:39:07.5397207Z Selecting previously unselected package fonts-wqy-zenhei.
2026-09-18T10:39:07.5571491Z Preparing to unpack .../5-fonts-wqy-zenhei_0.9.45-8_all.deb ...
2026-09-18T10:39:07.5660898Z Unpacking fonts-wqy-zenhei (0.9.45-8) ...
2026-09-18T10:39:07.9399019Z Selecting previously unselected package xfonts-encodings.
2026-09-18T10:39:07.9575723Z Preparing to unpack .../6-xfonts-encodings_1%3a1.0.5-0ubuntu2_all.deb ...
2026-09-18T10:39:07.9588549Z Unpacking xfonts-encodings (1:1.0.5-0ubuntu2) ...
2026-09-18T10:39:07.9845215Z Selecting previously unselected package xfonts-utils.
2026-09-18T10:39:08.0017324Z Preparing to unpack .../7-xfonts-utils_1%3a7.7+6build3_arm64.deb ...
2026-09-18T10:39:08.0029820Z Unpacking xfonts-utils (1:7.7+6build3) ...
2026-09-18T10:39:08.0393763Z Selecting previously unselected package xfonts-cyrillic.
2026-09-18T10:39:08.0580433Z Preparing to unpack .../8-xfonts-cyrillic_1%3a1.0.5+nmu1_all.deb ...
2026-09-18T10:39:08.0634595Z Unpacking xfonts-cyrillic (1:1.0.5+nmu1) ...
2026-09-18T10:39:08.0939873Z Selecting previously unselected package xfonts-scalable.
2026-09-18T10:39:08.1098616Z Preparing to unpack .../9-xfonts-scalable_1%3a1.0.3-1.3_all.deb ...
2026-09-18T10:39:08.1109835Z Unpacking xfonts-scalable (1:1.0.3-1.3) ...
2026-09-18T10:39:08.1605074Z Setting up fonts-wqy-zenhei (0.9.45-8) ...
2026-09-18T10:39:08.1718365Z Setting up fonts-freefont-ttf (20211204+svn4273-2) ...
2026-09-18T10:39:08.1742794Z Setting up fonts-tlwg-loma-otf (1:0.7.3-1) ...
2026-09-18T10:39:08.1767242Z Setting up xfonts-encodings (1:1.0.5-0ubuntu2) ...
2026-09-18T10:39:08.1790289Z Setting up fonts-ipafont-gothic (00303-21ubuntu1) ...
2026-09-18T10:39:08.1899562Z update-alternatives: using /usr/share/fonts/opentype/ipafont-gothic/ipag.ttf to provide /usr/share/fonts/truetype/fonts-japanese-gothic.ttf (fonts-japanese-gothic.ttf) in auto mode
2026-09-18T10:39:08.1918847Z Setting up fonts-liberation (1:2.1.5-3) ...
2026-09-18T10:39:08.1944171Z Setting up fonts-unifont (1:15.1.01-1build1) ...
2026-09-18T10:39:08.1970377Z Setting up xfonts-utils (1:7.7+6build3) ...
2026-09-18T10:39:08.2036547Z Setting up xfonts-cyrillic (1:1.0.5+nmu1) ...
2026-09-18T10:39:08.2488420Z Setting up xfonts-scalable (1:1.0.3-1.3) ...
2026-09-18T10:39:08.2820554Z Processing triggers for man-db (2.12.0-4build2) ...
2026-09-18T10:39:08.2846051Z Not building database; man-db/auto-update is not 'true'.
2026-09-18T10:39:08.2864283Z Processing triggers for fontconfig (2.15.0-1.1ubuntu2) ...
2026-09-18T10:39:10.6697358Z 
2026-09-18T10:39:10.6698158Z Running kernel seems to be up-to-date.
2026-09-18T10:39:10.6698496Z 
2026-09-18T10:39:10.6698670Z No services need to be restarted.
2026-09-18T10:39:10.6698839Z 
2026-09-18T10:39:10.6698996Z No containers need to be restarted.
2026-09-18T10:39:10.6699164Z 
2026-09-18T10:39:10.6699351Z No user sessions are running outdated binaries.
2026-09-18T10:39:10.6699553Z 
2026-09-18T10:39:10.6699844Z No VM guests are running outdated hypervisor (qemu) binaries on this host.
2026-09-18T10:39:11.7204730Z Downloading Chrome for Testing 153.0.8010.12 (playwright chromium v1243) from https://cdn.playwright.dev/builds/cft/153.0.8010.12/linux-arm64/chrome-linux-arm64.zip
2026-09-18T10:39:12.1415142Z |                                                                                |   0% of 186.8 MiB
2026-09-18T10:39:12.5712127Z |■■■■■■■■                                                                        |  10% of 186.8 MiB
2026-09-18T10:39:12.6505690Z |■■■■■■■■■■■■■■■■                                                                |  20% of 186.8 MiB
2026-09-18T10:39:12.7373435Z |■■■■■■■■■■■■■■■■■■■■■■■■                                                        |  30% of 186.8 MiB
2026-09-18T10:39:12.7951746Z |■■■■■■■■■■■■■■■■■■■■■■■■■■■■■■■■                                                |  40% of 186.8 MiB
2026-09-18T10:39:12.8655401Z |■■■■■■■■■■■■■■■■■■■■■■■■■■■■■■■■■■■■■■■■                                        |  50% of 186.8 MiB
2026-09-18T10:39:12.9457627Z |■■■■■■■■■■■■■■■■■■■■■■■■■■■■■■■■■■■■■■■■■■■■■■■■                                |  60% of 186.8 MiB
2026-09-18T10:39:13.0204318Z |■■■■■■■■■■■■■■■■■■■■■■■■■■■■■■■■■■■■■■■■■■■■■■■■■■■■■■■■                        |  70% of 186.8 MiB
2026-09-18T10:39:13.0880426Z |■■■■■■■■■■■■■■■■■■■■■■■■■■■■■■■■■■■■■■■■■■■■■■■■■■■■■■■■■■■■■■■■                |  80% of 186.8 MiB
2026-09-18T10:39:13.1517298Z |■■■■■■■■■■■■■■■■■■■■■■■■■■■■■■■■■■■■■■■■■■■■■■■■■■■■■■■■■■■■■■■■■■■■■■■■        |  90% of 186.8 MiB
2026-09-18T10:39:13.2092223Z |■■■■■■■■■■■■■■■■■■■■■■■■■■■■■■■■■■■■■■■■■■■■■■■■■■■■■■■■■■■■■■■■■■■■■■■■■■■■■■■■| 100% of 186.8 MiB
2026-09-18T10:39:15.4828096Z Chrome for Testing 153.0.8010.12 (playwright chromium v1243) downloaded to /home/runner/.cache/ms-playwright/chromium-1243
2026-09-18T10:39:15.4830471Z Downloading FFmpeg (playwright ffmpeg v1011) from https://cdn.playwright.dev/dbazure/download/playwright/builds/ffmpeg/1011/ffmpeg-linux-arm64.zip
2026-09-18T10:39:15.8420370Z |                                                                                |   0% of 1.6 MiB
2026-09-18T10:39:15.8725003Z |■■■■■■■■                                                                        |  10% of 1.6 MiB
2026-09-18T10:39:15.8867941Z |■■■■■■■■■■■■■■■■                                                                |  20% of 1.6 MiB
2026-09-18T10:39:15.8999800Z |■■■■■■■■■■■■■■■■■■■■■■■■                                                        |  30% of 1.6 MiB
2026-09-18T10:39:15.9116182Z |■■■■■■■■■■■■■■■■■■■■■■■■■■■■■■■■                                                |  40% of 1.6 MiB
2026-09-18T10:39:15.9137501Z |■■■■■■■■■■■■■■■■■■■■■■■■■■■■■■■■■■■■■■■■                                        |  50% of 1.6 MiB
2026-09-18T10:39:15.9256237Z |■■■■■■■■■■■■■■■■■■■■■■■■■■■■■■■■■■■■■■■■■■■■■■■■                                |  60% of 1.6 MiB
2026-09-18T10:39:15.9305234Z |■■■■■■■■■■■■■■■■■■■■■■■■■■■■■■■■■■■■■■■■■■■■■■■■■■■■■■■■                        |  70% of 1.6 MiB
2026-09-18T10:39:15.9380209Z |■■■■■■■■■■■■■■■■■■■■■■■■■■■■■■■■■■■■■■■■■■■■■■■■■■■■■■■■■■■■■■■■                |  80% of 1.6 MiB
2026-09-18T10:39:15.9398033Z |■■■■■■■■■■■■■■■■■■■■■■■■■■■■■■■■■■■■■■■■■■■■■■■■■■■■■■■■■■■■■■■■■■■■■■■■        |  90% of 1.6 MiB
2026-09-18T10:39:15.9416823Z |■■■■■■■■■■■■■■■■■■■■■■■■■■■■■■■■■■■■■■■■■■■■■■■■■■■■■■■■■■■■■■■■■■■■■■■■■■■■■■■■| 100% of 1.6 MiB
2026-09-18T10:39:15.9783670Z FFmpeg (playwright ffmpeg v1011) downloaded to /home/runner/.cache/ms-playwright/ffmpeg-1011
2026-09-18T10:39:15.9786452Z Downloading Chrome Headless Shell 153.0.8010.12 (playwright chromium-headless-shell v1243) from https://cdn.playwright.dev/builds/cft/153.0.8010.12/linux-arm64/chrome-headless-shell-linux-arm64.zip
2026-09-18T10:39:16.3685408Z |                                                                                |   0% of 114.7 MiB
2026-09-18T10:39:16.7595464Z |■■■■■■■■                                                                        |  10% of 114.7 MiB
2026-09-18T10:39:16.8398723Z |■■■■■■■■■■■■■■■■                                                                |  20% of 114.7 MiB
2026-09-18T10:39:16.9103499Z |■■■■■■■■■■■■■■■■■■■■■■■■                                                        |  30% of 114.7 MiB
2026-09-18T10:39:16.9836103Z |■■■■■■■■■■■■■■■■■■■■■■■■■■■■■■■■                                                |  40% of 114.7 MiB
2026-09-18T10:39:17.0533436Z |■■■■■■■■■■■■■■■■■■■■■■■■■■■■■■■■■■■■■■■■                                        |  50% of 114.7 MiB
2026-09-18T10:39:17.1194799Z |■■■■■■■■■■■■■■■■■■■■■■■■■■■■■■■■■■■■■■■■■■■■■■■■                                |  60% of 114.7 MiB
2026-09-18T10:39:17.1976864Z |■■■■■■■■■■■■■■■■■■■■■■■■■■■■■■■■■■■■■■■■■■■■■■■■■■■■■■■■                        |  70% of 114.7 MiB
2026-09-18T10:39:17.2558516Z |■■■■■■■■■■■■■■■■■■■■■■■■■■■■■■■■■■■■■■■■■■■■■■■■■■■■■■■■■■■■■■■■                |  80% of 114.7 MiB
2026-09-18T10:39:17.3273318Z |■■■■■■■■■■■■■■■■■■■■■■■■■■■■■■■■■■■■■■■■■■■■■■■■■■■■■■■■■■■■■■■■■■■■■■■■        |  90% of 114.7 MiB
2026-09-18T10:39:17.3924176Z |■■■■■■■■■■■■■■■■■■■■■■■■■■■■■■■■■■■■■■■■■■■■■■■■■■■■■■■■■■■■■■■■■■■■■■■■■■■■■■■■| 100% of 114.7 MiB
2026-09-18T10:39:19.1792805Z Chrome Headless Shell 153.0.8010.12 (playwright chromium-headless-shell v1243) downloaded to /home/runner/.cache/ms-playwright/chromium_headless_shell-1243
2026-09-18T10:39:19.2065717Z ##[end-action id=__self.__run_3;outcome=success;conclusion=success;duration_ms=26870]
2026-09-18T10:39:19.2129796Z ##[group]Run docker/setup-buildx-action@37fe631027851001ddb9b187196cc803df7f5f0e
2026-09-18T10:39:19.2130201Z with:
2026-09-18T10:39:19.2130381Z   driver: docker-container
2026-09-18T10:39:19.2130618Z   use: true
2026-09-18T10:39:19.2130784Z   keep-state: false
2026-09-18T10:39:19.2130966Z   cache-binary: true
2026-09-18T10:39:19.2131153Z   cleanup: true
2026-09-18T10:39:19.2131318Z env:
2026-09-18T10:39:19.2131477Z   GOTOOLCHAIN: local
2026-09-18T10:39:19.2131713Z   PNPM_HOME: /home/runner/setup-pnpm/node_modules/.bin
2026-09-18T10:39:19.2131986Z ##[endgroup]
2026-09-18T10:39:19.3652411Z ##[group]Docker info
2026-09-18T10:39:19.3676969Z [command]/usr/bin/docker version
2026-09-18T10:39:19.4689567Z Client: Docker Engine - Community
2026-09-18T10:39:19.4690342Z  Version:           28.0.4
2026-09-18T10:39:19.4690658Z  API version:       1.48
2026-09-18T10:39:19.4690903Z  Go version:        go1.23.7
2026-09-18T10:39:19.4691139Z  Git commit:        b8034c0
2026-09-18T10:39:19.4691497Z  Built:             Tue Mar 25 15:07:55 2025
2026-09-18T10:39:19.4691795Z  OS/Arch:           linux/arm64
2026-09-18T10:39:19.4692030Z  Context:           default
2026-09-18T10:39:19.4692172Z 
2026-09-18T10:39:19.4692480Z Server: Docker Engine - Community
2026-09-18T10:39:19.4693209Z  Engine:
2026-09-18T10:39:19.4693413Z   Version:          28.0.4
2026-09-18T10:39:19.4693712Z   API version:      1.48 (minimum version 1.24)
2026-09-18T10:39:19.4694003Z   Go version:       go1.23.7
2026-09-18T10:39:19.4694238Z   Git commit:       6430e49
2026-09-18T10:39:19.4694517Z   Built:            Tue Mar 25 15:07:55 2025
2026-09-18T10:39:19.4694813Z   OS/Arch:          linux/arm64
2026-09-18T10:39:19.4695053Z   Experimental:     false
2026-09-18T10:39:19.4695268Z  containerd:
2026-09-18T10:39:19.4695467Z   Version:          v2.3.4
2026-09-18T10:39:19.4695804Z   GitCommit:        db8809540e1a7a9da5d518876894933ff55692ab
2026-09-18T10:39:19.4696096Z  runc:
2026-09-18T10:39:19.4696288Z   Version:          1.5.1
2026-09-18T10:39:19.4696563Z   GitCommit:        v1.5.1-0-g8f2685a4
2026-09-18T10:39:19.4696811Z  docker-init:
2026-09-18T10:39:19.4697010Z   Version:          0.19.0
2026-09-18T10:39:19.4697238Z   GitCommit:        de40ad0
2026-09-18T10:39:19.4737527Z [command]/usr/bin/docker info
2026-09-18T10:39:19.6611479Z Client: Docker Engine - Community
2026-09-18T10:39:19.6611803Z  Version:    28.0.4
2026-09-18T10:39:19.6612018Z  Context:    default
2026-09-18T10:39:19.6612223Z  Debug Mode: false
2026-09-18T10:39:19.6612685Z  Plugins:
2026-09-18T10:39:19.6612960Z   buildx: Docker Buildx (Docker Inc.)
2026-09-18T10:39:19.6613230Z     Version:  v0.37.0
2026-09-18T10:39:19.6613587Z     Path:     /usr/libexec/docker/cli-plugins/docker-buildx
2026-09-18T10:39:19.6613959Z   compose: Docker Compose (Docker Inc.)
2026-09-18T10:39:19.6614229Z     Version:  v2.38.2
2026-09-18T10:39:19.6614581Z     Path:     /usr/libexec/docker/cli-plugins/docker-compose
2026-09-18T10:39:19.6614808Z 
2026-09-18T10:39:19.6614882Z Server:
2026-09-18T10:39:19.6615088Z  Containers: 0
2026-09-18T10:39:19.6615285Z   Running: 0
2026-09-18T10:39:19.6615468Z   Paused: 0
2026-09-18T10:39:19.6615645Z   Stopped: 0
2026-09-18T10:39:19.6615820Z  Images: 6
2026-09-18T10:39:19.6616008Z  Server Version: 28.0.4
2026-09-18T10:39:19.6616247Z  Storage Driver: overlay2
2026-09-18T10:39:19.6616491Z   Backing Filesystem: extfs
2026-09-18T10:39:19.6616727Z   Supports d_type: true
2026-09-18T10:39:19.6616956Z   Using metacopy: false
2026-09-18T10:39:19.6617192Z   Native Overlay Diff: false
2026-09-18T10:39:19.6617426Z   userxattr: false
2026-09-18T10:39:19.6617687Z  Logging Driver: json-file
2026-09-18T10:39:19.6617915Z  Cgroup Driver: systemd
2026-09-18T10:39:19.6618128Z  Cgroup Version: 2
2026-09-18T10:39:19.6618315Z  Plugins:
2026-09-18T10:39:19.6618495Z   Volume: local
2026-09-18T10:39:19.6618778Z   Network: bridge host ipvlan macvlan null overlay
2026-09-18T10:39:19.6619253Z   Log: awslogs fluentd gcplogs gelf journald json-file local splunk syslog
2026-09-18T10:39:19.6620140Z  Swarm: inactive
2026-09-18T10:39:19.6620434Z  Runtimes: io.containerd.runc.v2 runc
2026-09-18T10:39:19.6620695Z  Default Runtime: runc
2026-09-18T10:39:19.6620920Z  Init Binary: docker-init
2026-09-18T10:39:19.6621257Z  containerd version: db8809540e1a7a9da5d518876894933ff55692ab
2026-09-18T10:39:19.6621619Z  runc version: v1.5.1-0-g8f2685a4
2026-09-18T10:39:19.6621865Z  init version: de40ad0
2026-09-18T10:39:19.6622073Z  Security Options:
2026-09-18T10:39:19.6622570Z   apparmor
2026-09-18T10:39:19.6622768Z   seccomp
2026-09-18T10:39:19.6622961Z    Profile: builtin
2026-09-18T10:39:19.6623156Z   cgroupns
2026-09-18T10:39:19.6623371Z  Kernel Version: 6.17.0-1022-azure
2026-09-18T10:39:19.6623656Z  Operating System: Ubuntu 24.04.5 LTS
2026-09-18T10:39:19.6623902Z  OSType: linux
2026-09-18T10:39:19.6624096Z  Architecture: aarch64
2026-09-18T10:39:19.6624293Z  CPUs: 4
2026-09-18T10:39:19.6624481Z  Total Memory: 15.57GiB
2026-09-18T10:39:19.6624694Z  Name: runnervmec22z
2026-09-18T10:39:19.6624956Z  ID: 8fc5ed90-897d-4ea1-b0c8-6fc58a5609a2
2026-09-18T10:39:19.6625256Z  Docker Root Dir: /var/lib/docker
2026-09-18T10:39:19.6625494Z  Debug Mode: false
2026-09-18T10:39:19.6625699Z  Username: githubactions
2026-09-18T10:39:19.6625923Z  Experimental: false
2026-09-18T10:39:19.6626402Z  Insecure Registries:
2026-09-18T10:39:19.6626645Z   ::1/128
2026-09-18T10:39:19.6626825Z   127.0.0.0/8
2026-09-18T10:39:19.6627029Z  Live Restore Enabled: false
2026-09-18T10:39:19.6627179Z 
2026-09-18T10:39:19.6629162Z ##[endgroup]
2026-09-18T10:39:19.7268236Z ##[group]Buildx version
2026-09-18T10:39:19.7292432Z [command]/usr/bin/docker buildx version
2026-09-18T10:39:19.7739011Z github.com/docker/buildx v0.37.0 ac30b249211430b85fb8f37b6e7154b5c47ba0b6
2026-09-18T10:39:19.7768109Z ##[endgroup]
2026-09-18T10:39:19.7967544Z ##[group]Inspecting default docker context
2026-09-18T10:39:19.8099783Z [
2026-09-18T10:39:19.8100140Z   {
2026-09-18T10:39:19.8100356Z     "Name": "default",
2026-09-18T10:39:19.8100595Z     "Metadata": {},
2026-09-18T10:39:19.8100841Z     "Endpoints": {
2026-09-18T10:39:19.8101057Z       "docker": {
2026-09-18T10:39:19.8101386Z         "Host": "unix:///var/run/docker.sock",
2026-09-18T10:39:19.8101734Z         "SkipTLSVerify": false
2026-09-18T10:39:19.8101977Z       }
2026-09-18T10:39:19.8102146Z     },
2026-09-18T10:39:19.8102537Z     "TLSMaterial": {},
2026-09-18T10:39:19.8102782Z     "Storage": {
2026-09-18T10:39:19.8103057Z       "MetadataPath": "<IN MEMORY>",
2026-09-18T10:39:19.8103362Z       "TLSPath": "<IN MEMORY>"
2026-09-18T10:39:19.8103569Z     }
2026-09-18T10:39:19.8103923Z   }
2026-09-18T10:39:19.8104079Z ]
2026-09-18T10:39:19.8104448Z ##[endgroup]
2026-09-18T10:39:19.8104779Z ##[group]Creating a new builder instance
2026-09-18T10:39:19.9115950Z [command]/usr/bin/docker buildx create --name builder-b74b8d03-02a8-46e0-8676-8c83a605b3bc --driver docker-container --buildkitd-flags --allow-insecure-entitlement security.insecure --allow-insecure-entitlement network.host --use
2026-09-18T10:39:19.9629129Z builder-b74b8d03-02a8-46e0-8676-8c83a605b3bc
2026-09-18T10:39:19.9658280Z ##[endgroup]
2026-09-18T10:39:19.9658641Z ##[group]Booting builder
2026-09-18T10:39:19.9705808Z [command]/usr/bin/docker buildx inspect --bootstrap --builder builder-b74b8d03-02a8-46e0-8676-8c83a605b3bc
2026-09-18T10:39:20.0132106Z #1 [internal] booting buildkit
2026-09-18T10:39:20.1638116Z #1 pulling image moby/buildkit:buildx-stable-1
2026-09-18T10:39:26.9499800Z #1 pulling image moby/buildkit:buildx-stable-1 6.9s done
2026-09-18T10:39:27.1020755Z #1 creating container buildx_buildkit_builder-b74b8d03-02a8-46e0-8676-8c83a605b3bc0
2026-09-18T10:39:27.2852770Z #1 creating container buildx_buildkit_builder-b74b8d03-02a8-46e0-8676-8c83a605b3bc0 0.3s done
2026-09-18T10:39:27.3155626Z #1 DONE 7.3s
2026-09-18T10:39:27.3442976Z Name:          builder-b74b8d03-02a8-46e0-8676-8c83a605b3bc
2026-09-18T10:39:27.3443401Z Driver:        docker-container
2026-09-18T10:39:27.3443737Z Last Activity: 2026-09-18 10:39:19 +0000 UTC
2026-09-18T10:39:27.3443928Z 
2026-09-18T10:39:27.3444493Z Nodes:
2026-09-18T10:39:27.3445100Z Name:                  builder-b74b8d03-02a8-46e0-8676-8c83a605b3bc0
2026-09-18T10:39:27.3445543Z Endpoint:              unix:///var/run/docker.sock
2026-09-18T10:39:27.3445883Z Status:                running
2026-09-18T10:39:27.3446525Z BuildKit daemon flags: --allow-insecure-entitlement security.insecure --allow-insecure-entitlement network.host
2026-09-18T10:39:27.3447079Z BuildKit version:      v0.32.2
2026-09-18T10:39:27.3447445Z Platforms:             linux/arm64, linux/arm/v7, linux/arm/v6
2026-09-18T10:39:27.3447745Z Labels:
2026-09-18T10:39:27.3448044Z  org.mobyproject.buildkit.worker.executor:         oci
2026-09-18T10:39:27.3448498Z  org.mobyproject.buildkit.worker.hostname:         bd38c586b9af
2026-09-18T10:39:27.3448948Z  org.mobyproject.buildkit.worker.network:          host
2026-09-18T10:39:27.3449395Z  org.mobyproject.buildkit.worker.oci.process-mode: sandbox
2026-09-18T10:39:27.3449851Z  org.mobyproject.buildkit.worker.selinux.enabled:  false
2026-09-18T10:39:27.3450308Z  org.mobyproject.buildkit.worker.snapshotter:      overlayfs
2026-09-18T10:39:27.3450649Z GC Policy rule#0:
2026-09-18T10:39:27.3450852Z  All:            false
2026-09-18T10:39:27.3451561Z  Filters:        type==source.local type==exec.cachemount type==source.git.checkout
2026-09-18T10:39:27.3451960Z  Keep Duration:  48h0m0s
2026-09-18T10:39:27.3452192Z  Max Used Space: 488.3MiB
2026-09-18T10:39:27.3452765Z GC Policy rule#1:
2026-09-18T10:39:27.3452978Z  All:            false
2026-09-18T10:39:27.3453192Z  Keep Duration:  1440h0m0s
2026-09-18T10:39:27.3453421Z  Reserved Space: 9.313GiB
2026-09-18T10:39:27.3453647Z  Max Used Space: 93.13GiB
2026-09-18T10:39:27.3453870Z  Min Free Space: 27.01GiB
2026-09-18T10:39:27.3454091Z GC Policy rule#2:
2026-09-18T10:39:27.3454285Z  All:            false
2026-09-18T10:39:27.3454497Z  Reserved Space: 9.313GiB
2026-09-18T10:39:27.3454723Z  Max Used Space: 93.13GiB
2026-09-18T10:39:27.3454949Z  Min Free Space: 27.01GiB
2026-09-18T10:39:27.3455177Z GC Policy rule#3:
2026-09-18T10:39:27.3455374Z  All:            true
2026-09-18T10:39:27.3455583Z  Reserved Space: 9.313GiB
2026-09-18T10:39:27.3455810Z  Max Used Space: 93.13GiB
2026-09-18T10:39:27.3456032Z  Min Free Space: 27.01GiB
2026-09-18T10:39:27.3491664Z ##[endgroup]
2026-09-18T10:39:27.4264209Z ##[group]Inspect builder
2026-09-18T10:39:27.4268305Z {
2026-09-18T10:39:27.4268924Z   "nodes": [
2026-09-18T10:39:27.4269165Z     {
2026-09-18T10:39:27.4269545Z       "name": "builder-b74b8d03-02a8-46e0-8676-8c83a605b3bc0",
2026-09-18T10:39:27.4270018Z       "endpoint": "unix:///var/run/docker.sock",
2026-09-18T10:39:27.4270337Z       "status": "running",
2026-09-18T10:39:27.4273020Z       "buildkitd-flags": "--allow-insecure-entitlement security.insecure --allow-insecure-entitlement network.host",
2026-09-18T10:39:27.4273665Z       "buildkit": "v0.32.2",
2026-09-18T10:39:27.4274064Z       "platforms": "linux/arm64,linux/arm/v7,linux/arm/v6",
2026-09-18T10:39:27.4274390Z       "features": {
2026-09-18T10:39:27.4274899Z         "Automatically load images to the Docker Engine image store": true,
2026-09-18T10:39:27.4275308Z         "Cache export": true,
2026-09-18T10:39:27.4275586Z         "Direct push": true,
2026-09-18T10:39:27.4275906Z         "Docker exporter": true,
2026-09-18T10:39:27.4276238Z         "Multi-platform build": true,
2026-09-18T10:39:27.4277364Z         "OCI exporter": true
2026-09-18T10:39:27.4277656Z       },
2026-09-18T10:39:27.4279482Z       "labels": {
2026-09-18T10:39:27.4280073Z         "org.mobyproject.buildkit.worker.executor": "oci",
2026-09-18T10:39:27.4280641Z         "org.mobyproject.buildkit.worker.hostname": "bd38c586b9af",
2026-09-18T10:39:27.4281177Z         "org.mobyproject.buildkit.worker.network": "host",
2026-09-18T10:39:27.4281747Z         "org.mobyproject.buildkit.worker.oci.process-mode": "sandbox",
2026-09-18T10:39:27.4282426Z         "org.mobyproject.buildkit.worker.selinux.enabled": "false",
2026-09-18T10:39:27.4283418Z         "org.mobyproject.buildkit.worker.snapshotter": "overlayfs"
2026-09-18T10:39:27.4283778Z       },
2026-09-18T10:39:27.4283982Z       "gcPolicy": [
2026-09-18T10:39:27.4284181Z         {
2026-09-18T10:39:27.4284397Z           "all": false,
2026-09-18T10:39:27.4284642Z           "filter": [
2026-09-18T10:39:27.4285202Z             "type==source.local type==exec.cachemount type==source.git.checkout"
2026-09-18T10:39:27.4285577Z           ],
2026-09-18T10:39:27.4285861Z           "keepDuration": "48h0m0s",
2026-09-18T10:39:27.4286204Z           "maxUsedSpace": "488.3MiB"
2026-09-18T10:39:27.4286449Z         },
2026-09-18T10:39:27.4286629Z         {
2026-09-18T10:39:27.4286845Z           "all": false,
2026-09-18T10:39:27.4287190Z           "keepDuration": "1440h0m0s",
2026-09-18T10:39:27.4287547Z           "reservedSpace": "9.313GiB",
2026-09-18T10:39:27.4287894Z           "maxUsedSpace": "93.13GiB",
2026-09-18T10:39:27.4288233Z           "minFreeSpace": "27.01GiB"
2026-09-18T10:39:27.4288476Z         },
2026-09-18T10:39:27.4288651Z         {
2026-09-18T10:39:27.4288871Z           "all": false,
2026-09-18T10:39:27.4289191Z           "reservedSpace": "9.313GiB",
2026-09-18T10:39:27.4289542Z           "maxUsedSpace": "93.13GiB",
2026-09-18T10:39:27.4289880Z           "minFreeSpace": "27.01GiB"
2026-09-18T10:39:27.4290399Z         },
2026-09-18T10:39:27.4290582Z         {
2026-09-18T10:39:27.4290795Z           "all": true,
2026-09-18T10:39:27.4291105Z           "reservedSpace": "9.313GiB",
2026-09-18T10:39:27.4291453Z           "maxUsedSpace": "93.13GiB",
2026-09-18T10:39:27.4291800Z           "minFreeSpace": "27.01GiB"
2026-09-18T10:39:27.4292039Z         }
2026-09-18T10:39:27.4292215Z       ]
2026-09-18T10:39:27.4292565Z     }
2026-09-18T10:39:27.4292738Z   ],
2026-09-18T10:39:27.4293032Z   "name": "builder-b74b8d03-02a8-46e0-8676-8c83a605b3bc",
2026-09-18T10:39:27.4293376Z   "driver": "docker-container",
2026-09-18T10:39:27.4293680Z   "lastActivity": "2026-09-18T10:39:19.000Z"
2026-09-18T10:39:27.4293921Z }
2026-09-18T10:39:27.4294286Z ##[endgroup]
2026-09-18T10:39:27.4294598Z ##[group]BuildKit version
2026-09-18T10:39:27.4294937Z builder-b74b8d03-02a8-46e0-8676-8c83a605b3bc0: v0.32.2
2026-09-18T10:39:27.4295343Z ##[endgroup]
2026-09-18T10:39:27.4399833Z ##[group]Run docker/login-action@dbcb813823bdd20940b903addbd779551569679f
2026-09-18T10:39:27.4400222Z with:
2026-09-18T10:39:27.4400396Z   registry: ghcr.io
2026-09-18T10:39:27.4400582Z   username: tyk-swe
2026-09-18T10:39:27.4403457Z   password: ***
2026-09-18T10:39:27.4403656Z   logout: true
2026-09-18T10:39:27.4403820Z env:
2026-09-18T10:39:27.4403984Z   GOTOOLCHAIN: local
2026-09-18T10:39:27.4404223Z   PNPM_HOME: /home/runner/setup-pnpm/node_modules/.bin
2026-09-18T10:39:27.4404503Z ##[endgroup]
2026-09-18T10:39:27.6114272Z Logging into ghcr.io...
2026-09-18T10:39:28.0002681Z Login Succeeded!
2026-09-18T10:39:28.0130397Z ##[group]Run ./scripts/qualify-image.sh
2026-09-18T10:39:28.0130751Z ./scripts/qualify-image.sh
2026-09-18T10:39:28.0165510Z shell: /usr/bin/bash --noprofile --norc -e -o pipefail {0}
2026-09-18T10:39:28.0165819Z env:
2026-09-18T10:39:28.0165988Z   GOTOOLCHAIN: local
2026-09-18T10:39:28.0166228Z   PNPM_HOME: /home/runner/setup-pnpm/node_modules/.bin
2026-09-18T10:39:28.0166763Z   OLP_CONSOLE_E2E_IMAGE: ghcr.io/tyk-swe/olp@sha256:0c7495977bf5a837c7d3d0fa9d21c557a7ddbabb5eb08213ec51d45a458de09d
2026-09-18T10:39:28.0167284Z   OLP_IMAGE_PLATFORM: linux/arm64
2026-09-18T10:39:28.0167507Z ##[endgroup]
2026-09-18T10:39:28.6446307Z ghcr.io/tyk-swe/olp@sha256:0c7495977bf5a837c7d3d0fa9d21c557a7ddbabb5eb08213ec51d45a458de09d: Pulling from tyk-swe/olp
2026-09-18T10:39:28.7754881Z 7e92c448ce8a: Pulling fs layer
2026-09-18T10:39:28.7755768Z c172f21841df: Pulling fs layer
2026-09-18T10:39:28.7756131Z 99515e7b4d35: Pulling fs layer
2026-09-18T10:39:28.7756486Z 99ba982a9142: Pulling fs layer
2026-09-18T10:39:28.7756761Z d6b1b89eccac: Pulling fs layer
2026-09-18T10:39:28.7757030Z 2780920e5dbf: Pulling fs layer
2026-09-18T10:39:28.7757294Z 7c12895b777b: Pulling fs layer
2026-09-18T10:39:28.7757563Z 3214acf345c0: Pulling fs layer
2026-09-18T10:39:28.7757833Z 52630fc75a18: Pulling fs layer
2026-09-18T10:39:28.7758100Z dd64bf2dd177: Pulling fs layer
2026-09-18T10:39:28.7758372Z b839dfae01f6: Pulling fs layer
2026-09-18T10:39:28.7758661Z ebddc55facdc: Pulling fs layer
2026-09-18T10:39:28.7758935Z 6ed1ef0cb115: Pulling fs layer
2026-09-18T10:39:28.7759204Z 97c08299c762: Pulling fs layer
2026-09-18T10:39:28.7759471Z d858c35c6c86: Pulling fs layer
2026-09-18T10:39:28.7759736Z 52b2cf548ae5: Pulling fs layer
2026-09-18T10:39:28.7760007Z 8072b5a0f795: Pulling fs layer
2026-09-18T10:39:28.7760272Z 77d3479ca1b9: Pulling fs layer
2026-09-18T10:39:28.7760543Z 35d8e5f294cf: Pulling fs layer
2026-09-18T10:39:28.7760817Z ff43311d121d: Pulling fs layer
2026-09-18T10:39:28.7761096Z 278aecde295e: Pulling fs layer
2026-09-18T10:39:28.7761368Z 2660d7e10022: Pulling fs layer
2026-09-18T10:39:28.7761634Z 25038d39a3bb: Pulling fs layer
2026-09-18T10:39:28.7762023Z 4261d0f5b44f: Pulling fs layer
2026-09-18T10:39:28.7762588Z 2312916ac963: Pulling fs layer
2026-09-18T10:39:28.7762930Z a4e571a62fc2: Pulling fs layer
2026-09-18T10:39:28.7763178Z 97c08299c762: Waiting
2026-09-18T10:39:28.7763392Z d858c35c6c86: Waiting
2026-09-18T10:39:28.7763599Z 52b2cf548ae5: Waiting
2026-09-18T10:39:28.7764415Z 8072b5a0f795: Waiting
2026-09-18T10:39:28.7764631Z 77d3479ca1b9: Waiting
2026-09-18T10:39:28.7764840Z 35d8e5f294cf: Waiting
2026-09-18T10:39:28.7765047Z ff43311d121d: Waiting
2026-09-18T10:39:28.7765257Z 278aecde295e: Waiting
2026-09-18T10:39:28.7765462Z 2660d7e10022: Waiting
2026-09-18T10:39:28.7765667Z 25038d39a3bb: Waiting
2026-09-18T10:39:28.7765879Z 4261d0f5b44f: Waiting
2026-09-18T10:39:28.7766083Z 2312916ac963: Waiting
2026-09-18T10:39:28.7766288Z a4e571a62fc2: Waiting
2026-09-18T10:39:28.7766501Z 99ba982a9142: Waiting
2026-09-18T10:39:28.7766717Z dd64bf2dd177: Waiting
2026-09-18T10:39:28.7766930Z d6b1b89eccac: Waiting
2026-09-18T10:39:28.7767141Z b839dfae01f6: Waiting
2026-09-18T10:39:28.7767350Z 2780920e5dbf: Waiting
2026-09-18T10:39:28.7767561Z ebddc55facdc: Waiting
2026-09-18T10:39:28.7767774Z 6ed1ef0cb115: Waiting
2026-09-18T10:39:28.7767987Z 3214acf345c0: Waiting
2026-09-18T10:39:28.7768193Z 7c12895b777b: Waiting
2026-09-18T10:39:28.7768400Z 52630fc75a18: Waiting
2026-09-18T10:39:28.9604991Z c172f21841df: Verifying Checksum
2026-09-18T10:39:28.9605339Z c172f21841df: Download complete
2026-09-18T10:39:29.0047702Z 99515e7b4d35: Verifying Checksum
2026-09-18T10:39:29.0048044Z 99515e7b4d35: Download complete
2026-09-18T10:39:29.0127949Z 7e92c448ce8a: Download complete
2026-09-18T10:39:29.0288042Z 7e92c448ce8a: Pull complete
2026-09-18T10:39:29.0537884Z c172f21841df: Pull complete
2026-09-18T10:39:29.1614809Z 2780920e5dbf: Download complete
2026-09-18T10:39:29.1750836Z 99515e7b4d35: Pull complete
2026-09-18T10:39:29.1801289Z 99ba982a9142: Verifying Checksum
2026-09-18T10:39:29.1801810Z d6b1b89eccac: Verifying Checksum
2026-09-18T10:39:29.1803481Z d6b1b89eccac: Download complete
2026-09-18T10:39:29.3024041Z 99ba982a9142: Pull complete
2026-09-18T10:39:29.3156994Z d6b1b89eccac: Pull complete
2026-09-18T10:39:29.3222412Z 52630fc75a18: Verifying Checksum
2026-09-18T10:39:29.3223302Z 52630fc75a18: Download complete
2026-09-18T10:39:29.3260158Z 2780920e5dbf: Pull complete
2026-09-18T10:39:29.3324667Z 7c12895b777b: Verifying Checksum
2026-09-18T10:39:29.3325385Z 7c12895b777b: Download complete
2026-09-18T10:39:29.3386637Z 3214acf345c0: Verifying Checksum
2026-09-18T10:39:29.3388975Z 3214acf345c0: Download complete
2026-09-18T10:39:29.3451193Z 7c12895b777b: Pull complete
2026-09-18T10:39:29.3554262Z 3214acf345c0: Pull complete
2026-09-18T10:39:29.3655148Z 52630fc75a18: Pull complete
2026-09-18T10:39:29.4774314Z ebddc55facdc: Verifying Checksum
2026-09-18T10:39:29.4775091Z ebddc55facdc: Download complete
2026-09-18T10:39:29.4887588Z dd64bf2dd177: Download complete
2026-09-18T10:39:29.4977398Z dd64bf2dd177: Pull complete
2026-09-18T10:39:29.5161275Z b839dfae01f6: Verifying Checksum
2026-09-18T10:39:29.5161795Z b839dfae01f6: Download complete
2026-09-18T10:39:29.5242820Z b839dfae01f6: Pull complete
2026-09-18T10:39:29.5343574Z ebddc55facdc: Pull complete
2026-09-18T10:39:29.6701877Z 6ed1ef0cb115: Download complete
2026-09-18T10:39:29.6847417Z 6ed1ef0cb115: Pull complete
2026-09-18T10:39:29.8155798Z 97c08299c762: Verifying Checksum
2026-09-18T10:39:29.8159457Z 97c08299c762: Download complete
2026-09-18T10:39:29.8359193Z d858c35c6c86: Verifying Checksum
2026-09-18T10:39:29.8359725Z d858c35c6c86: Download complete
2026-09-18T10:39:29.8644360Z 52b2cf548ae5: Verifying Checksum
2026-09-18T10:39:29.8644716Z 52b2cf548ae5: Download complete
2026-09-18T10:39:30.0056659Z 8072b5a0f795: Verifying Checksum
2026-09-18T10:39:30.0057019Z 8072b5a0f795: Download complete
2026-09-18T10:39:30.0209393Z 77d3479ca1b9: Verifying Checksum
2026-09-18T10:39:30.0209772Z 77d3479ca1b9: Download complete
2026-09-18T10:39:30.0847144Z 97c08299c762: Pull complete
2026-09-18T10:39:30.1196865Z 35d8e5f294cf: Verifying Checksum
2026-09-18T10:39:30.1197220Z 35d8e5f294cf: Download complete
2026-09-18T10:39:30.1600935Z ff43311d121d: Verifying Checksum
2026-09-18T10:39:30.1601425Z ff43311d121d: Download complete
2026-09-18T10:39:30.1650898Z d858c35c6c86: Pull complete
2026-09-18T10:39:30.1901382Z 52b2cf548ae5: Pull complete
2026-09-18T10:39:30.2056992Z 8072b5a0f795: Pull complete
2026-09-18T10:39:30.2263869Z 278aecde295e: Verifying Checksum
2026-09-18T10:39:30.2264222Z 278aecde295e: Download complete
2026-09-18T10:39:30.2410187Z 77d3479ca1b9: Pull complete
2026-09-18T10:39:30.2797143Z 35d8e5f294cf: Pull complete
2026-09-18T10:39:30.2975557Z ff43311d121d: Pull complete
2026-09-18T10:39:30.3135076Z 278aecde295e: Pull complete
2026-09-18T10:39:30.3702795Z 25038d39a3bb: Download complete
2026-09-18T10:39:30.4388926Z 4261d0f5b44f: Verifying Checksum
2026-09-18T10:39:30.4389317Z 4261d0f5b44f: Download complete
2026-09-18T10:39:30.5530578Z 2660d7e10022: Verifying Checksum
2026-09-18T10:39:30.5530933Z 2660d7e10022: Download complete
2026-09-18T10:39:30.6213223Z 2312916ac963: Verifying Checksum
2026-09-18T10:39:30.6213580Z 2312916ac963: Download complete
2026-09-18T10:39:30.6517818Z a4e571a62fc2: Verifying Checksum
2026-09-18T10:39:30.6518199Z a4e571a62fc2: Download complete
2026-09-18T10:39:30.8400625Z 2660d7e10022: Pull complete
2026-09-18T10:39:30.8745339Z 25038d39a3bb: Pull complete
2026-09-18T10:39:30.8905648Z 4261d0f5b44f: Pull complete
2026-09-18T10:39:31.0036734Z 2312916ac963: Pull complete
2026-09-18T10:39:31.0180027Z a4e571a62fc2: Pull complete
2026-09-18T10:39:31.0237893Z Digest: sha256:0c7495977bf5a837c7d3d0fa9d21c557a7ddbabb5eb08213ec51d45a458de09d
2026-09-18T10:39:31.0246139Z Status: Downloaded newer image for ghcr.io/tyk-swe/olp@sha256:0c7495977bf5a837c7d3d0fa9d21c557a7ddbabb5eb08213ec51d45a458de09d
2026-09-18T10:39:31.0258056Z ghcr.io/tyk-swe/olp@sha256:0c7495977bf5a837c7d3d0fa9d21c557a7ddbabb5eb08213ec51d45a458de09d
2026-09-18T10:39:31.1352659Z Usage of olp all:
2026-09-18T10:39:31.1353051Z   -auth-hmac-key-file string
2026-09-18T10:39:31.1353399Z     	mounted hex/base64 authentication key
2026-09-18T10:39:31.1353715Z   -bootstrap-token-file string
2026-09-18T10:39:31.1354040Z     	mounted first-owner bootstrap token
2026-09-18T10:39:31.1354349Z   -connector-config-file string
2026-09-18T10:39:31.1354692Z     	mounted provider transport configuration
2026-09-18T10:39:31.1355017Z   -console-dir string
2026-09-18T10:39:31.1355375Z     	static console directory (default "console/build")
2026-09-18T10:39:31.1355718Z   -database-max-connections int
2026-09-18T10:39:31.1356047Z     	PostgreSQL pool capacity (default 20)
2026-09-18T10:39:31.1356323Z   -database-url string
2026-09-18T10:39:31.1356615Z     	PostgreSQL URL (OLP_DATABASE_URL)
2026-09-18T10:39:31.1356891Z   -database-url-file string
2026-09-18T10:39:31.1357187Z     	file containing PostgreSQL URL
2026-09-18T10:39:31.1357508Z   -dependency-request-timeout duration
2026-09-18T10:39:31.1357874Z     	dependency request deadline (default 2s)
2026-09-18T10:39:31.1358207Z   -gateway-cors-allowed-origins string
2026-09-18T10:39:31.1358646Z     	comma-separated origins allowed to call the inference API
2026-09-18T10:39:31.1359049Z   -http-connection-drain-timeout-seconds int
2026-09-18T10:39:31.1359413Z     	maximum age drain time (default 30)
2026-09-18T10:39:31.1359728Z   -http-connection-max-age-seconds int
2026-09-18T10:39:31.1360163Z     	connection lifetime before graceful drain (default 300)
2026-09-18T10:39:31.1360503Z   -http-max-connections int
2026-09-18T10:39:31.1361209Z     	maximum accepted connections per listener (default 1024)
2026-09-18T10:39:31.1361614Z   -http-max-in-flight-inference-requests int
2026-09-18T10:39:31.1361988Z     	inference work admission (default 256)
2026-09-18T10:39:31.1362584Z   -http-max-in-flight-management-requests int
2026-09-18T10:39:31.1363048Z     	management and console request admission (default 32)
2026-09-18T10:39:31.1363425Z   -http-max-inline-media-item-bytes int
2026-09-18T10:39:31.1363873Z     	maximum decoded bytes per inline media item (default 1048576)
2026-09-18T10:39:31.1364254Z   -http-max-inline-media-items int
2026-09-18T10:39:31.1364592Z     	maximum inline media items (default 4)
2026-09-18T10:39:31.1364921Z   -http-max-inline-media-total-bytes int
2026-09-18T10:39:31.1365392Z     	maximum decoded inline media bytes per request (default 2097152)
2026-09-18T10:39:31.1366197Z   -http-max-json-body-bytes int
2026-09-18T10:39:31.1366693Z     	largest JSON request body, before and after gzip inflation (default 2097152)
2026-09-18T10:39:31.1367116Z   -http-max-media-body-bytes int
2026-09-18T10:39:31.1367552Z     	largest raw or multipart media request body (default 67108864)
2026-09-18T10:39:31.1367900Z   -listen-addr string
2026-09-18T10:39:31.1368210Z     	public listener (default "127.0.0.1:8080")
2026-09-18T10:39:31.1368493Z   -local-login-enabled
2026-09-18T10:39:31.1368799Z     	allow password sign-in (default true)
2026-09-18T10:39:31.1369066Z   -log-level string
2026-09-18T10:39:31.1369443Z     	debug, info, warn, or error (OLP_LOG_LEVEL) (default "info")
2026-09-18T10:39:31.1369783Z   -master-key-file string
2026-09-18T10:39:31.1370063Z     	mounted JSON master key ring
2026-09-18T10:39:31.1370357Z   -media-spool-capacity-bytes int
2026-09-18T10:39:31.1370738Z     	media spool capacity in bytes (default 1073741824)
2026-09-18T10:39:31.1371054Z   -media-spool-dir string
2026-09-18T10:39:31.1371528Z     	directory for bounded media staging; defaults to the system temp directory
2026-09-18T10:39:31.1371953Z   -observability-listen-addr string
2026-09-18T10:39:31.1372596Z     	private health listener (default "127.0.0.1:9090")
2026-09-18T10:39:31.1372931Z   -otlp-headers-file string
2026-09-18T10:39:31.1373276Z     	mounted JSON object of OTLP exporter headers
2026-09-18T10:39:31.1373605Z   -otlp-traces-endpoint string
2026-09-18T10:39:31.1373897Z     	OTLP/HTTP trace export URL
2026-09-18T10:39:31.1374420Z   -provider-egress-allow-cidrs string
2026-09-18T10:39:31.1374952Z     	comma-separated CIDRs exempt from the non-public provider egress denylist
2026-09-18T10:39:31.1375401Z   -provider-egress-allow-http-hosts string
2026-09-18T10:39:31.1375888Z     	comma-separated hosts whose provider endpoints may use plain HTTP
2026-09-18T10:39:31.1376288Z   -provider-max-event-bytes int
2026-09-18T10:39:31.1376692Z     	largest single streamed provider event (default 1048576)
2026-09-18T10:39:31.1377067Z   -provider-max-response-bytes int
2026-09-18T10:39:31.1377488Z     	largest buffered provider response body (default 16777216)
2026-09-18T10:39:31.1377822Z   -public-origin string
2026-09-18T10:39:31.1378543Z     	browser origin (default "http://127.0.0.1:8080")
2026-09-18T10:39:31.1378868Z   -runtime-role string
2026-09-18T10:39:31.1379210Z     	existing runtime role granted access by migrate
2026-09-18T10:39:31.1379523Z   -shutdown-timeout duration
2026-09-18T10:39:31.1379846Z     	total shutdown deadline (default 30s)
2026-09-18T10:39:31.1380128Z   -startup-timeout duration
2026-09-18T10:39:31.1380427Z     	startup deadline (default 10s)
2026-09-18T10:39:31.1380687Z   -trace-accept-inbound
2026-09-18T10:39:31.1381024Z     	accept inbound W3C trace context (default true)
2026-09-18T10:39:31.1381333Z   -trace-propagate-upstream
2026-09-18T10:39:31.1381751Z     	inject W3C trace context into provider requests (default true)
2026-09-18T10:39:31.1382110Z   -trace-sample-ratio float
2026-09-18T10:39:31.1382611Z     	trace sampling ratio (default 1)
2026-09-18T10:39:31.1382887Z   -trusted-proxy-cidrs string
2026-09-18T10:39:31.1383283Z     	comma-separated CIDRs allowed to supply X-Forwarded-For
2026-09-18T10:39:31.1383626Z   -valkey-tls-ca-file string
2026-09-18T10:39:31.1383923Z     	PEM trust roots for Valkey TLS
2026-09-18T10:39:31.1384173Z   -valkey-url string
2026-09-18T10:39:31.1384498Z     	redis:// or rediss:// URL; required for worker
2026-09-18T10:39:31.1384799Z   -valkey-url-file string
2026-09-18T10:39:31.1385079Z     	file containing Valkey URL
2026-09-18T10:39:31.3093176Z Usage of olp gateway:
2026-09-18T10:39:31.3093505Z   -auth-hmac-key-file string
2026-09-18T10:39:31.3093843Z     	mounted hex/base64 authentication key
2026-09-18T10:39:31.3094154Z   -bootstrap-token-file string
2026-09-18T10:39:31.3094476Z     	mounted first-owner bootstrap token
2026-09-18T10:39:31.3094788Z   -connector-config-file string
2026-09-18T10:39:31.3095563Z     	mounted provider transport configuration
2026-09-18T10:39:31.3095848Z   -console-dir string
2026-09-18T10:39:31.3096194Z     	static console directory (default "console/build")
2026-09-18T10:39:31.3096533Z   -database-max-connections int
2026-09-18T10:39:31.3096867Z     	PostgreSQL pool capacity (default 20)
2026-09-18T10:39:31.3097142Z   -database-url string
2026-09-18T10:39:31.3097431Z     	PostgreSQL URL (OLP_DATABASE_URL)
2026-09-18T10:39:31.3097707Z   -database-url-file string
2026-09-18T10:39:31.3097998Z     	file containing PostgreSQL URL
2026-09-18T10:39:31.3098320Z   -dependency-request-timeout duration
2026-09-18T10:39:31.3098685Z     	dependency request deadline (default 2s)
2026-09-18T10:39:31.3099017Z   -gateway-cors-allowed-origins string
2026-09-18T10:39:31.3099454Z     	comma-separated origins allowed to call the inference API
2026-09-18T10:39:31.3099863Z   -http-connection-drain-timeout-seconds int
2026-09-18T10:39:31.3100223Z     	maximum age drain time (default 30)
2026-09-18T10:39:31.3103735Z   -http-connection-max-age-seconds int
2026-09-18T10:39:31.3104212Z     	connection lifetime before graceful drain (default 300)
2026-09-18T10:39:31.3104613Z   -http-max-connections int
2026-09-18T10:39:31.3105015Z     	maximum accepted connections per listener (default 1024)
2026-09-18T10:39:31.3105415Z   -http-max-in-flight-inference-requests int
2026-09-18T10:39:31.3105792Z     	inference work admission (default 256)
2026-09-18T10:39:31.3106141Z   -http-max-in-flight-management-requests int
2026-09-18T10:39:31.3106873Z     	management and console request admission (default 32)
2026-09-18T10:39:31.3107274Z   -http-max-inline-media-item-bytes int
2026-09-18T10:39:31.3107725Z     	maximum decoded bytes per inline media item (default 1048576)
2026-09-18T10:39:31.3108131Z   -http-max-inline-media-items int
2026-09-18T10:39:31.3108468Z     	maximum inline media items (default 4)
2026-09-18T10:39:31.3108797Z   -http-max-inline-media-total-bytes int
2026-09-18T10:39:31.3109263Z     	maximum decoded inline media bytes per request (default 2097152)
2026-09-18T10:39:31.3109659Z   -http-max-json-body-bytes int
2026-09-18T10:39:31.3110154Z     	largest JSON request body, before and after gzip inflation (default 2097152)
2026-09-18T10:39:31.3110573Z   -http-max-media-body-bytes int
2026-09-18T10:39:31.3111001Z     	largest raw or multipart media request body (default 67108864)
2026-09-18T10:39:31.3111337Z   -listen-addr string
2026-09-18T10:39:31.3111645Z     	public listener (default "127.0.0.1:8080")
2026-09-18T10:39:31.3111932Z   -local-login-enabled
2026-09-18T10:39:31.3112968Z     	allow password sign-in (default true)
2026-09-18T10:39:31.3113293Z   -log-level string
2026-09-18T10:39:31.3113682Z     	debug, info, warn, or error (OLP_LOG_LEVEL) (default "info")
2026-09-18T10:39:31.3115589Z   -master-key-file string
2026-09-18T10:39:31.3116151Z     	mounted JSON master key ring
2026-09-18T10:39:31.3116493Z   -media-spool-capacity-bytes int
2026-09-18T10:39:31.3116877Z     	media spool capacity in bytes (default 1073741824)
2026-09-18T10:39:31.3117209Z   -media-spool-dir string
2026-09-18T10:39:31.3117679Z     	directory for bounded media staging; defaults to the system temp directory
2026-09-18T10:39:31.3118105Z   -observability-listen-addr string
2026-09-18T10:39:31.3118489Z     	private health listener (default "127.0.0.1:9090")
2026-09-18T10:39:31.3118795Z   -otlp-headers-file string
2026-09-18T10:39:31.3119133Z     	mounted JSON object of OTLP exporter headers
2026-09-18T10:39:31.3119459Z   -otlp-traces-endpoint string
2026-09-18T10:39:31.3119756Z     	OTLP/HTTP trace export URL
2026-09-18T10:39:31.3120052Z   -provider-egress-allow-cidrs string
2026-09-18T10:39:31.3120565Z     	comma-separated CIDRs exempt from the non-public provider egress denylist
2026-09-18T10:39:31.3122008Z   -provider-egress-allow-http-hosts string
2026-09-18T10:39:31.3122714Z     	comma-separated hosts whose provider endpoints may use plain HTTP
2026-09-18T10:39:31.3123123Z   -provider-max-event-bytes int
2026-09-18T10:39:31.3123845Z     	largest single streamed provider event (default 1048576)
2026-09-18T10:39:31.3124215Z   -provider-max-response-bytes int
2026-09-18T10:39:31.3124639Z     	largest buffered provider response body (default 16777216)
2026-09-18T10:39:31.3124978Z   -public-origin string
2026-09-18T10:39:31.3125328Z     	browser origin (default "http://127.0.0.1:8080")
2026-09-18T10:39:31.3125627Z   -runtime-role string
2026-09-18T10:39:31.3125961Z     	existing runtime role granted access by migrate
2026-09-18T10:39:31.3126271Z   -shutdown-timeout duration
2026-09-18T10:39:31.3126596Z     	total shutdown deadline (default 30s)
2026-09-18T10:39:31.3126883Z   -startup-timeout duration
2026-09-18T10:39:31.3127176Z     	startup deadline (default 10s)
2026-09-18T10:39:31.3127512Z   -trace-accept-inbound
2026-09-18T10:39:31.3127854Z     	accept inbound W3C trace context (default true)
2026-09-18T10:39:31.3128162Z   -trace-propagate-upstream
2026-09-18T10:39:31.3128584Z     	inject W3C trace context into provider requests (default true)
2026-09-18T10:39:31.3128943Z   -trace-sample-ratio float
2026-09-18T10:39:31.3129240Z     	trace sampling ratio (default 1)
2026-09-18T10:39:31.3129510Z   -trusted-proxy-cidrs string
2026-09-18T10:39:31.3130060Z     	comma-separated CIDRs allowed to supply X-Forwarded-For
2026-09-18T10:39:31.3130396Z   -valkey-tls-ca-file string
2026-09-18T10:39:31.3131051Z     	PEM trust roots for Valkey TLS
2026-09-18T10:39:31.3131323Z   -valkey-url string
2026-09-18T10:39:31.3131971Z     	redis:// or rediss:// URL; required for worker
2026-09-18T10:39:31.3132882Z   -valkey-url-file string
2026-09-18T10:39:31.3133331Z     	file containing Valkey URL
2026-09-18T10:39:31.4819866Z Usage of olp control:
2026-09-18T10:39:31.4823229Z   -auth-hmac-key-file string
2026-09-18T10:39:31.4823723Z     	mounted hex/base64 authentication key
2026-09-18T10:39:31.4826807Z   -bootstrap-token-file string
2026-09-18T10:39:31.4827174Z     	mounted first-owner bootstrap token
2026-09-18T10:39:31.4827491Z   -connector-config-file string
2026-09-18T10:39:31.4827879Z     	mounted provider transport configuration
2026-09-18T10:39:31.4828221Z   -console-dir string
2026-09-18T10:39:31.4828569Z     	static console directory (default "console/build")
2026-09-18T10:39:31.4828910Z   -database-max-connections int
2026-09-18T10:39:31.4829236Z     	PostgreSQL pool capacity (default 20)
2026-09-18T10:39:31.4829510Z   -database-url string
2026-09-18T10:39:31.4829802Z     	PostgreSQL URL (OLP_DATABASE_URL)
2026-09-18T10:39:31.4830075Z   -database-url-file string
2026-09-18T10:39:31.4830369Z     	file containing PostgreSQL URL
2026-09-18T10:39:31.4830690Z   -dependency-request-timeout duration
2026-09-18T10:39:31.4831054Z     	dependency request deadline (default 2s)
2026-09-18T10:39:31.4831388Z   -gateway-cors-allowed-origins string
2026-09-18T10:39:31.4831826Z     	comma-separated origins allowed to call the inference API
2026-09-18T10:39:31.4832228Z   -http-connection-drain-timeout-seconds int
2026-09-18T10:39:31.4832907Z     	maximum age drain time (default 30)
2026-09-18T10:39:31.4833244Z   -http-connection-max-age-seconds int
2026-09-18T10:39:31.4833667Z     	connection lifetime before graceful drain (default 300)
2026-09-18T10:39:31.4834007Z   -http-max-connections int
2026-09-18T10:39:31.4834404Z     	maximum accepted connections per listener (default 1024)
2026-09-18T10:39:31.4834800Z   -http-max-in-flight-inference-requests int
2026-09-18T10:39:31.4835169Z     	inference work admission (default 256)
2026-09-18T10:39:31.4835519Z   -http-max-in-flight-management-requests int
2026-09-18T10:39:31.4835969Z     	management and console request admission (default 32)
2026-09-18T10:39:31.4836335Z   -http-max-inline-media-item-bytes int
2026-09-18T10:39:31.4836784Z     	maximum decoded bytes per inline media item (default 1048576)
2026-09-18T10:39:31.4837168Z   -http-max-inline-media-items int
2026-09-18T10:39:31.4837502Z     	maximum inline media items (default 4)
2026-09-18T10:39:31.4837832Z   -http-max-inline-media-total-bytes int
2026-09-18T10:39:31.4838728Z     	maximum decoded inline media bytes per request (default 2097152)
2026-09-18T10:39:31.4839115Z   -http-max-json-body-bytes int
2026-09-18T10:39:31.4839605Z     	largest JSON request body, before and after gzip inflation (default 2097152)
2026-09-18T10:39:31.4840026Z   -http-max-media-body-bytes int
2026-09-18T10:39:31.4840456Z     	largest raw or multipart media request body (default 67108864)
2026-09-18T10:39:31.4840910Z   -listen-addr string
2026-09-18T10:39:31.4841255Z     	public listener (default "127.0.0.1:8080")
2026-09-18T10:39:31.4841538Z   -local-login-enabled
2026-09-18T10:39:31.4841844Z     	allow password sign-in (default true)
2026-09-18T10:39:31.4842114Z   -log-level string
2026-09-18T10:39:31.4842690Z     	debug, info, warn, or error (OLP_LOG_LEVEL) (default "info")
2026-09-18T10:39:31.4843035Z   -master-key-file string
2026-09-18T10:39:31.4843317Z     	mounted JSON master key ring
2026-09-18T10:39:31.4843602Z   -media-spool-capacity-bytes int
2026-09-18T10:39:31.4843980Z     	media spool capacity in bytes (default 1073741824)
2026-09-18T10:39:31.4844293Z   -media-spool-dir string
2026-09-18T10:39:31.4844764Z     	directory for bounded media staging; defaults to the system temp directory
2026-09-18T10:39:31.4845188Z   -observability-listen-addr string
2026-09-18T10:39:31.4845571Z     	private health listener (default "127.0.0.1:9090")
2026-09-18T10:39:31.4845876Z   -otlp-headers-file string
2026-09-18T10:39:31.4846499Z     	mounted JSON object of OTLP exporter headers
2026-09-18T10:39:31.4846839Z   -otlp-traces-endpoint string
2026-09-18T10:39:31.4847498Z     	OTLP/HTTP trace export URL
2026-09-18T10:39:31.4847837Z   -provider-egress-allow-cidrs string
2026-09-18T10:39:31.4848351Z     	comma-separated CIDRs exempt from the non-public provider egress denylist
2026-09-18T10:39:31.4848800Z   -provider-egress-allow-http-hosts string
2026-09-18T10:39:31.4849289Z     	comma-separated hosts whose provider endpoints may use plain HTTP
2026-09-18T10:39:31.4849688Z   -provider-max-event-bytes int
2026-09-18T10:39:31.4850124Z     	largest single streamed provider event (default 1048576)
2026-09-18T10:39:31.4850598Z   -provider-max-response-bytes int
2026-09-18T10:39:31.4851026Z     	largest buffered provider response body (default 16777216)
2026-09-18T10:39:31.4851361Z   -public-origin string
2026-09-18T10:39:31.4851715Z     	browser origin (default "http://127.0.0.1:8080")
2026-09-18T10:39:31.4852016Z   -runtime-role string
2026-09-18T10:39:31.4852566Z     	existing runtime role granted access by migrate
2026-09-18T10:39:31.4852891Z   -shutdown-timeout duration
2026-09-18T10:39:31.4853213Z     	total shutdown deadline (default 30s)
2026-09-18T10:39:31.4853493Z   -startup-timeout duration
2026-09-18T10:39:31.4853793Z     	startup deadline (default 10s)
2026-09-18T10:39:31.4854052Z   -trace-accept-inbound
2026-09-18T10:39:31.4854389Z     	accept inbound W3C trace context (default true)
2026-09-18T10:39:31.4854700Z   -trace-propagate-upstream
2026-09-18T10:39:31.4855117Z     	inject W3C trace context into provider requests (default true)
2026-09-18T10:39:31.4855479Z   -trace-sample-ratio float
2026-09-18T10:39:31.4855777Z     	trace sampling ratio (default 1)
2026-09-18T10:39:31.4856051Z   -trusted-proxy-cidrs string
2026-09-18T10:39:31.4856449Z     	comma-separated CIDRs allowed to supply X-Forwarded-For
2026-09-18T10:39:31.4856782Z   -valkey-tls-ca-file string
2026-09-18T10:39:31.4857080Z     	PEM trust roots for Valkey TLS
2026-09-18T10:39:31.4857335Z   -valkey-url string
2026-09-18T10:39:31.4857661Z     	redis:// or rediss:// URL; required for worker
2026-09-18T10:39:31.4857966Z   -valkey-url-file string
2026-09-18T10:39:31.4858242Z     	file containing Valkey URL
2026-09-18T10:39:31.6566938Z Usage of olp worker:
2026-09-18T10:39:31.6567257Z   -auth-hmac-key-file string
2026-09-18T10:39:31.6567599Z     	mounted hex/base64 authentication key
2026-09-18T10:39:31.6567918Z   -bootstrap-token-file string
2026-09-18T10:39:31.6568240Z     	mounted first-owner bootstrap token
2026-09-18T10:39:31.6568547Z   -connector-config-file string
2026-09-18T10:39:31.6569355Z     	mounted provider transport configuration
2026-09-18T10:39:31.6569648Z   -console-dir string
2026-09-18T10:39:31.6569995Z     	static console directory (default "console/build")
2026-09-18T10:39:31.6570347Z   -database-max-connections int
2026-09-18T10:39:31.6570674Z     	PostgreSQL pool capacity (default 20)
2026-09-18T10:39:31.6570948Z   -database-url string
2026-09-18T10:39:31.6571238Z     	PostgreSQL URL (OLP_DATABASE_URL)
2026-09-18T10:39:31.6571513Z   -database-url-file string
2026-09-18T10:39:31.6571824Z     	file containing PostgreSQL URL
2026-09-18T10:39:31.6572145Z   -dependency-request-timeout duration
2026-09-18T10:39:31.6573565Z     	dependency request deadline (default 2s)
2026-09-18T10:39:31.6573914Z   -gateway-cors-allowed-origins string
2026-09-18T10:39:31.6574354Z     	comma-separated origins allowed to call the inference API
2026-09-18T10:39:31.6574761Z   -http-connection-drain-timeout-seconds int
2026-09-18T10:39:31.6575126Z     	maximum age drain time (default 30)
2026-09-18T10:39:31.6575460Z   -http-connection-max-age-seconds int
2026-09-18T10:39:31.6575883Z     	connection lifetime before graceful drain (default 300)
2026-09-18T10:39:31.6576220Z   -http-max-connections int
2026-09-18T10:39:31.6576619Z     	maximum accepted connections per listener (default 1024)
2026-09-18T10:39:31.6577022Z   -http-max-in-flight-inference-requests int
2026-09-18T10:39:31.6577396Z     	inference work admission (default 256)
2026-09-18T10:39:31.6577780Z   -http-max-in-flight-management-requests int
2026-09-18T10:39:31.6578526Z     	management and console request admission (default 32)
2026-09-18T10:39:31.6578941Z   -http-max-inline-media-item-bytes int
2026-09-18T10:39:31.6579396Z     	maximum decoded bytes per inline media item (default 1048576)
2026-09-18T10:39:31.6579775Z   -http-max-inline-media-items int
2026-09-18T10:39:31.6580109Z     	maximum inline media items (default 4)
2026-09-18T10:39:31.6580534Z   -http-max-inline-media-total-bytes int
2026-09-18T10:39:31.6581010Z     	maximum decoded inline media bytes per request (default 2097152)
2026-09-18T10:39:31.6581572Z   -http-max-json-body-bytes int
2026-09-18T10:39:31.6582076Z     	largest JSON request body, before and after gzip inflation (default 2097152)
2026-09-18T10:39:31.6582617Z   -http-max-media-body-bytes int
2026-09-18T10:39:31.6583050Z     	largest raw or multipart media request body (default 67108864)
2026-09-18T10:39:31.6583389Z   -listen-addr string
2026-09-18T10:39:31.6583708Z     	public listener (default "127.0.0.1:8080")
2026-09-18T10:39:31.6583997Z   -local-login-enabled
2026-09-18T10:39:31.6584296Z     	allow password sign-in (default true)
2026-09-18T10:39:31.6584566Z   -log-level string
2026-09-18T10:39:31.6584943Z     	debug, info, warn, or error (OLP_LOG_LEVEL) (default "info")
2026-09-18T10:39:31.6585278Z   -master-key-file string
2026-09-18T10:39:31.6585563Z     	mounted JSON master key ring
2026-09-18T10:39:31.6585850Z   -media-spool-capacity-bytes int
2026-09-18T10:39:31.6586235Z     	media spool capacity in bytes (default 1073741824)
2026-09-18T10:39:31.6586545Z   -media-spool-dir string
2026-09-18T10:39:31.6587013Z     	directory for bounded media staging; defaults to the system temp directory
2026-09-18T10:39:31.6587439Z   -observability-listen-addr string
2026-09-18T10:39:31.6587819Z     	private health listener (default "127.0.0.1:9090")
2026-09-18T10:39:31.6588129Z   -otlp-headers-file string
2026-09-18T10:39:31.6588473Z     	mounted JSON object of OTLP exporter headers
2026-09-18T10:39:31.6588798Z   -otlp-traces-endpoint string
2026-09-18T10:39:31.6589094Z     	OTLP/HTTP trace export URL
2026-09-18T10:39:31.6589394Z   -provider-egress-allow-cidrs string
2026-09-18T10:39:31.6589904Z     	comma-separated CIDRs exempt from the non-public provider egress denylist
2026-09-18T10:39:31.6590351Z   -provider-egress-allow-http-hosts string
2026-09-18T10:39:31.6590840Z     	comma-separated hosts whose provider endpoints may use plain HTTP
2026-09-18T10:39:31.6591236Z   -provider-max-event-bytes int
2026-09-18T10:39:31.6591949Z     	largest single streamed provider event (default 1048576)
2026-09-18T10:39:31.6592680Z   -provider-max-response-bytes int
2026-09-18T10:39:31.6593143Z     	largest buffered provider response body (default 16777216)
2026-09-18T10:39:31.6593481Z   -public-origin string
2026-09-18T10:39:31.6593837Z     	browser origin (default "http://127.0.0.1:8080")
2026-09-18T10:39:31.6594138Z   -runtime-role string
2026-09-18T10:39:31.6594478Z     	existing runtime role granted access by migrate
2026-09-18T10:39:31.6594797Z   -shutdown-timeout duration
2026-09-18T10:39:31.6595116Z     	total shutdown deadline (default 30s)
2026-09-18T10:39:31.6595396Z   -startup-timeout duration
2026-09-18T10:39:31.6595688Z     	startup deadline (default 10s)
2026-09-18T10:39:31.6595947Z   -trace-accept-inbound
2026-09-18T10:39:31.6596283Z     	accept inbound W3C trace context (default true)
2026-09-18T10:39:31.6596591Z   -trace-propagate-upstream
2026-09-18T10:39:31.6597011Z     	inject W3C trace context into provider requests (default true)
2026-09-18T10:39:31.6597369Z   -trace-sample-ratio float
2026-09-18T10:39:31.6597665Z     	trace sampling ratio (default 1)
2026-09-18T10:39:31.6597941Z   -trusted-proxy-cidrs string
2026-09-18T10:39:31.6598342Z     	comma-separated CIDRs allowed to supply X-Forwarded-For
2026-09-18T10:39:31.6598681Z   -valkey-tls-ca-file string
2026-09-18T10:39:31.6598978Z     	PEM trust roots for Valkey TLS
2026-09-18T10:39:31.6599228Z   -valkey-url string
2026-09-18T10:39:31.6599555Z     	redis:// or rediss:// URL; required for worker
2026-09-18T10:39:31.6600095Z   -valkey-url-file string
2026-09-18T10:39:31.6600407Z     	file containing Valkey URL
2026-09-18T10:39:31.8106166Z Usage of olp all:
2026-09-18T10:39:31.8106513Z   -auth-hmac-key-file string
2026-09-18T10:39:31.8106852Z     	mounted hex/base64 authentication key
2026-09-18T10:39:31.8107176Z   -bootstrap-token-file string
2026-09-18T10:39:31.8107501Z     	mounted first-owner bootstrap token
2026-09-18T10:39:31.8107843Z   -connector-config-file string
2026-09-18T10:39:31.8108192Z     	mounted provider transport configuration
2026-09-18T10:39:31.8108478Z   -console-dir string
2026-09-18T10:39:31.8108823Z     	static console directory (default "console/build")
2026-09-18T10:39:31.8109163Z   -database-max-connections int
2026-09-18T10:39:31.8109492Z     	PostgreSQL pool capacity (default 20)
2026-09-18T10:39:31.8109767Z   -database-url string
2026-09-18T10:39:31.8110053Z     	PostgreSQL URL (OLP_DATABASE_URL)
2026-09-18T10:39:31.8110327Z   -database-url-file string
2026-09-18T10:39:31.8110637Z     	file containing PostgreSQL URL
2026-09-18T10:39:31.8110948Z   -dependency-request-timeout duration
2026-09-18T10:39:31.8111305Z     	dependency request deadline (default 2s)
2026-09-18T10:39:31.8111643Z   -gateway-cors-allowed-origins string
2026-09-18T10:39:31.8112077Z     	comma-separated origins allowed to call the inference API
2026-09-18T10:39:31.8112948Z   -http-connection-drain-timeout-seconds int
2026-09-18T10:39:31.8113327Z     	maximum age drain time (default 30)
2026-09-18T10:39:31.8113643Z   -http-connection-max-age-seconds int
2026-09-18T10:39:31.8114644Z     	connection lifetime before graceful drain (default 300)
2026-09-18T10:39:31.8114994Z   -http-max-connections int
2026-09-18T10:39:31.8115393Z     	maximum accepted connections per listener (default 1024)
2026-09-18T10:39:31.8115792Z   -http-max-in-flight-inference-requests int
2026-09-18T10:39:31.8116160Z     	inference work admission (default 256)
2026-09-18T10:39:31.8117300Z   -http-max-in-flight-management-requests int
2026-09-18T10:39:31.8117762Z     	management and console request admission (default 32)
2026-09-18T10:39:31.8118130Z   -http-max-inline-media-item-bytes int
2026-09-18T10:39:31.8118578Z     	maximum decoded bytes per inline media item (default 1048576)
2026-09-18T10:39:31.8118958Z   -http-max-inline-media-items int
2026-09-18T10:39:31.8119293Z     	maximum inline media items (default 4)
2026-09-18T10:39:31.8119623Z   -http-max-inline-media-total-bytes int
2026-09-18T10:39:31.8120410Z     	maximum decoded inline media bytes per request (default 2097152)
2026-09-18T10:39:31.8120889Z   -http-max-json-body-bytes int
2026-09-18T10:39:31.8121632Z     	largest JSON request body, before and after gzip inflation (default 2097152)
2026-09-18T10:39:31.8122064Z   -http-max-media-body-bytes int
2026-09-18T10:39:31.8122602Z     	largest raw or multipart media request body (default 67108864)
2026-09-18T10:39:31.8122943Z   -listen-addr string
2026-09-18T10:39:31.8123289Z     	public listener (default "127.0.0.1:8080")
2026-09-18T10:39:31.8123584Z   -local-login-enabled
2026-09-18T10:39:31.8123887Z     	allow password sign-in (default true)
2026-09-18T10:39:31.8124157Z   -log-level string
2026-09-18T10:39:31.8124534Z     	debug, info, warn, or error (OLP_LOG_LEVEL) (default "info")
2026-09-18T10:39:31.8124868Z   -master-key-file string
2026-09-18T10:39:31.8125157Z     	mounted JSON master key ring
2026-09-18T10:39:31.8125447Z   -media-spool-capacity-bytes int
2026-09-18T10:39:31.8125832Z     	media spool capacity in bytes (default 1073741824)
2026-09-18T10:39:31.8126135Z   -media-spool-dir string
2026-09-18T10:39:31.8126603Z     	directory for bounded media staging; defaults to the system temp directory
2026-09-18T10:39:31.8127026Z   -observability-listen-addr string
2026-09-18T10:39:31.8127412Z     	private health listener (default "127.0.0.1:9090")
2026-09-18T10:39:31.8127720Z   -otlp-headers-file string
2026-09-18T10:39:31.8128061Z     	mounted JSON object of OTLP exporter headers
2026-09-18T10:39:31.8128681Z   -otlp-traces-endpoint string
2026-09-18T10:39:31.8129020Z     	OTLP/HTTP trace export URL
2026-09-18T10:39:31.8129318Z   -provider-egress-allow-cidrs string
2026-09-18T10:39:31.8129824Z     	comma-separated CIDRs exempt from the non-public provider egress denylist
2026-09-18T10:39:31.8130270Z   -provider-egress-allow-http-hosts string
2026-09-18T10:39:31.8130755Z     	comma-separated hosts whose provider endpoints may use plain HTTP
2026-09-18T10:39:31.8131156Z   -provider-max-event-bytes int
2026-09-18T10:39:31.8131559Z     	largest single streamed provider event (default 1048576)
2026-09-18T10:39:31.8131925Z   -provider-max-response-bytes int
2026-09-18T10:39:31.8132511Z     	largest buffered provider response body (default 16777216)
2026-09-18T10:39:31.8132870Z   -public-origin string
2026-09-18T10:39:31.8133227Z     	browser origin (default "http://127.0.0.1:8080")
2026-09-18T10:39:31.8133529Z   -runtime-role string
2026-09-18T10:39:31.8133870Z     	existing runtime role granted access by migrate
2026-09-18T10:39:31.8134184Z   -shutdown-timeout duration
2026-09-18T10:39:31.8134502Z     	total shutdown deadline (default 30s)
2026-09-18T10:39:31.8134780Z   -startup-timeout duration
2026-09-18T10:39:31.8135070Z     	startup deadline (default 10s)
2026-09-18T10:39:31.8135330Z   -trace-accept-inbound
2026-09-18T10:39:31.8135667Z     	accept inbound W3C trace context (default true)
2026-09-18T10:39:31.8135976Z   -trace-propagate-upstream
2026-09-18T10:39:31.8136399Z     	inject W3C trace context into provider requests (default true)
2026-09-18T10:39:31.8136750Z   -trace-sample-ratio float
2026-09-18T10:39:31.8137046Z     	trace sampling ratio (default 1)
2026-09-18T10:39:31.8137324Z   -trusted-proxy-cidrs string
2026-09-18T10:39:31.8137725Z     	comma-separated CIDRs allowed to supply X-Forwarded-For
2026-09-18T10:39:31.8138064Z   -valkey-tls-ca-file string
2026-09-18T10:39:31.8138364Z     	PEM trust roots for Valkey TLS
2026-09-18T10:39:31.8138616Z   -valkey-url string
2026-09-18T10:39:31.8138955Z     	redis:// or rediss:// URL; required for worker
2026-09-18T10:39:31.8139255Z   -valkey-url-file string
2026-09-18T10:39:31.8139531Z     	file containing Valkey URL
2026-09-18T10:39:31.9724300Z Usage of olp all:
2026-09-18T10:39:31.9725076Z   -auth-hmac-key-file string
2026-09-18T10:39:31.9725465Z     	mounted hex/base64 authentication key
2026-09-18T10:39:31.9725830Z   -bootstrap-token-file string
2026-09-18T10:39:31.9726160Z     	mounted first-owner bootstrap token
2026-09-18T10:39:31.9726924Z   -connector-config-file string
2026-09-18T10:39:31.9727272Z     	mounted provider transport configuration
2026-09-18T10:39:31.9727560Z   -console-dir string
2026-09-18T10:39:31.9727914Z     	static console directory (default "console/build")
2026-09-18T10:39:31.9728255Z   -database-max-connections int
2026-09-18T10:39:31.9728583Z     	PostgreSQL pool capacity (default 20)
2026-09-18T10:39:31.9728862Z   -database-url string
2026-09-18T10:39:31.9729147Z     	PostgreSQL URL (OLP_DATABASE_URL)
2026-09-18T10:39:31.9729420Z   -database-url-file string
2026-09-18T10:39:31.9729731Z     	file containing PostgreSQL URL
2026-09-18T10:39:31.9730039Z   -dependency-request-timeout duration
2026-09-18T10:39:31.9730640Z     	dependency request deadline (default 2s)
2026-09-18T10:39:31.9731013Z   -gateway-cors-allowed-origins string
2026-09-18T10:39:31.9731448Z     	comma-separated origins allowed to call the inference API
2026-09-18T10:39:31.9731854Z   -http-connection-drain-timeout-seconds int
2026-09-18T10:39:31.9732222Z     	maximum age drain time (default 30)
2026-09-18T10:39:31.9732809Z   -http-connection-max-age-seconds int
2026-09-18T10:39:31.9733244Z     	connection lifetime before graceful drain (default 300)
2026-09-18T10:39:31.9733577Z   -http-max-connections int
2026-09-18T10:39:31.9733977Z     	maximum accepted connections per listener (default 1024)
2026-09-18T10:39:31.9734374Z   -http-max-in-flight-inference-requests int
2026-09-18T10:39:31.9734741Z     	inference work admission (default 256)
2026-09-18T10:39:31.9735391Z   -http-max-in-flight-management-requests int
2026-09-18T10:39:31.9735854Z     	management and console request admission (default 32)
2026-09-18T10:39:31.9736218Z   -http-max-inline-media-item-bytes int
2026-09-18T10:39:31.9736663Z     	maximum decoded bytes per inline media item (default 1048576)
2026-09-18T10:39:31.9737042Z   -http-max-inline-media-items int
2026-09-18T10:39:31.9737377Z     	maximum inline media items (default 4)
2026-09-18T10:39:31.9737703Z   -http-max-inline-media-total-bytes int
2026-09-18T10:39:31.9738172Z     	maximum decoded inline media bytes per request (default 2097152)
2026-09-18T10:39:31.9738555Z   -http-max-json-body-bytes int
2026-09-18T10:39:31.9739054Z     	largest JSON request body, before and after gzip inflation (default 2097152)
2026-09-18T10:39:31.9739481Z   -http-max-media-body-bytes int
2026-09-18T10:39:31.9739907Z     	largest raw or multipart media request body (default 67108864)
2026-09-18T10:39:31.9740247Z   -listen-addr string
2026-09-18T10:39:31.9740567Z     	public listener (default "127.0.0.1:8080")
2026-09-18T10:39:31.9740853Z   -local-login-enabled
2026-09-18T10:39:31.9741151Z     	allow password sign-in (default true)
2026-09-18T10:39:31.9741424Z   -log-level string
2026-09-18T10:39:31.9741802Z     	debug, info, warn, or error (OLP_LOG_LEVEL) (default "info")
2026-09-18T10:39:31.9742140Z   -master-key-file string
2026-09-18T10:39:31.9743337Z     	mounted JSON master key ring
2026-09-18T10:39:31.9743647Z   -media-spool-capacity-bytes int
2026-09-18T10:39:31.9744041Z     	media spool capacity in bytes (default 1073741824)
2026-09-18T10:39:31.9744356Z   -media-spool-dir string
2026-09-18T10:39:31.9744822Z     	directory for bounded media staging; defaults to the system temp directory
2026-09-18T10:39:31.9745243Z   -observability-listen-addr string
2026-09-18T10:39:31.9745626Z     	private health listener (default "127.0.0.1:9090")
2026-09-18T10:39:31.9745934Z   -otlp-headers-file string
2026-09-18T10:39:31.9746274Z     	mounted JSON object of OTLP exporter headers
2026-09-18T10:39:31.9746602Z   -otlp-traces-endpoint string
2026-09-18T10:39:31.9746894Z     	OTLP/HTTP trace export URL
2026-09-18T10:39:31.9747190Z   -provider-egress-allow-cidrs string
2026-09-18T10:39:31.9747699Z     	comma-separated CIDRs exempt from the non-public provider egress denylist
2026-09-18T10:39:31.9748157Z   -provider-egress-allow-http-hosts string
2026-09-18T10:39:31.9748646Z     	comma-separated hosts whose provider endpoints may use plain HTTP
2026-09-18T10:39:31.9749347Z   -provider-max-event-bytes int
2026-09-18T10:39:31.9749751Z     	largest single streamed provider event (default 1048576)
2026-09-18T10:39:31.9750116Z   -provider-max-response-bytes int
2026-09-18T10:39:31.9750538Z     	largest buffered provider response body (default 16777216)
2026-09-18T10:39:31.9750875Z   -public-origin string
2026-09-18T10:39:31.9751227Z     	browser origin (default "http://127.0.0.1:8080")
2026-09-18T10:39:31.9751527Z   -runtime-role string
2026-09-18T10:39:31.9751861Z     	existing runtime role granted access by migrate
2026-09-18T10:39:31.9752175Z   -shutdown-timeout duration
2026-09-18T10:39:31.9752870Z     	total shutdown deadline (default 30s)
2026-09-18T10:39:31.9753162Z   -startup-timeout duration
2026-09-18T10:39:31.9753456Z     	startup deadline (default 10s)
2026-09-18T10:39:31.9753713Z   -trace-accept-inbound
2026-09-18T10:39:31.9754049Z     	accept inbound W3C trace context (default true)
2026-09-18T10:39:31.9754359Z   -trace-propagate-upstream
2026-09-18T10:39:31.9754781Z     	inject W3C trace context into provider requests (default true)
2026-09-18T10:39:31.9755133Z   -trace-sample-ratio float
2026-09-18T10:39:31.9755431Z     	trace sampling ratio (default 1)
2026-09-18T10:39:31.9755703Z   -trusted-proxy-cidrs string
2026-09-18T10:39:31.9756101Z     	comma-separated CIDRs allowed to supply X-Forwarded-For
2026-09-18T10:39:31.9756435Z   -valkey-tls-ca-file string
2026-09-18T10:39:31.9756730Z     	PEM trust roots for Valkey TLS
2026-09-18T10:39:31.9757141Z   -valkey-url string
2026-09-18T10:39:31.9757834Z     	redis:// or rediss:// URL; required for worker
2026-09-18T10:39:31.9758168Z   -valkey-url-file string
2026-09-18T10:39:31.9758446Z     	file containing Valkey URL
2026-09-18T10:39:32.2799296Z image smoke passed: image=ghcr.io/tyk-swe/olp@sha256:0c7495977bf5a837c7d3d0fa9d21c557a7ddbabb5eb08213ec51d45a458de09d platform=linux/arm64 user=65532:65532 modes=6
2026-09-18T10:39:32.3038790Z Unable to find image 'aquasec/trivy@sha256:62b1e65e8869bc4b4c6aa4fa2b21595256c7c2f6018a9d9ad61caf87187c1969' locally
2026-09-18T10:39:32.6343434Z docker.io/aquasec/trivy@sha256:62b1e65e8869bc4b4c6aa4fa2b21595256c7c2f6018a9d9ad61caf87187c1969: Pulling from aquasec/trivy
2026-09-18T10:39:32.7743336Z 5de55e5ef9c0: Already exists
2026-09-18T10:39:32.7762599Z 6782ff926fe2: Pulling fs layer
2026-09-18T10:39:32.7762958Z 25365ceb5b73: Pulling fs layer
2026-09-18T10:39:32.7763250Z bec689ee1450: Pulling fs layer
2026-09-18T10:39:32.9234328Z bec689ee1450: Verifying Checksum
2026-09-18T10:39:32.9234699Z bec689ee1450: Download complete
2026-09-18T10:39:33.1045623Z 6782ff926fe2: Download complete
2026-09-18T10:39:33.1937052Z 25365ceb5b73: Verifying Checksum
2026-09-18T10:39:33.1937420Z 25365ceb5b73: Download complete
2026-09-18T10:39:33.5076508Z 6782ff926fe2: Pull complete
2026-09-18T10:39:34.2733660Z 25365ceb5b73: Pull complete
2026-09-18T10:39:34.5594477Z bec689ee1450: Pull complete
2026-09-18T10:39:34.5636247Z Digest: sha256:62b1e65e8869bc4b4c6aa4fa2b21595256c7c2f6018a9d9ad61caf87187c1969
2026-09-18T10:39:34.5642791Z Status: Downloaded newer image for aquasec/trivy@sha256:62b1e65e8869bc4b4c6aa4fa2b21595256c7c2f6018a9d9ad61caf87187c1969
2026-09-18T10:39:34.7107938Z 2026-09-18T10:39:34Z	INFO	[vulndb] Need to update DB
2026-09-18T10:39:34.7108477Z 2026-09-18T10:39:34Z	INFO	[vulndb] Downloading vulnerability DB...
2026-09-18T10:39:34.7109130Z 2026-09-18T10:39:34Z	INFO	[vulndb] Downloading artifact...	repo="mirror.gcr.io/aquasec/trivy-db:2"
2026-09-18T10:39:38.6280701Z 2.42 MiB / 114.38 MiB [->____________________________________________________________] 2.12% ? p/s ?26.19 MiB / 114.38 MiB [------------->______________________________________________] 22.89% ? p/s ?60.47 MiB / 114.38 MiB [------------------------------->____________________________] 52.86% ? p/s ?93.83 MiB / 114.38 MiB [------------------------------------->________] 82.03% 152.35 MiB p/s ETA 0s114.38 MiB / 114.38 MiB [------------------------------------------->] 100.00% 152.35 MiB p/s ETA 0s114.38 MiB / 114.38 MiB [------------------------------------------->] 100.00% 152.35 MiB p/s ETA 0s114.38 MiB / 114.38 MiB [------------------------------------------->] 100.00% 144.73 MiB p/s ETA 0s114.38 MiB / 114.38 MiB [------------------------------------------->] 100.00% 144.73 MiB p/s ETA 0s114.38 MiB / 114.38 MiB [------------------------------------------->] 100.00% 144.73 MiB p/s ETA 0s114.38 MiB / 114.38 MiB [------------------------------------------->] 100.00% 135.39 MiB p/s ETA 0s114.38 MiB / 114.38 MiB [------------------------------------------->] 100.00% 135.39 MiB p/s ETA 0s114.38 MiB / 114.38 MiB [------------------------------------------->] 100.00% 135.39 MiB p/s ETA 0s114.38 MiB / 114.38 MiB [------------------------------------------->] 100.00% 126.66 MiB p/s ETA 0s114.38 MiB / 114.38 MiB [------------------------------------------->] 100.00% 126.66 MiB p/s ETA 0s114.38 MiB / 114.38 MiB [------------------------------------------->] 100.00% 126.66 MiB p/s ETA 0s114.38 MiB / 114.38 MiB [------------------------------------------->] 100.00% 118.48 MiB p/s ETA 0s114.38 MiB / 114.38 MiB [-----------------------------------------------] 100.00% 36.67 MiB p/s 3.3s2026-09-18T10:39:38Z	INFO	[vulndb] Artifact successfully downloaded	repo="mirror.gcr.io/aquasec/trivy-db:2"
2026-09-18T10:39:38.6484464Z 2026-09-18T10:39:38Z	INFO	[vuln] Vulnerability scanning is enabled
2026-09-18T10:39:39.9383656Z 2026-09-18T10:39:39Z	INFO	Detected OS	family="debian" version="13.6"
2026-09-18T10:39:39.9384334Z 2026-09-18T10:39:39Z	INFO	[debian] Detecting vulnerabilities...	os_version="13" pkg_num=14
2026-09-18T10:39:39.9401585Z 2026-09-18T10:39:39Z	INFO	Number of language-specific files	num=2
2026-09-18T10:39:39.9402157Z 2026-09-18T10:39:39Z	INFO	[cargo] Detecting vulnerabilities...
2026-09-18T10:39:39.9464767Z 2026-09-18T10:39:39Z	INFO	[gobinary] Detecting vulnerabilities...
2026-09-18T10:39:39.9509664Z 2026-09-18T10:39:39Z	WARN	Using severities from other vendors for some vulnerabilities. Read https://trivy.dev/docs/v0.74/guide/scanner/vulnerability#severity-selection for details.
2026-09-18T10:39:47.5274407Z 2026-09-18T10:39:47Z	INFO	[vuln] Vulnerability scanning is enabled
2026-09-18T10:39:47.5449401Z 2026-09-18T10:39:47Z	INFO	Detected SBOM format	format="spdx-json"
2026-09-18T10:39:47.5963136Z 2026-09-18T10:39:47Z	INFO	Detected OS	family="none" version=""
2026-09-18T10:39:47.5963643Z 2026-09-18T10:39:47Z	WARN	Unsupported os	family="none"
2026-09-18T10:39:47.5964109Z 2026-09-18T10:39:47Z	INFO	Number of language-specific files	num=2
2026-09-18T10:39:47.5964579Z 2026-09-18T10:39:47Z	INFO	[cargo] Detecting vulnerabilities...
2026-09-18T10:39:47.6009478Z 2026-09-18T10:39:47Z	INFO	[gobinary] Detecting vulnerabilities...
2026-09-18T10:39:47.6056109Z 2026-09-18T10:39:47Z	WARN	Using severities from other vendors for some vulnerabilities. Read https://trivy.dev/docs/v0.74/guide/scanner/vulnerability#severity-selection for details.
2026-09-18T10:39:48.1736102Z 2026-09-18T10:39:48Z	INFO	[vuln] Vulnerability scanning is enabled
2026-09-18T10:39:48.1873292Z 2026-09-18T10:39:48Z	INFO	Detected SBOM format	format="spdx-json"
2026-09-18T10:39:48.2320006Z 2026-09-18T10:39:48Z	INFO	Detected OS	family="none" version=""
2026-09-18T10:39:48.2333168Z 2026-09-18T10:39:48Z	WARN	Unsupported os	family="none"
2026-09-18T10:39:48.2333665Z 2026-09-18T10:39:48Z	INFO	Number of language-specific files	num=1
2026-09-18T10:39:48.2334161Z 2026-09-18T10:39:48Z	INFO	[node-pkg] Detecting vulnerabilities...
2026-09-18T10:39:51.1826827Z 2026-09-18T10:39:51Z	INFO	[vuln] Vulnerability scanning is enabled
2026-09-18T10:39:51.2943318Z 2026-09-18T10:39:51Z	INFO	Detected SBOM format	format="spdx-json"
2026-09-18T10:39:51.5385447Z 2026-09-18T10:39:51Z	INFO	Detected OS	family="none" version=""
2026-09-18T10:39:51.5385950Z 2026-09-18T10:39:51Z	WARN	Unsupported os	family="none"
2026-09-18T10:39:51.5386412Z 2026-09-18T10:39:51Z	INFO	Number of language-specific files	num=4
2026-09-18T10:39:51.5386894Z 2026-09-18T10:39:51Z	INFO	[cargo] Detecting vulnerabilities...
2026-09-18T10:39:51.5429931Z 2026-09-18T10:39:51Z	INFO	[gobinary] Detecting vulnerabilities...
2026-09-18T10:39:51.5820770Z 2026-09-18T10:39:51Z	INFO	[node-pkg] Detecting vulnerabilities...
2026-09-18T10:39:51.5821351Z 2026-09-18T10:39:51Z	INFO	[python-pkg] Detecting vulnerabilities...
2026-09-18T10:39:51.5824327Z 2026-09-18T10:39:51Z	WARN	Using severities from other vendors for some vulnerabilities. Read https://trivy.dev/docs/v0.74/guide/scanner/vulnerability#severity-selection for details.
2026-09-18T10:39:52.2678500Z 2026-09-18T10:39:52Z	INFO	[vuln] Vulnerability scanning is enabled
2026-09-18T10:39:52.2879105Z 2026-09-18T10:39:52Z	INFO	Detected SBOM format	format="spdx-json"
2026-09-18T10:39:52.3363581Z 2026-09-18T10:39:52Z	INFO	Detected OS	family="none" version=""
2026-09-18T10:39:52.3364105Z 2026-09-18T10:39:52Z	WARN	Unsupported os	family="none"
2026-09-18T10:39:52.3364579Z 2026-09-18T10:39:52Z	INFO	Number of language-specific files	num=2
2026-09-18T10:39:52.3365059Z 2026-09-18T10:39:52Z	INFO	[cargo] Detecting vulnerabilities...
2026-09-18T10:39:52.3423060Z 2026-09-18T10:39:52Z	INFO	[gobinary] Detecting vulnerabilities...
2026-09-18T10:39:52.3475716Z 2026-09-18T10:39:52Z	WARN	Using severities from other vendors for some vulnerabilities. Read https://trivy.dev/docs/v0.74/guide/scanner/vulnerability#severity-selection for details.
2026-09-18T10:39:52.9141134Z 2026-09-18T10:39:52Z	INFO	[vuln] Vulnerability scanning is enabled
2026-09-18T10:39:52.9306788Z 2026-09-18T10:39:52Z	INFO	Detected SBOM format	format="spdx-json"
2026-09-18T10:39:52.9751832Z 2026-09-18T10:39:52Z	INFO	Detected OS	family="none" version=""
2026-09-18T10:39:52.9753319Z 2026-09-18T10:39:52Z	WARN	Unsupported os	family="none"
2026-09-18T10:39:52.9753850Z 2026-09-18T10:39:52Z	INFO	Number of language-specific files	num=1
2026-09-18T10:39:52.9754351Z 2026-09-18T10:39:52Z	INFO	[node-pkg] Detecting vulnerabilities...
2026-09-18T10:39:55.9415206Z 2026-09-18T10:39:55Z	INFO	[vuln] Vulnerability scanning is enabled
2026-09-18T10:39:56.0610130Z 2026-09-18T10:39:56Z	INFO	Detected SBOM format	format="spdx-json"
2026-09-18T10:39:56.3085524Z 2026-09-18T10:39:56Z	INFO	Detected OS	family="none" version=""
2026-09-18T10:39:56.3086035Z 2026-09-18T10:39:56Z	WARN	Unsupported os	family="none"
2026-09-18T10:39:56.3086498Z 2026-09-18T10:39:56Z	INFO	Number of language-specific files	num=4
2026-09-18T10:39:56.3086975Z 2026-09-18T10:39:56Z	INFO	[cargo] Detecting vulnerabilities...
2026-09-18T10:39:56.3132524Z 2026-09-18T10:39:56Z	INFO	[gobinary] Detecting vulnerabilities...
2026-09-18T10:39:56.3508120Z 2026-09-18T10:39:56Z	INFO	[node-pkg] Detecting vulnerabilities...
2026-09-18T10:39:56.3508714Z 2026-09-18T10:39:56Z	INFO	[python-pkg] Detecting vulnerabilities...
2026-09-18T10:39:56.3512842Z 2026-09-18T10:39:56Z	WARN	Using severities from other vendors for some vulnerabilities. Read https://trivy.dev/docs/v0.74/guide/scanner/vulnerability#severity-selection for details.
2026-09-18T10:39:56.5814098Z 2026-09-18T10:39:56Z	INFO	[vuln] Vulnerability scanning is enabled
2026-09-18T10:39:56.5911685Z 2026-09-18T10:39:56Z	INFO	Detected SBOM format	format="spdx-json"
2026-09-18T10:39:56.6053193Z 2026-09-18T10:39:56Z	INFO	Number of language-specific files	num=1
2026-09-18T10:39:56.6053733Z 2026-09-18T10:39:56Z	INFO	[cargo] Detecting vulnerabilities...
2026-09-18T10:39:56.7083740Z Scanned ghcr.io/tyk-swe/olp@sha256:0c7495977bf5a837c7d3d0fa9d21c557a7ddbabb5eb08213ec51d45a458de09d, 6 build inventories, and the native FFI inventory.
2026-09-18T10:39:56.9385134Z  valkey Pulling 
2026-09-18T10:39:56.9387112Z  postgres Pulling 
2026-09-18T10:39:57.6276863Z  bf7af0229701 Pulling fs layer 
2026-09-18T10:39:57.6277264Z  e077facd3b8c Pulling fs layer 
2026-09-18T10:39:57.6277540Z  feab9acad268 Pulling fs layer 
2026-09-18T10:39:57.6277809Z  4292f56f8932 Pulling fs layer 
2026-09-18T10:39:57.6278074Z  d45bd6741e24 Pulling fs layer 
2026-09-18T10:39:57.6278338Z  4f4fb700ef54 Pulling fs layer 
2026-09-18T10:39:57.6278602Z  35cc2b56e875 Pulling fs layer 
2026-09-18T10:39:57.6278833Z  4292f56f8932 Waiting 
2026-09-18T10:39:57.6279041Z  d45bd6741e24 Waiting 
2026-09-18T10:39:57.6279702Z  4f4fb700ef54 Waiting 
2026-09-18T10:39:57.6279919Z  35cc2b56e875 Waiting 
2026-09-18T10:39:57.6295427Z  bf7af0229701 Pulling fs layer 
2026-09-18T10:39:57.6295764Z  6437d6ec8fee Pulling fs layer 
2026-09-18T10:39:57.6296049Z  3e1f39995a92 Pulling fs layer 
2026-09-18T10:39:57.6296313Z  ebe3b74b62b8 Pulling fs layer 
2026-09-18T10:39:57.6296607Z  1a59b8215a09 Pulling fs layer 
2026-09-18T10:39:57.6296870Z  93eeac19656f Pulling fs layer 
2026-09-18T10:39:57.6297128Z  4f28b201a80c Pulling fs layer 
2026-09-18T10:39:57.6297414Z  4e582dc1d360 Pulling fs layer 
2026-09-18T10:39:57.6297673Z  ab1e9043b37f Pulling fs layer 
2026-09-18T10:39:57.6297930Z  a3089dfdc569 Pulling fs layer 
2026-09-18T10:39:57.6298190Z  521aece6b33d Pulling fs layer 
2026-09-18T10:39:57.6298450Z  bc5ea3235db8 Pulling fs layer 
2026-09-18T10:39:57.6298714Z  dc0e071a4d07 Pulling fs layer 
2026-09-18T10:39:57.6298946Z  3e1f39995a92 Waiting 
2026-09-18T10:39:57.6299158Z  ebe3b74b62b8 Waiting 
2026-09-18T10:39:57.6299380Z  1a59b8215a09 Waiting 
2026-09-18T10:39:57.6299587Z  a3089dfdc569 Waiting 
2026-09-18T10:39:57.6299794Z  521aece6b33d Waiting 
2026-09-18T10:39:57.6300003Z  93eeac19656f Waiting 
2026-09-18T10:39:57.6300212Z  bc5ea3235db8 Waiting 
2026-09-18T10:39:57.6300420Z  dc0e071a4d07 Waiting 
2026-09-18T10:39:57.6300629Z  4f28b201a80c Waiting 
2026-09-18T10:39:57.6300841Z  ab1e9043b37f Waiting 
2026-09-18T10:39:57.6301050Z  4e582dc1d360 Waiting 
2026-09-18T10:39:57.6301262Z  6437d6ec8fee Waiting 
2026-09-18T10:39:57.7929270Z  e077facd3b8c Downloading [==================================================>]  1.108kB/1.108kB
2026-09-18T10:39:57.7929848Z  e077facd3b8c Verifying Checksum 
2026-09-18T10:39:57.7930148Z  e077facd3b8c Download complete 
2026-09-18T10:39:57.7944906Z  feab9acad268 Downloading [>                                                  ]  48.58kB/3.694MB
2026-09-18T10:39:57.8106942Z  bf7af0229701 Downloading [>                                                  ]  310.7kB/30.16MB
2026-09-18T10:39:57.8107591Z  bf7af0229701 Downloading [>                                                  ]  310.7kB/30.16MB
2026-09-18T10:39:57.8964569Z  feab9acad268 Downloading [========================>                          ]  1.818MB/3.694MB
2026-09-18T10:39:57.9110444Z  bf7af0229701 Downloading [=======>                                           ]  4.669MB/30.16MB
2026-09-18T10:39:57.9111077Z  bf7af0229701 Downloading [=======>                                           ]  4.669MB/30.16MB
2026-09-18T10:39:57.9197245Z  feab9acad268 Verifying Checksum 
2026-09-18T10:39:57.9197659Z  feab9acad268 Download complete 
2026-09-18T10:39:57.9387676Z  4292f56f8932 Downloading [>                                                  ]  146.9kB/14.57MB
2026-09-18T10:39:58.0133469Z  bf7af0229701 Downloading [===============================================>   ]  28.95MB/30.16MB
2026-09-18T10:39:58.0134129Z  bf7af0229701 Downloading [===============================================>   ]  28.95MB/30.16MB
2026-09-18T10:39:58.0209219Z  bf7af0229701 Verifying Checksum 
2026-09-18T10:39:58.0209847Z  bf7af0229701 Download complete 
2026-09-18T10:39:58.0210313Z  bf7af0229701 Verifying Checksum 
2026-09-18T10:39:58.0210775Z  bf7af0229701 Download complete 
2026-09-18T10:39:58.0391386Z  4292f56f8932 Downloading [==================>                                ]  5.455MB/14.57MB
2026-09-18T10:39:58.0515294Z  bf7af0229701 Extracting [>                                                  ]  327.7kB/30.16MB
2026-09-18T10:39:58.0516237Z  bf7af0229701 Extracting [>                                                  ]  327.7kB/30.16MB
2026-09-18T10:39:58.0707169Z  d45bd6741e24 Downloading [==================================================>]     138B/138B
2026-09-18T10:39:58.0708227Z  d45bd6741e24 Verifying Checksum 
2026-09-18T10:39:58.0708527Z  d45bd6741e24 Download complete 
2026-09-18T10:39:58.0723300Z  4292f56f8932 Verifying Checksum 
2026-09-18T10:39:58.0724839Z  4292f56f8932 Download complete 
2026-09-18T10:39:58.1548343Z  bf7af0229701 Extracting [===========>                                       ]  7.209MB/30.16MB
2026-09-18T10:39:58.1550353Z  bf7af0229701 Extracting [===========>                                       ]  7.209MB/30.16MB
2026-09-18T10:39:58.1684207Z  4f4fb700ef54 Download complete 
2026-09-18T10:39:58.2176720Z  6437d6ec8fee Downloading [==================================================>]  1.171kB/1.171kB
2026-09-18T10:39:58.2179296Z  6437d6ec8fee Verifying Checksum 
2026-09-18T10:39:58.2179654Z  6437d6ec8fee Download complete 
2026-09-18T10:39:58.2400384Z  35cc2b56e875 Download complete 
2026-09-18T10:39:58.2576933Z  bf7af0229701 Extracting [===================>                               ]  11.47MB/30.16MB
2026-09-18T10:39:58.2577928Z  bf7af0229701 Extracting [===================>                               ]  11.47MB/30.16MB
2026-09-18T10:39:58.3596462Z  3e1f39995a92 Downloading [>                                                  ]  64.94kB/6.235MB
2026-09-18T10:39:58.3624707Z  bf7af0229701 Extracting [==================================>                ]  20.97MB/30.16MB
2026-09-18T10:39:58.3625840Z  bf7af0229701 Extracting [==================================>                ]  20.97MB/30.16MB
2026-09-18T10:39:58.3872740Z  1a59b8215a09 Downloading [>                                                  ]  97.73kB/8.204MB
2026-09-18T10:39:58.3924758Z  ebe3b74b62b8 Downloading [>                                                  ]  15.79kB/1.21MB
2026-09-18T10:39:58.4603246Z  3e1f39995a92 Downloading [===============>                                   ]  1.965MB/6.235MB
2026-09-18T10:39:58.4663824Z  ebe3b74b62b8 Downloading [==================================================>]   1.21MB/1.21MB
2026-09-18T10:39:58.4664903Z  ebe3b74b62b8 Verifying Checksum 
2026-09-18T10:39:58.4666004Z  ebe3b74b62b8 Download complete 
2026-09-18T10:39:58.4883703Z  1a59b8215a09 Downloading [===========================>                       ]  4.521MB/8.204MB
2026-09-18T10:39:58.5056342Z  1a59b8215a09 Verifying Checksum 
2026-09-18T10:39:58.5057079Z  1a59b8215a09 Download complete 
2026-09-18T10:39:58.5075559Z  3e1f39995a92 Verifying Checksum 
2026-09-18T10:39:58.5075970Z  3e1f39995a92 Download complete 
2026-09-18T10:39:58.5519493Z  bf7af0229701 Extracting [===========================================>       ]  26.21MB/30.16MB
2026-09-18T10:39:58.5522861Z  bf7af0229701 Extracting [===========================================>       ]  26.21MB/30.16MB
2026-09-18T10:39:58.5900001Z  93eeac19656f Downloading [>                                                  ]  15.81kB/1.221MB
2026-09-18T10:39:58.6410285Z  4f28b201a80c Downloading [==================================================>]     116B/116B
2026-09-18T10:39:58.6412694Z  4f28b201a80c Downloading [==================================================>]     116B/116B
2026-09-18T10:39:58.6413192Z  4f28b201a80c Download complete 
2026-09-18T10:39:58.6534637Z  4e582dc1d360 Download complete 
2026-09-18T10:39:58.6653373Z  bf7af0229701 Extracting [================================================>  ]  29.16MB/30.16MB
2026-09-18T10:39:58.6654403Z  bf7af0229701 Extracting [================================================>  ]  29.16MB/30.16MB
2026-09-18T10:39:58.6659694Z  93eeac19656f Verifying Checksum 
2026-09-18T10:39:58.6660301Z  93eeac19656f Download complete 
2026-09-18T10:39:58.7957126Z  a3089dfdc569 Downloading [=========>                                         ]  3.529kB/19.42kB
2026-09-18T10:39:58.7964231Z  a3089dfdc569 Downloading [==================================================>]  19.42kB/19.42kB
2026-09-18T10:39:58.7965363Z  a3089dfdc569 Verifying Checksum 
2026-09-18T10:39:58.7966065Z  a3089dfdc569 Download complete 
2026-09-18T10:39:58.8077282Z  bf7af0229701 Extracting [=================================================> ]  30.15MB/30.16MB
2026-09-18T10:39:58.8078459Z  bf7af0229701 Extracting [=================================================> ]  30.15MB/30.16MB
2026-09-18T10:39:58.8105617Z  521aece6b33d Downloading [==================================================>]     127B/127B
2026-09-18T10:39:58.8106742Z  521aece6b33d Verifying Checksum 
2026-09-18T10:39:58.8107113Z  521aece6b33d Download complete 
2026-09-18T10:39:58.8187762Z  bf7af0229701 Extracting [==================================================>]  30.16MB/30.16MB
2026-09-18T10:39:58.8189174Z  bf7af0229701 Extracting [==================================================>]  30.16MB/30.16MB
2026-09-18T10:39:58.8438501Z  bf7af0229701 Pull complete 
2026-09-18T10:39:58.8439147Z  bf7af0229701 Pull complete 
2026-09-18T10:39:58.8454865Z  e077facd3b8c Extracting [==================================================>]  1.108kB/1.108kB
2026-09-18T10:39:58.8459299Z  6437d6ec8fee Extracting [==================================================>]  1.171kB/1.171kB
2026-09-18T10:39:58.8464156Z  6437d6ec8fee Extracting [==================================================>]  1.171kB/1.171kB
2026-09-18T10:39:58.8465311Z  e077facd3b8c Extracting [==================================================>]  1.108kB/1.108kB
2026-09-18T10:39:58.8496311Z  ab1e9043b37f Downloading [>                                                  ]  540.3kB/114MB
2026-09-18T10:39:58.9425329Z  bc5ea3235db8 Downloading [============================>                      ]   3.53kB/6.108kB
2026-09-18T10:39:58.9426698Z  bc5ea3235db8 Downloading [==================================================>]  6.108kB/6.108kB
2026-09-18T10:39:58.9427706Z  bc5ea3235db8 Verifying Checksum 
2026-09-18T10:39:58.9428091Z  bc5ea3235db8 Download complete 
2026-09-18T10:39:58.9531302Z  ab1e9043b37f Downloading [====>                                              ]  11.31MB/114MB
2026-09-18T10:39:58.9571370Z  dc0e071a4d07 Downloading [==================================================>]     186B/186B
2026-09-18T10:39:58.9574002Z  dc0e071a4d07 Verifying Checksum 
2026-09-18T10:39:58.9574938Z  dc0e071a4d07 Download complete 
2026-09-18T10:39:59.0536297Z  ab1e9043b37f Downloading [=====================>                             ]  49.07MB/114MB
2026-09-18T10:39:59.1542774Z  ab1e9043b37f Downloading [=====================================>             ]   86.3MB/114MB
2026-09-18T10:39:59.2226232Z  ab1e9043b37f Verifying Checksum 
2026-09-18T10:39:59.2226668Z  ab1e9043b37f Download complete 
2026-09-18T10:39:59.8832825Z  e077facd3b8c Pull complete 
2026-09-18T10:39:59.8833937Z  6437d6ec8fee Pull complete 
2026-09-18T10:39:59.8849788Z  feab9acad268 Extracting [>                                                  ]  65.54kB/3.694MB
2026-09-18T10:39:59.8867319Z  3e1f39995a92 Extracting [>                                                  ]  65.54kB/6.235MB
2026-09-18T10:39:59.9306640Z  feab9acad268 Extracting [==================================================>]  3.694MB/3.694MB
2026-09-18T10:39:59.9869842Z  3e1f39995a92 Extracting [===============================================>   ]  5.898MB/6.235MB
2026-09-18T10:40:00.0474788Z  feab9acad268 Pull complete 
2026-09-18T10:40:00.0499738Z  4292f56f8932 Extracting [>                                                  ]  163.8kB/14.57MB
2026-09-18T10:40:00.0609959Z  3e1f39995a92 Extracting [==================================================>]  6.235MB/6.235MB
2026-09-18T10:40:00.1509605Z  4292f56f8932 Extracting [================================>                  ]  9.503MB/14.57MB
2026-09-18T10:40:00.1906218Z  4292f56f8932 Extracting [==================================================>]  14.57MB/14.57MB
2026-09-18T10:40:00.1925808Z  4292f56f8932 Extracting [==================================================>]  14.57MB/14.57MB
2026-09-18T10:40:00.2966062Z  3e1f39995a92 Pull complete 
2026-09-18T10:40:00.2966709Z  4292f56f8932 Pull complete 
2026-09-18T10:40:00.2981346Z  ebe3b74b62b8 Extracting [=>                                                 ]  32.77kB/1.21MB
2026-09-18T10:40:00.2997383Z  d45bd6741e24 Extracting [==================================================>]     138B/138B
2026-09-18T10:40:00.3001956Z  d45bd6741e24 Extracting [==================================================>]     138B/138B
2026-09-18T10:40:00.3084376Z  d45bd6741e24 Pull complete 
2026-09-18T10:40:00.3102909Z  4f4fb700ef54 Extracting [==================================================>]      32B/32B
2026-09-18T10:40:00.3105026Z  4f4fb700ef54 Extracting [==================================================>]      32B/32B
2026-09-18T10:40:00.3267267Z  4f4fb700ef54 Pull complete 
2026-09-18T10:40:00.3282212Z  ebe3b74b62b8 Extracting [==================================================>]   1.21MB/1.21MB
2026-09-18T10:40:00.3284632Z  ebe3b74b62b8 Extracting [==================================================>]   1.21MB/1.21MB
2026-09-18T10:40:00.3293723Z  35cc2b56e875 Extracting [==================================================>]     670B/670B
2026-09-18T10:40:00.3297510Z  35cc2b56e875 Extracting [==================================================>]     670B/670B
2026-09-18T10:40:00.3484004Z  35cc2b56e875 Pull complete 
2026-09-18T10:40:00.3508985Z  ebe3b74b62b8 Pull complete 
2026-09-18T10:40:00.3530736Z  1a59b8215a09 Extracting [>                                                  ]   98.3kB/8.204MB
2026-09-18T10:40:00.3562794Z  valkey Pulled 
2026-09-18T10:40:00.4619785Z  1a59b8215a09 Extracting [=============================>                     ]  4.817MB/8.204MB
2026-09-18T10:40:00.5499247Z  1a59b8215a09 Extracting [==================================================>]  8.204MB/8.204MB
2026-09-18T10:40:00.6850599Z  1a59b8215a09 Pull complete 
2026-09-18T10:40:00.6863799Z  93eeac19656f Extracting [=>                                                 ]  32.77kB/1.221MB
2026-09-18T10:40:00.7232839Z  93eeac19656f Extracting [==================================================>]  1.221MB/1.221MB
2026-09-18T10:40:00.7649442Z  93eeac19656f Pull complete 
2026-09-18T10:40:00.7663350Z  4f28b201a80c Extracting [==================================================>]     116B/116B
2026-09-18T10:40:00.7667142Z  4f28b201a80c Extracting [==================================================>]     116B/116B
2026-09-18T10:40:00.7823179Z  4f28b201a80c Pull complete 
2026-09-18T10:40:00.7848888Z  4e582dc1d360 Extracting [==================================================>]  3.143kB/3.143kB
2026-09-18T10:40:00.7851626Z  4e582dc1d360 Extracting [==================================================>]  3.143kB/3.143kB
2026-09-18T10:40:00.7993817Z  4e582dc1d360 Pull complete 
2026-09-18T10:40:00.8415414Z  ab1e9043b37f Extracting [>                                                  ]  557.1kB/114MB
2026-09-18T10:40:00.9419997Z  ab1e9043b37f Extracting [====>                                              ]  10.58MB/114MB
2026-09-18T10:40:01.0435922Z  ab1e9043b37f Extracting [===========>                                       ]  26.18MB/114MB
2026-09-18T10:40:01.1472762Z  ab1e9043b37f Extracting [===============>                                   ]  35.65MB/114MB
2026-09-18T10:40:01.2482816Z  ab1e9043b37f Extracting [====================>                              ]  46.79MB/114MB
2026-09-18T10:40:01.3511382Z  ab1e9043b37f Extracting [==========================>                        ]  60.16MB/114MB
2026-09-18T10:40:01.4528854Z  ab1e9043b37f Extracting [================================>                  ]  72.97MB/114MB
2026-09-18T10:40:01.5606568Z  ab1e9043b37f Extracting [=================================>                 ]  77.43MB/114MB
2026-09-18T10:40:01.6614501Z  ab1e9043b37f Extracting [=====================================>             ]  85.23MB/114MB
2026-09-18T10:40:01.7642990Z  ab1e9043b37f Extracting [=======================================>           ]  89.13MB/114MB
2026-09-18T10:40:01.8679187Z  ab1e9043b37f Extracting [=========================================>         ]  94.14MB/114MB
2026-09-18T10:40:01.9693633Z  ab1e9043b37f Extracting [===========================================>       ]  99.71MB/114MB
2026-09-18T10:40:02.0732880Z  ab1e9043b37f Extracting [=============================================>     ]  103.6MB/114MB
2026-09-18T10:40:02.2083565Z  ab1e9043b37f Extracting [===============================================>   ]  108.1MB/114MB
2026-09-18T10:40:02.3511645Z  ab1e9043b37f Extracting [================================================>  ]  110.3MB/114MB
2026-09-18T10:40:02.5483130Z  ab1e9043b37f Extracting [=================================================> ]  112.5MB/114MB
2026-09-18T10:40:02.6359564Z  ab1e9043b37f Extracting [==================================================>]    114MB/114MB
2026-09-18T10:40:02.7127962Z  ab1e9043b37f Pull complete 
2026-09-18T10:40:02.8960659Z  a3089dfdc569 Extracting [==================================================>]  19.42kB/19.42kB
2026-09-18T10:40:02.8965961Z  a3089dfdc569 Extracting [==================================================>]  19.42kB/19.42kB
2026-09-18T10:40:03.7853071Z  a3089dfdc569 Pull complete 
2026-09-18T10:40:03.7869268Z  521aece6b33d Extracting [==================================================>]     127B/127B
2026-09-18T10:40:03.7872188Z  521aece6b33d Extracting [==================================================>]     127B/127B
2026-09-18T10:40:03.7952535Z  521aece6b33d Pull complete 
2026-09-18T10:40:03.7965917Z  bc5ea3235db8 Extracting [==================================================>]  6.108kB/6.108kB
2026-09-18T10:40:03.7969810Z  bc5ea3235db8 Extracting [==================================================>]  6.108kB/6.108kB
2026-09-18T10:40:03.8145381Z  bc5ea3235db8 Pull complete 
2026-09-18T10:40:03.8159260Z  dc0e071a4d07 Extracting [==================================================>]     186B/186B
2026-09-18T10:40:03.8164328Z  dc0e071a4d07 Extracting [==================================================>]     186B/186B
2026-09-18T10:40:03.8285708Z  dc0e071a4d07 Pull complete 
2026-09-18T10:40:03.8358314Z  postgres Pulled 
2026-09-18T10:40:03.8377427Z  Network olp-go-image-7324-27948_default  Creating
2026-09-18T10:40:03.8673852Z  Network olp-go-image-7324-27948_default  Created
2026-09-18T10:40:03.8744269Z  Volume "olp-go-image-7324-27948_postgres-go"  Creating
2026-09-18T10:40:03.8759638Z  Volume "olp-go-image-7324-27948_postgres-go"  Created
2026-09-18T10:40:03.8762006Z  Volume "olp-go-image-7324-27948_valkey-go"  Creating
2026-09-18T10:40:03.8773956Z  Volume "olp-go-image-7324-27948_valkey-go"  Created
2026-09-18T10:40:03.8782380Z  Container olp-go-image-7324-27948-valkey-1  Creating
2026-09-18T10:40:03.8783528Z  Container olp-go-image-7324-27948-postgres-1  Creating
2026-09-18T10:40:03.9045886Z  Container olp-go-image-7324-27948-postgres-1  Created
2026-09-18T10:40:03.9047980Z  Container olp-go-image-7324-27948-valkey-1  Created
2026-09-18T10:40:03.9063132Z  Container olp-go-image-7324-27948-postgres-1  Starting
2026-09-18T10:40:03.9063783Z  Container olp-go-image-7324-27948-valkey-1  Starting
2026-09-18T10:40:04.2040710Z  Container olp-go-image-7324-27948-postgres-1  Started
2026-09-18T10:40:04.2050481Z  Container olp-go-image-7324-27948-valkey-1  Started
2026-09-18T10:40:04.2051494Z  Container olp-go-image-7324-27948-valkey-1  Waiting
2026-09-18T10:40:04.2052203Z  Container olp-go-image-7324-27948-postgres-1  Waiting
2026-09-18T10:40:05.7067057Z  Container olp-go-image-7324-27948-postgres-1  Healthy
2026-09-18T10:40:05.7068194Z  Container olp-go-image-7324-27948-valkey-1  Healthy
2026-09-18T10:40:06.3332589Z {"migration":"complete"}
2026-09-18T10:40:06.7520628Z olp: readiness probe returned 503
2026-09-18T10:40:08.2901232Z {"BlockIO":"0B / 0B","CPUPerc":"0.17%","Container":"olp-go-image-7324-27948-all","ID":"81616644ce94","MemPerc":"0.47%","MemUsage":"75.56MiB / 15.57GiB","Name":"olp-go-image-7324-27948-all","NetIO":"29.2kB / 398kB","PIDs":"16"}
2026-09-18T10:40:08.4581954Z qualified arm64 all: dependencies, private health, listener ownership, shutdown
2026-09-18T10:40:08.6958349Z olp: readiness probe returned 503
2026-09-18T10:40:10.2973916Z {"BlockIO":"0B / 0B","CPUPerc":"0.08%","Container":"olp-go-image-7324-27948-gateway","ID":"5de222c00e0e","MemPerc":"0.06%","MemUsage":"8.973MiB / 15.57GiB","Name":"olp-go-image-7324-27948-gateway","NetIO":"15.9kB / 25.6kB","PIDs":"12"}
2026-09-18T10:40:10.4610081Z qualified arm64 gateway: dependencies, private health, listener ownership, shutdown
2026-09-18T10:40:12.3185072Z {"BlockIO":"0B / 0B","CPUPerc":"0.00%","Container":"olp-go-image-7324-27948-control","ID":"01d6c752f61d","MemPerc":"0.46%","MemUsage":"73.86MiB / 15.57GiB","Name":"olp-go-image-7324-27948-control","NetIO":"15.1kB / 362kB","PIDs":"12"}
2026-09-18T10:40:12.4838776Z qualified arm64 control: dependencies, private health, listener ownership, shutdown
2026-09-18T10:40:14.3245981Z {"BlockIO":"0B / 0B","CPUPerc":"0.06%","Container":"olp-go-image-7324-27948-worker","ID":"9c716f1f6b91","MemPerc":"0.06%","MemUsage":"9.059MiB / 15.57GiB","Name":"olp-go-image-7324-27948-worker","NetIO":"23kB / 48.2kB","PIDs":"14"}
2026-09-18T10:40:14.5086078Z qualified arm64 worker: dependencies, private health, listener ownership, shutdown
2026-09-18T10:40:14.5205403Z {"Id":"sha256:e175d838faa162ae9868eb7b41ba38448306c66bffa1b3eff09c72445b08f034","RepoTags":[],"RepoDigests":["ghcr.io/tyk-swe/olp@sha256:0c7495977bf5a837c7d3d0fa9d21c557a7ddbabb5eb08213ec51d45a458de09d"],"Parent":"","Comment":"buildkit.dockerfile.v0","Created":"2026-09-18T10:36:07.986504048Z","DockerVersion":"","Author":"","Config":{"Hostname":"","Domainname":"","User":"65532:65532","AttachStdin":false,"AttachStdout":false,"AttachStderr":false,"ExposedPorts":{"8080/tcp":{},"9090/tcp":{}},"Tty":false,"OpenStdin":false,"StdinOnce":false,"Env":["PATH=/usr/local/sbin:/usr/local/bin:/usr/sbin:/usr/bin:/sbin:/bin","SSL_CERT_FILE=/etc/ssl/certs/ca-certificates.crt","OLP_CONSOLE_DIR=/opt/olp/console","OLP_LISTEN_ADDR=0.0.0.0:8080","OLP_OBSERVABILITY_LISTEN_ADDR=0.0.0.0:9090"],"Cmd":["all"],"ArgsEscaped":true,"Image":"","Volumes":null,"WorkingDir":"/home/nonroot","Entrypoint":["/usr/local/bin/olp"],"OnBuild":null,"Labels":{"io.openllmproxy.fresh-install":"required-for-rust-replacement","io.openllmproxy.storage":"olp-go-v1","org.opencontainers.image.licenses":"AGPL-3.0-only","org.opencontainers.image.source":"https://github.com/tyk-swe/olp","org.opencontainers.image.title":"OpenLLMProxy","org.opencontainers.image.version":"3.0.0"},"StopSignal":"SIGTERM"},"Architecture":"arm64","Os":"linux","Size":83113177,"GraphDriver":{"Data":{"LowerDir":"/var/lib/docker/overlay2/577289be8323cf820d5e8f7cccaf6b8979de3759392789ca0f383e8e09bef79d/diff:/var/lib/docker/overlay2/521404689fe8cd0239e161d8d967cfd76563e78407e58c1922722fe0b09b5d7e/diff:/var/lib/docker/overlay2/fccc353cd7a2b9dec0ffbcde89dfefa9521be6c2e139a71d4d445c6a771ad5dd/diff:/var/lib/docker/overlay2/29a11ffd642a1e2bf5e07d404cfef773d39e0a2fdd2dcafa8e128efa077885f4/diff:/var/lib/docker/overlay2/67253bb56b0f68b894024d597627a9b719ac59905dbd13d477779c270d593838/diff:/var/lib/docker/overlay2/ccc69da32ad74a126c8df9e604178be63beefca7c6cd15e02a4bb0e2ad1f4647/diff:/var/lib/docker/overlay2/2bd9b2acf366a4a13ad22b2cef3b9eb20c53ea5c679a7481346f879e23126ce4/diff:/var/lib/docker/overlay2/3a8aa2cc6248eb3d8638c6442924524e12979b9a9a3853daa9d8cf04f1f07615/diff:/var/lib/docker/overlay2/d64191afeff935b0430c835d04751965fb23817baffcaf444ec93e235aba86c7/diff:/var/lib/docker/overlay2/66807b87206ab3479d2fdf944974a7daeb97537bfb704eb82b4fd15c24240927/diff:/var/lib/docker/overlay2/d45348041c2cb05dd562dbfe5b7c4c1af504bb212d0b139f8f9577847432f87e/diff:/var/lib/docker/overlay2/1e202c52ef1f133a0af406fa45b65810325da0320749f0bf99a5a3b15fd642aa/diff:/var/lib/docker/overlay2/a3467e86c71d6634fcb6018eddb954bbbc48d763727dec6cf04e828ff9b64e50/diff:/var/lib/docker/overlay2/464d928366ac92f61b7ce6fca1fd48f0f4bd540d8ab9a79ad8dfbe374a74ee38/diff:/var/lib/docker/overlay2/771e42e947261191b0694ed1e5e04e0f5045780cad416726b2f714865b3f4a75/diff:/var/lib/docker/overlay2/159ae220907d641c783eef8578f72d5742090c38059249383b4fb17a9b666315/diff:/var/lib/docker/overlay2/fed3817d377f7b69f8f8863ead166bb99ebb21c91502c49e9915b73545d65012/diff:/var/lib/docker/overlay2/c42fe3bafbd4ac698006a940d07b6da30acae15e89dae4796702b44690dd2b04/diff:/var/lib/docker/overlay2/0fdbc92089d5b6601931bdf57a7b444191c9b867ea27029c0dbad2fe34dc7de5/diff:/var/lib/docker/overlay2/416b5e2a1579de017927af3d8cf12ea078a0b67c2396511cbd9fd210e438abac/diff:/var/lib/docker/overlay2/6e7f764139d85b425941e2e095111ee54ba719e2fc67a2001e75ca23b467bf4f/diff:/var/lib/docker/overlay2/1dc97ae63e7f51502d7827bf230ef1fceb23115d968aa33add096ed030739c56/diff:/var/lib/docker/overlay2/61f57b55004ba7c894ab7da76b96e1cd102fe7b5215af2a398082e736e7033e3/diff:/var/lib/docker/overlay2/cf4a84aecf11a3fd9c3742fe898174e05c71f0393acb37830bb338b04658c134/diff:/var/lib/docker/overlay2/7050993a406d2567c042dd5e1d3893555fef91aa700492ea92bd2b0e2456e948/diff","MergedDir":"/var/lib/docker/overlay2/0e82bfbac5229d30955d35437f037985268ccd85d7462e6c755a1da680ab5b6d/merged","UpperDir":"/var/lib/docker/overlay2/0e82bfbac5229d30955d35437f037985268ccd85d7462e6c755a1da680ab5b6d/diff","WorkDir":"/var/lib/docker/overlay2/0e82bfbac5229d30955d35437f037985268ccd85d7462e6c755a1da680ab5b6d/work"},"Name":"overlay2"},"RootFS":{"Type":"layers","Layers":["sha256:169cc3415d0f5be1ca6f533fd91057bb5c58d213161f4990c87fcb12d0bc251b","sha256:621c35e751a51a9a9dc3e80aa0b7fe8be2a93402ea6ccd307d30852cd7776cda","sha256:c8b007d0206e4b10ed4d3b3d99dfeab47c2648e82011989fd78a5731baf33fc3","sha256:bec7e6bb35e05d1284f28b10d2150c259717d91c658c4c10c08424bb9466caba","sha256:275a30dd8ce958b21daa9ad962c6fbc09f98306ee2f486b65c9075dc257b1412","sha256:4d049f83d9cf21d1f5cc0e11deaf36df02790d0e60c1a3829538fb4b61685368","sha256:af5aa97ebe6ce1604747ec1e21af7136ded391bcabe4acef882e718a87c86bcc","sha256:6f1cdceb6a3146f0ccb986521156bef8a422cdbb0863396f7f751f575ba308f4","sha256:bd3cdfae1d3fdd83a2231d608969b38b82349777c2fff9a7c12d54f8ac5c9b38","sha256:4cde6b0bb6f50a5f255eef7b2a42162c661cf776b803225dcac9a659e396bb6b","sha256:ad51d0769d16ba578106a177987dfe3d2e02c1668c852b795b2f6b024068242a","sha256:187cfc6d1e3e8a40a5e64653bcd3239c140807dcf1c09e48021178705a5a6139","sha256:f2392a9484bf6b18f06beaf705b994e31dbb2716c99cf7d03c9c495cd107f364","sha256:5c729492ffc6d588d59ee068eaa7910f2c76fd99a7fc21ccb6d408351f48d428","sha256:d5653c936aa120141ef21c40fbded7622368c620112e049806ef2fe7a0ee7cab","sha256:91213e6dc2fda431a0de4541602a933c7a48206a0bf487217fa681260fccdc23","sha256:7b57942929394e731b49e8f1863a4da2cbd1b9fda48d9f1e75a0a28b2d89d01a","sha256:7578331450f7cd6e1f6f28caf2ce9af93ea935a049132bb63ed523dcbda068e4","sha256:323c2be748e4417f7ab7b05b33d6c1a52df0788e779143555109ddcd5325c76c","sha256:fcb0c313318aac64dde0e0574b4df3394902929eb62d43e8b6c47ec4562f170d","sha256:30884b21b6a1362fbcdb60743280a138148b6d0ac50a3f8ee3e9f213b371c9e7","sha256:7a2ecf95b31f770ec0f6d373b3cec8a35375bc81a1c5aa8c3db3cd65db41cffb","sha256:b8b38eeace41028e51d3ea4e87849d347204730e54ddb926dac7ef9563bf4429","sha256:f85c440736f4194ffa5572242c2991171d5326c86d779b8cfa552f5843c025fb","sha256:fb0d291a04aeb19962c1608ac4bd528d3b3b22abb6486bec93a8627ba497c97c","sha256:ad65ce9206a9db75631fa288a65f3c7c2575f8fedbfa870ad17fb24318fc3873"]},"Metadata":{"LastTagTime":"0001-01-01T00:00:00Z"}}
2026-09-18T10:40:14.6270174Z  Container olp-go-image-7324-27948-postgres-1  Stopping
2026-09-18T10:40:14.6271205Z  Container olp-go-image-7324-27948-valkey-1  Stopping
2026-09-18T10:40:14.7653950Z  Container olp-go-image-7324-27948-postgres-1  Stopped
2026-09-18T10:40:14.7654704Z  Container olp-go-image-7324-27948-postgres-1  Removing
2026-09-18T10:40:14.7716035Z  Container olp-go-image-7324-27948-postgres-1  Removed
2026-09-18T10:40:14.7891711Z  Container olp-go-image-7324-27948-valkey-1  Stopped
2026-09-18T10:40:14.7892230Z  Container olp-go-image-7324-27948-valkey-1  Removing
2026-09-18T10:40:14.7934175Z  Container olp-go-image-7324-27948-valkey-1  Removed
2026-09-18T10:40:14.7942104Z  Volume olp-go-image-7324-27948_valkey-go  Removing
2026-09-18T10:40:14.7943205Z  Volume olp-go-image-7324-27948_postgres-go  Removing
2026-09-18T10:40:14.7944355Z  Network olp-go-image-7324-27948_default  Removing
2026-09-18T10:40:14.7955050Z  Volume olp-go-image-7324-27948_valkey-go  Removed
2026-09-18T10:40:14.8136887Z  Volume olp-go-image-7324-27948_postgres-go  Removed
2026-09-18T10:40:14.8900624Z  Network olp-go-image-7324-27948_default  Removed
2026-09-18T10:40:14.9571502Z  Network olp-candidate-5567-19759_default  Creating
2026-09-18T10:40:14.9828799Z  Network olp-candidate-5567-19759_default  Created
2026-09-18T10:40:14.9832244Z  Volume "olp-candidate-5567-19759_postgres-go"  Creating
2026-09-18T10:40:14.9844577Z  Volume "olp-candidate-5567-19759_postgres-go"  Created
2026-09-18T10:40:14.9847395Z  Volume "olp-candidate-5567-19759_valkey-go"  Creating
2026-09-18T10:40:14.9856382Z  Volume "olp-candidate-5567-19759_valkey-go"  Created
2026-09-18T10:40:14.9859342Z  Container olp-candidate-5567-19759-postgres-1  Creating
2026-09-18T10:40:14.9859909Z  Container olp-candidate-5567-19759-valkey-1  Creating
2026-09-18T10:40:15.0158229Z  Container olp-candidate-5567-19759-postgres-1  Created
2026-09-18T10:40:15.0158810Z  Container olp-candidate-5567-19759-valkey-1  Created
2026-09-18T10:40:15.0165982Z  Container olp-candidate-5567-19759-valkey-1  Starting
2026-09-18T10:40:15.0167216Z  Container olp-candidate-5567-19759-postgres-1  Starting
2026-09-18T10:40:15.1204244Z  Container olp-candidate-5567-19759-postgres-1  Started
2026-09-18T10:40:15.1244751Z  Container olp-candidate-5567-19759-valkey-1  Started
2026-09-18T10:40:15.1245857Z  Container olp-candidate-5567-19759-postgres-1  Waiting
2026-09-18T10:40:15.1246497Z  Container olp-candidate-5567-19759-valkey-1  Waiting
2026-09-18T10:40:16.6261756Z  Container olp-candidate-5567-19759-valkey-1  Healthy
2026-09-18T10:40:16.6262639Z  Container olp-candidate-5567-19759-postgres-1  Healthy
2026-09-18T10:40:19.2453325Z [WebServer] {"time":"2026-09-18T10:40:19.243897585Z","level":"INFO","msg":"authority refreshed","sequence":0,"keys":0,"revoked_credentials":0}
2026-09-18T10:40:19.2535674Z [WebServer] {"time":"2026-09-18T10:40:19.252378671Z","level":"INFO","msg":"request metadata gateway registered","gateway_instance":"runnervmec22z-1-01a0b41a53307a16972d7bbdb1228d05"}
2026-09-18T10:40:19.2566232Z [WebServer] {"time":"2026-09-18T10:40:19.255470587Z","level":"INFO","msg":"listener started","mode":"all","listener":"private","address":"127.0.0.1:4177"}
2026-09-18T10:40:19.2567731Z [WebServer] {"time":"2026-09-18T10:40:19.255508625Z","level":"INFO","msg":"listener started","mode":"all","listener":"public","address":"127.0.0.1:4175"}
2026-09-18T10:40:19.2671707Z [WebServer] {"time":"2026-09-18T10:40:19.266450636Z","level":"WARN","msg":"observability readiness refresh failed","error":"runtime_generation_unavailable"}
2026-09-18T10:40:19.7851741Z 
2026-09-18T10:40:19.7852604Z Running 7 tests using 1 worker
2026-09-18T10:40:24.2834322Z [WebServer] {"time":"2026-09-18T10:40:24.28171445Z","level":"WARN","msg":"observability readiness refresh failed","error":"runtime_generation_unavailable"}
2026-09-18T10:40:29.2519823Z [WebServer] {"time":"2026-09-18T10:40:29.251098417Z","level":"INFO","msg":"authority refreshed","sequence":1,"keys":1,"revoked_credentials":0}
2026-09-18T10:40:29.2537827Z [WebServer] {"time":"2026-09-18T10:40:29.253047609Z","level":"INFO","msg":"release installed","sequence":2,"sha256":"e5ab6d7d287521506723de7edea1f880e534c0bd1fd6080b31e9797b75af0ac5","providers":1,"routes":1}
2026-09-18T10:40:30.3302139Z [WebServer] {"time":"2026-09-18T10:40:30.327425407Z","level":"INFO","msg":"inference request","request_id":"01a0b41a-7e75-78c4-9590-12105e5be879","accounting_id":"01a0b41a-7e75-78c4-9590-12105e5be879","client_ip":"127.0.0.1","route_revision_id":"01a0b41a-754d-7ee1-8d9d-4821df82edde","started_at":"2026-09-18T10:40:30.325578809Z","usage":{"input_tokens":7,"output_tokens":5,"total_tokens":12},"actor":"api_key","key_id":"01a0b41a-76da-731b-a13e-47c54f6b125b","user_id":"","route":"vertical-all-protocols","release_sequence":2,"family":"responses","mode":"unary","operation":"generation","surface":"openai","runtime_generation_id":"01a0b41a-7553-70ea-b618-964f41cf1b16","outcome":"success","status":200,"error_class":"","committed":true,"completed_at":"2026-09-18T10:40:30.327410016Z","duration":1831207,"first_byte":1829351,"attempt_count":1,"attempts":[{"billing_uncertain":false,"class":"success","committed":true,"credential_id":"01a0b41a-69d6-7c8a-925b-cdbffcc0063a","credential_version":1,"duration":1080271,"first_byte":1020162,"mode":"unary","ordinal":1,"provider_id":"01a0b41a-69d5-7f02-9283-457d4deb16da","provider_revision_id":"01a0b41a-6f3c-7120-8f7f-bbd0a8fa889c","retry_after":null,"slot_id":"01a0b41a-69d8-758d-8119-b855b8cc474b","started_at":"2026-09-18T10:40:30.326272772Z","status":200,"target_id":"01a0b41a-7058-75aa-ae55-755e23ff0f47","upstream_model":"vertical-e2e-deployment","usage":{"input_tokens":7,"output_tokens":5,"total_tokens":12},"usage_complete":true,"usage_observed":true}],"usage_known":true,"input_tokens":7,"output_tokens":5}
2026-09-18T10:40:30.4457324Z [WebServer] {"time":"2026-09-18T10:40:30.443071896Z","level":"INFO","msg":"inference request","request_id":"01a0b41a-7ee9-7857-ad5a-518c5542b3a6","accounting_id":"01a0b41a-7ee9-7857-ad5a-518c5542b3a6","client_ip":"127.0.0.1","route_revision_id":"01a0b41a-754d-7ee1-8d9d-4821df82edde","started_at":"2026-09-18T10:40:30.441551017Z","usage":{"input_tokens":7,"output_tokens":5,"total_tokens":12},"actor":"api_key","key_id":"01a0b41a-76da-731b-a13e-47c54f6b125b","user_id":"","route":"vertical-all-protocols","release_sequence":2,"family":"anthropic","mode":"unary","operation":"generation","surface":"anthropic","runtime_generation_id":"01a0b41a-7553-70ea-b618-964f41cf1b16","outcome":"success","status":200,"error_class":"","committed":true,"completed_at":"2026-09-18T10:40:30.443055849Z","duration":1504832,"first_byte":1502912,"attempt_count":1,"attempts":[{"billing_uncertain":false,"class":"success","committed":true,"credential_id":"01a0b41a-69d6-7c8a-925b-cdbffcc0063a","credential_version":1,"duration":685740,"first_byte":612775,"mode":"unary","ordinal":1,"provider_id":"01a0b41a-69d5-7f02-9283-457d4deb16da","provider_revision_id":"01a0b41a-6f3c-7120-8f7f-bbd0a8fa889c","retry_after":null,"slot_id":"01a0b41a-69d8-758d-8119-b855b8cc474b","started_at":"2026-09-18T10:40:30.442309553Z","status":200,"target_id":"01a0b41a-7058-75aa-ae55-755e23ff0f47","upstream_model":"vertical-e2e-deployment","usage":{"input_tokens":7,"output_tokens":5,"total_tokens":12},"usage_complete":true,"usage_observed":true}],"usage_known":true,"input_tokens":7,"output_tokens":5}
2026-09-18T10:40:30.5948289Z [WebServer] {"time":"2026-09-18T10:40:30.592934038Z","level":"INFO","msg":"inference request","request_id":"01a0b41a-7f7f-72e5-98ea-f2cd008462c4","accounting_id":"01a0b41a-7f7f-72e5-98ea-f2cd008462c4","client_ip":"127.0.0.1","route_revision_id":"01a0b41a-754d-7ee1-8d9d-4821df82edde","started_at":"2026-09-18T10:40:30.591193771Z","usage":{"input_tokens":7,"output_tokens":5,"total_tokens":12},"actor":"api_key","key_id":"01a0b41a-76da-731b-a13e-47c54f6b125b","user_id":"","route":"vertical-all-protocols","release_sequence":2,"family":"gemini","mode":"unary","operation":"generation","surface":"gemini","runtime_generation_id":"01a0b41a-7553-70ea-b618-964f41cf1b16","outcome":"success","status":200,"error_class":"","committed":true,"completed_at":"2026-09-18T10:40:30.592916735Z","duration":1722964,"first_byte":1720188,"attempt_count":1,"attempts":[{"billing_uncertain":false,"class":"success","committed":true,"credential_id":"01a0b41a-69d6-7c8a-925b-cdbffcc0063a","credential_version":1,"duration":862778,"first_byte":758080,"mode":"unary","ordinal":1,"provider_id":"01a0b41a-69d5-7f02-9283-457d4deb16da","provider_revision_id":"01a0b41a-6f3c-7120-8f7f-bbd0a8fa889c","retry_after":null,"slot_id":"01a0b41a-69d8-758d-8119-b855b8cc474b","started_at":"2026-09-18T10:40:30.591975369Z","status":200,"target_id":"01a0b41a-7058-75aa-ae55-755e23ff0f47","upstream_model":"vertical-e2e-deployment","usage":{"input_tokens":7,"output_tokens":5,"total_tokens":12},"usage_complete":true,"usage_observed":true}],"usage_known":true,"input_tokens":7,"output_tokens":5}
2026-09-18T10:40:32.0481626Z [WebServer] {"time":"2026-09-18T10:40:32.045588342Z","level":"INFO","msg":"inference request","request_id":"01a0b41a-84f9-73dc-90b3-51b3c52ede95","accounting_id":"01a0b41a-84f9-73dc-90b3-51b3c52ede95","client_ip":"127.0.0.1","route_revision_id":"01a0b41a-754d-7ee1-8d9d-4821df82edde","started_at":"2026-09-18T10:40:31.993257149Z","usage":{"input_tokens":7,"output_tokens":5,"total_tokens":12},"actor":"api_key","key_id":"01a0b41a-76da-731b-a13e-47c54f6b125b","user_id":"","route":"vertical-all-protocols","release_sequence":2,"family":"chat","mode":"streaming","operation":"generation","surface":"openai","runtime_generation_id":"01a0b41a-7553-70ea-b618-964f41cf1b16","outcome":"success","status":200,"error_class":"","committed":true,"completed_at":"2026-09-18T10:40:32.045565231Z","duration":52308082,"first_byte":1524775,"attempt_count":1,"attempts":[{"billing_uncertain":false,"class":"success","committed":true,"credential_id":"01a0b41a-69d6-7c8a-925b-cdbffcc0063a","credential_version":1,"duration":51534987,"first_byte":737169,"mode":"streaming","ordinal":1,"provider_id":"01a0b41a-69d5-7f02-9283-457d4deb16da","provider_revision_id":"01a0b41a-6f3c-7120-8f7f-bbd0a8fa889c","retry_after":null,"slot_id":"01a0b41a-69d8-758d-8119-b855b8cc474b","started_at":"2026-09-18T10:40:31.993959744Z","status":200,"target_id":"01a0b41a-7058-75aa-ae55-755e23ff0f47","upstream_model":"vertical-e2e-deployment","usage":{"input_tokens":7,"output_tokens":5,"total_tokens":12},"usage_complete":true,"usage_observed":true}],"usage_known":true,"input_tokens":7,"output_tokens":5}
2026-09-18T10:40:34.2518679Z [WebServer] {"time":"2026-09-18T10:40:34.251188882Z","level":"INFO","msg":"authority refreshed","sequence":4,"keys":2,"revoked_credentials":0}
2026-09-18T10:40:39.2552928Z [WebServer] {"time":"2026-09-18T10:40:39.254586729Z","level":"INFO","msg":"release installed","sequence":4,"sha256":"c1f3c223b45bb879fa8749cba3a905cd3ef7e1c9bccbf35d177384a946441b72","providers":2,"routes":1}
2026-09-18T10:40:40.1953628Z [WebServer] {"time":"2026-09-18T10:40:40.194050821Z","level":"INFO","msg":"inference request","request_id":"01a0b41a-a502-7073-b1b6-2f97f1509b3a","accounting_id":"01a0b41a-a502-7073-b1b6-2f97f1509b3a","client_ip":"127.0.0.1","route_revision_id":"","started_at":"2026-09-18T10:40:40.194032406Z","usage":null,"actor":"playground","key_id":"","user_id":"01a0b41a-5e87-7e31-831a-930f2c21d52c","route":"","release_sequence":4,"family":"chat","mode":"unary","operation":"generation","surface":"openai","runtime_generation_id":"01a0b41a-9f0a-7404-bab2-c3859f8291c2","outcome":"failure","status":404,"error_class":"route_not_found","committed":false,"completed_at":"2026-09-18T10:40:40.194037334Z","duration":4928,"first_byte":null,"attempt_count":0,"attempts":[],"usage_known":false}
2026-09-18T10:40:44.2523113Z [WebServer] {"time":"2026-09-18T10:40:44.251626925Z","level":"INFO","msg":"release installed","sequence":5,"sha256":"f56ac3cea82d08066ee2a8562dd09c06db3fedd59004bdeef6767743ddc7f55b","providers":2,"routes":2}
2026-09-18T10:40:45.7441024Z [WebServer] {"time":"2026-09-18T10:40:45.742756151Z","level":"INFO","msg":"inference request","request_id":"01a0b41a-baad-72c6-8eb3-f4a87db9f1eb","accounting_id":"01a0b41a-baad-72c6-8eb3-f4a87db9f1eb","client_ip":"127.0.0.1","route_revision_id":"01a0b41a-a3f9-73e4-ad49-54125e457e4e","started_at":"2026-09-18T10:40:45.741184622Z","usage":{"input_tokens":7,"output_tokens":5,"total_tokens":12},"actor":"playground","key_id":"","user_id":"01a0b41a-5e87-7e31-831a-930f2c21d52c","route":"provider-pool-route","release_sequence":5,"family":"chat","mode":"unary","operation":"generation","surface":"openai","runtime_generation_id":"01a0b41a-a3fd-7948-abc7-dbe6490ff1f3","outcome":"success","status":200,"error_class":"","committed":false,"completed_at":"2026-09-18T10:40:45.742741743Z","duration":1557121,"first_byte":null,"attempt_count":1,"attempts":[{"billing_uncertain":false,"class":"success","committed":false,"credential_id":"01a0b41a-99f3-7457-ace6-769a4747b64b","credential_version":1,"duration":956622,"first_byte":896169,"mode":"unary","ordinal":1,"provider_id":"01a0b41a-99f2-7a02-96c7-0a629ec513bd","provider_revision_id":"01a0b41a-9f06-7a7d-9830-e9cd579c9664","retry_after":null,"slot_id":"01a0b41a-99f4-75d1-89c0-43f0a014fe89","started_at":"2026-09-18T10:40:45.741779657Z","status":200,"target_id":"01a0b41a-a18f-7c2f-98f1-b9e318e0218c","upstream_model":"vertical-e2e-deployment","usage":{"input_tokens":7,"output_tokens":5,"total_tokens":12},"usage_complete":true,"usage_observed":true}],"usage_known":true,"input_tokens":7,"output_tokens":5}
2026-09-18T10:40:46.5969773Z [WebServer] {"time":"2026-09-18T10:40:46.595533169Z","level":"INFO","msg":"inference request","request_id":"01a0b41a-be02-732b-8b76-c8fc2ce8bb25","accounting_id":"01a0b41a-be02-732b-8b76-c8fc2ce8bb25","client_ip":"127.0.0.1","route_revision_id":"01a0b41a-a3f9-73e4-ad49-54125e457e4e","started_at":"2026-09-18T10:40:46.59421024Z","usage":{"input_tokens":7,"output_tokens":5,"total_tokens":12},"actor":"playground","key_id":"","user_id":"01a0b41a-5e87-7e31-831a-930f2c21d52c","route":"provider-pool-route","release_sequence":5,"family":"chat","mode":"unary","operation":"generation","surface":"openai","runtime_generation_id":"01a0b41a-a3fd-7948-abc7-dbe6490ff1f3","outcome":"success","status":200,"error_class":"","committed":false,"completed_at":"2026-09-18T10:40:46.595518442Z","duration":1308202,"first_byte":null,"attempt_count":1,"attempts":[{"billing_uncertain":false,"class":"success","committed":false,"credential_id":"01a0b41a-99f3-7457-ace6-769a4747b64b","credential_version":1,"duration":689355,"first_byte":637630,"mode":"unary","ordinal":1,"provider_id":"01a0b41a-99f2-7a02-96c7-0a629ec513bd","provider_revision_id":"01a0b41a-9f06-7a7d-9830-e9cd579c9664","retry_after":null,"slot_id":"01a0b41a-99f4-75d1-89c0-43f0a014fe89","started_at":"2026-09-18T10:40:46.594823351Z","status":200,"target_id":"01a0b41a-a18f-7c2f-98f1-b9e318e0218c","upstream_model":"vertical-e2e-deployment","usage":{"input_tokens":7,"output_tokens":5,"total_tokens":12},"usage_complete":true,"usage_observed":true}],"usage_known":true,"input_tokens":7,"output_tokens":5}
2026-09-18T10:40:49.2520122Z [WebServer] {"time":"2026-09-18T10:40:49.251282635Z","level":"INFO","msg":"release installed","sequence":6,"sha256":"2949caa60f0b1d87986c57d05341272527997e281ca2686002c1d8c6540e2ca7","providers":2,"routes":2}
2026-09-18T10:41:19.2595033Z [WebServer] {"time":"2026-09-18T10:41:19.258681138Z","level":"INFO","msg":"reconciled cost budgets","keys":1,"daily_windows":1,"monthly_windows":1}
2026-09-18T10:42:00.8612365Z [WebServer] {"time":"2026-09-18T10:42:00.857878545Z","level":"INFO","msg":"process stopped","mode":"all"}
2026-09-18T10:42:00.9224917Z ······°
2026-09-18T10:42:00.9227051Z   1 skipped
2026-09-18T10:42:00.9227315Z   6 passed (1.7m)
2026-09-18T10:42:00.9256256Z ##[notice]  1 skipped
  6 passed (1.7m)
2026-09-18T10:42:01.0507302Z Unable to find image 'valkey/valkey:9-alpine' locally
2026-09-18T10:42:01.5799367Z 9-alpine: Pulling from valkey/valkey
2026-09-18T10:42:01.7313699Z 5de55e5ef9c0: Already exists
2026-09-18T10:42:01.7327077Z eae105ef813d: Pulling fs layer
2026-09-18T10:42:01.7327781Z b9f9cdd6b6ad: Pulling fs layer
2026-09-18T10:42:01.7328151Z 33ac08bd0326: Pulling fs layer
2026-09-18T10:42:01.7328582Z 2ce83da715ac: Pulling fs layer
2026-09-18T10:42:01.7328959Z 4f4fb700ef54: Pulling fs layer
2026-09-18T10:42:01.7329278Z 7509274b0176: Pulling fs layer
2026-09-18T10:42:01.7329663Z 2ce83da715ac: Waiting
2026-09-18T10:42:01.7329951Z 4f4fb700ef54: Waiting
2026-09-18T10:42:01.7330276Z 7509274b0176: Waiting
2026-09-18T10:42:01.8695484Z eae105ef813d: Verifying Checksum
2026-09-18T10:42:01.8701434Z eae105ef813d: Download complete
2026-09-18T10:42:01.9003286Z eae105ef813d: Pull complete
2026-09-18T10:42:02.0113942Z 2ce83da715ac: Verifying Checksum
2026-09-18T10:42:02.0114403Z 2ce83da715ac: Download complete
2026-09-18T10:42:02.0263579Z b9f9cdd6b6ad: Verifying Checksum
2026-09-18T10:42:02.0264666Z b9f9cdd6b6ad: Download complete
2026-09-18T10:42:02.0278783Z 33ac08bd0326: Verifying Checksum
2026-09-18T10:42:02.0280617Z 33ac08bd0326: Download complete
2026-09-18T10:42:02.1484891Z 4f4fb700ef54: Verifying Checksum
2026-09-18T10:42:02.1485431Z 4f4fb700ef54: Download complete
2026-09-18T10:42:02.1605855Z 7509274b0176: Verifying Checksum
2026-09-18T10:42:02.1606259Z 7509274b0176: Download complete
2026-09-18T10:42:02.2505894Z b9f9cdd6b6ad: Pull complete
2026-09-18T10:42:02.5096084Z 33ac08bd0326: Pull complete
2026-09-18T10:42:02.5199152Z 2ce83da715ac: Pull complete
2026-09-18T10:42:02.5277931Z 4f4fb700ef54: Pull complete
2026-09-18T10:42:02.5369063Z 7509274b0176: Pull complete
2026-09-18T10:42:02.5412749Z Digest: sha256:a0dbf4c1d5708782907c10e2c72deff317518518b5288a58416981d9db95d30b
2026-09-18T10:42:02.5426798Z Status: Downloaded newer image for valkey/valkey:9-alpine
2026-09-18T10:42:04.7764240Z Restored and verified the Go installation, keys, migration history and runtime identity.
2026-09-18T10:42:06.3871229Z [WebServer] {"time":"2026-09-18T10:42:06.38525022Z","level":"INFO","msg":"authority refreshed","sequence":4,"keys":2,"revoked_credentials":0}
2026-09-18T10:42:06.3885529Z [WebServer] {"time":"2026-09-18T10:42:06.388063452Z","level":"INFO","msg":"release installed","sequence":6,"sha256":"2949caa60f0b1d87986c57d05341272527997e281ca2686002c1d8c6540e2ca7","providers":2,"routes":2}
2026-09-18T10:42:06.3967845Z [WebServer] {"time":"2026-09-18T10:42:06.395862811Z","level":"INFO","msg":"request metadata gateway registered","gateway_instance":"runnervmec22z-1-01a0b41bf5b777bab26c18fba1410ac4"}
2026-09-18T10:42:06.3984592Z [WebServer] {"time":"2026-09-18T10:42:06.397610606Z","level":"INFO","msg":"listener started","mode":"all","listener":"private","address":"127.0.0.1:4177"}
2026-09-18T10:42:06.3986697Z [WebServer] {"time":"2026-09-18T10:42:06.397877921Z","level":"INFO","msg":"listener started","mode":"all","listener":"public","address":"127.0.0.1:4175"}
2026-09-18T10:42:06.4119866Z [WebServer] {"time":"2026-09-18T10:42:06.411532637Z","level":"INFO","msg":"reconciled cost budgets","keys":1,"daily_windows":1,"monthly_windows":1}
2026-09-18T10:42:06.9592608Z 
2026-09-18T10:42:06.9593466Z Running 1 test using 1 worker
2026-09-18T10:42:11.3940120Z [WebServer] {"time":"2026-09-18T10:42:11.393263658Z","level":"INFO","msg":"authority refreshed","sequence":5,"keys":3,"revoked_credentials":0}
2026-09-18T10:42:12.1537903Z [WebServer] {"time":"2026-09-18T10:42:12.150991262Z","level":"INFO","msg":"inference request","request_id":"01a0b41c-0c33-7efb-8de5-93edc954edbb","accounting_id":"01a0b41c-0c33-7efb-8de5-93edc954edbb","client_ip":"127.0.0.1","route_revision_id":"01a0b41a-754d-7ee1-8d9d-4821df82edde","started_at":"2026-09-18T10:42:12.14798503Z","usage":{"input_tokens":7,"output_tokens":5,"total_tokens":12},"actor":"api_key","key_id":"01a0b41b-fd24-723c-a371-e8bffc9dcc4d","user_id":"","route":"vertical-all-protocols","release_sequence":6,"family":"responses","mode":"unary","operation":"generation","surface":"openai","runtime_generation_id":"01a0b41a-bce9-73da-ab42-8d0645a6a94e","outcome":"success","status":200,"error_class":"","committed":true,"completed_at":"2026-09-18T10:42:12.150970447Z","duration":2985425,"first_byte":2983601,"attempt_count":1,"attempts":[{"billing_uncertain":false,"class":"success","committed":true,"credential_id":"01a0b41a-69d6-7c8a-925b-cdbffcc0063a","credential_version":1,"duration":2152859,"first_byte":2062448,"mode":"unary","ordinal":1,"provider_id":"01a0b41a-69d5-7f02-9283-457d4deb16da","provider_revision_id":"01a0b41a-6f3c-7120-8f7f-bbd0a8fa889c","retry_after":null,"slot_id":"01a0b41a-69d8-758d-8119-b855b8cc474b","started_at":"2026-09-18T10:42:12.148753503Z","status":200,"target_id":"01a0b41a-7058-75aa-ae55-755e23ff0f47","upstream_model":"vertical-e2e-deployment","usage":{"input_tokens":7,"output_tokens":5,"total_tokens":12},"usage_complete":true,"usage_observed":true}],"usage_known":true,"input_tokens":7,"output_tokens":5}
2026-09-18T10:42:12.2855076Z [WebServer] {"time":"2026-09-18T10:42:12.28122048Z","level":"INFO","msg":"inference request","request_id":"01a0b41c-0cb7-7113-81e8-2cd5c670e6f9","accounting_id":"01a0b41c-0cb7-7113-81e8-2cd5c670e6f9","client_ip":"127.0.0.1","route_revision_id":"01a0b41a-754d-7ee1-8d9d-4821df82edde","started_at":"2026-09-18T10:42:12.279075117Z","usage":{"input_tokens":7,"output_tokens":5,"total_tokens":12},"actor":"api_key","key_id":"01a0b41b-fd24-723c-a371-e8bffc9dcc4d","user_id":"","route":"vertical-all-protocols","release_sequence":6,"family":"responses","mode":"unary","operation":"generation","surface":"openai","runtime_generation_id":"01a0b41a-bce9-73da-ab42-8d0645a6a94e","outcome":"success","status":200,"error_class":"","committed":true,"completed_at":"2026-09-18T10:42:12.281203009Z","duration":2127892,"first_byte":2125900,"attempt_count":1,"attempts":[{"billing_uncertain":false,"class":"success","committed":true,"credential_id":"01a0b41a-69d6-7c8a-925b-cdbffcc0063a","credential_version":1,"duration":1345636,"first_byte":1285447,"mode":"unary","ordinal":1,"provider_id":"01a0b41a-69d5-7f02-9283-457d4deb16da","provider_revision_id":"01a0b41a-6f3c-7120-8f7f-bbd0a8fa889c","retry_after":null,"slot_id":"01a0b41a-69d8-758d-8119-b855b8cc474b","started_at":"2026-09-18T10:42:12.279797984Z","status":200,"target_id":"01a0b41a-7058-75aa-ae55-755e23ff0f47","upstream_model":"vertical-e2e-deployment","usage":{"input_tokens":7,"output_tokens":5,"total_tokens":12},"usage_complete":true,"usage_observed":true}],"usage_known":true,"input_tokens":7,"output_tokens":5}
2026-09-18T10:42:12.5444616Z [WebServer] {"time":"2026-09-18T10:42:12.542613583Z","level":"INFO","msg":"inference request","request_id":"01a0b41c-0dbc-7ba2-adc3-2e2f34de39cc","accounting_id":"01a0b41c-0dbc-7ba2-adc3-2e2f34de39cc","client_ip":"127.0.0.1","route_revision_id":"01a0b41a-754d-7ee1-8d9d-4821df82edde","started_at":"2026-09-18T10:42:12.540765149Z","usage":{"input_tokens":7,"output_tokens":5,"total_tokens":12},"actor":"playground","key_id":"","user_id":"01a0b41a-5e87-7e31-831a-930f2c21d52c","route":"vertical-all-protocols","release_sequence":6,"family":"chat","mode":"unary","operation":"generation","surface":"openai","runtime_generation_id":"01a0b41a-bce9-73da-ab42-8d0645a6a94e","outcome":"success","status":200,"error_class":"","committed":false,"completed_at":"2026-09-18T10:42:12.54259636Z","duration":1831211,"first_byte":null,"attempt_count":1,"attempts":[{"billing_uncertain":false,"class":"success","committed":false,"credential_id":"01a0b41a-69d6-7c8a-925b-cdbffcc0063a","credential_version":1,"duration":1017948,"first_byte":937656,"mode":"unary","ordinal":1,"provider_id":"01a0b41a-69d5-7f02-9283-457d4deb16da","provider_revision_id":"01a0b41a-6f3c-7120-8f7f-bbd0a8fa889c","retry_after":null,"slot_id":"01a0b41a-69d8-758d-8119-b855b8cc474b","started_at":"2026-09-18T10:42:12.54157298Z","status":200,"target_id":"01a0b41a-7058-75aa-ae55-755e23ff0f47","upstream_model":"vertical-e2e-deployment","usage":{"input_tokens":7,"output_tokens":5,"total_tokens":12},"usage_complete":true,"usage_observed":true}],"usage_known":true,"input_tokens":7,"output_tokens":5}
2026-09-18T10:42:12.6335901Z [WebServer] {"time":"2026-09-18T10:42:12.632583165Z","level":"INFO","msg":"process stopped","mode":"all"}
2026-09-18T10:42:12.6931563Z ·
2026-09-18T10:42:12.6934131Z   1 passed (6.9s)
2026-09-18T10:42:12.6939779Z ##[notice]  1 passed (6.9s)
2026-09-18T10:42:12.7430288Z Restore drill passed: historical requests=4, requests after inference=6
2026-09-18T10:42:12.9760027Z  Container olp-candidate-5567-19759-valkey-1  Stopping
2026-09-18T10:42:12.9761767Z  Container olp-candidate-5567-19759-postgres-1  Stopping
2026-09-18T10:42:13.0968202Z  Container olp-candidate-5567-19759-postgres-1  Stopped
2026-09-18T10:42:13.0969411Z  Container olp-candidate-5567-19759-postgres-1  Removing
2026-09-18T10:42:13.1008509Z  Container olp-candidate-5567-19759-postgres-1  Removed
2026-09-18T10:42:13.1509074Z  Container olp-candidate-5567-19759-valkey-1  Stopped
2026-09-18T10:42:13.1511441Z  Container olp-candidate-5567-19759-valkey-1  Removing
2026-09-18T10:42:13.1547116Z  Container olp-candidate-5567-19759-valkey-1  Removed
2026-09-18T10:42:13.1553169Z  Volume olp-candidate-5567-19759_postgres-go  Removing
2026-09-18T10:42:13.1553701Z  Volume olp-candidate-5567-19759_valkey-go  Removing
2026-09-18T10:42:13.1555375Z  Network olp-candidate-5567-19759_default  Removing
2026-09-18T10:42:13.1564415Z  Volume olp-candidate-5567-19759_valkey-go  Removed
2026-09-18T10:42:13.1744831Z  Volume olp-candidate-5567-19759_postgres-go  Removed
2026-09-18T10:42:13.2379237Z  Network olp-candidate-5567-19759_default  Removed
2026-09-18T10:42:13.2491986Z ##[group]Run actions/upload-artifact@b7c566a772e6b6bfb58ed0dc250532a479d7789f
2026-09-18T10:42:13.2492751Z with:
2026-09-18T10:42:13.2493219Z   name: packaged-ubuntu-24.04-arm
2026-09-18T10:42:13.2493896Z   path: /home/runner/work/_temp/olp-candidate-scan/*.json
/home/runner/work/_temp/olp-candidate-scan/native-inventory
console/test-results

2026-09-18T10:42:13.2494514Z   if-no-files-found: warn
2026-09-18T10:42:13.2494762Z   compression-level: 6
2026-09-18T10:42:13.2495085Z   overwrite: false
2026-09-18T10:42:13.2495326Z   include-hidden-files: false
2026-09-18T10:42:13.2495629Z env:
2026-09-18T10:42:13.2495835Z   GOTOOLCHAIN: local
2026-09-18T10:42:13.2496132Z   PNPM_HOME: /home/runner/setup-pnpm/node_modules/.bin
2026-09-18T10:42:13.2496483Z ##[endgroup]
2026-09-18T10:42:13.3936877Z Multiple search paths detected. Calculating the least common ancestor of all paths
2026-09-18T10:42:13.3938647Z The least common ancestor is /home/runner/work. This will be the root directory of the artifact
2026-09-18T10:42:13.3939331Z With the provided path, there will be 47 files uploaded
2026-09-18T10:42:13.3943155Z Artifact name is valid!
2026-09-18T10:42:13.3943962Z Root directory input is valid!
2026-09-18T10:42:13.6811111Z Beginning upload of artifact content to blob storage
2026-09-18T10:42:14.8910039Z Uploaded bytes 8388608
2026-09-18T10:42:14.9301485Z Uploaded bytes 8392519
2026-09-18T10:42:14.9713054Z Finished uploading artifact content to blob storage!
2026-09-18T10:42:14.9716189Z SHA256 digest of uploaded artifact zip is cfb91a61ed08d279607111c03c2a488fd4824ad88862b08444bdf8c44bd0e2c9
2026-09-18T10:42:14.9717903Z Finalizing artifact upload
2026-09-18T10:42:15.2304761Z Artifact packaged-ubuntu-24.04-arm.zip successfully finalized. Artifact ID 10543362299
2026-09-18T10:42:15.2306096Z Artifact packaged-ubuntu-24.04-arm has been successfully uploaded! Final size is 8392519 bytes. Artifact ID is 10543362299
2026-09-18T10:42:15.2309937Z Artifact download URL: https://github.com/tyk-swe/olp/actions/runs/35334054213/artifacts/10543362299
2026-09-18T10:42:15.2486043Z Post job cleanup.
2026-09-18T10:42:15.4228405Z ##[group]Logout from ghcr.io
2026-09-18T10:42:15.4277394Z [command]/usr/bin/docker logout ghcr.io
2026-09-18T10:42:15.4403861Z Removing login credentials for ghcr.io
2026-09-18T10:42:15.4423515Z ##[endgroup]
2026-09-18T10:42:15.4424114Z ##[group]Post cache
2026-09-18T10:42:15.4424751Z State not set
2026-09-18T10:42:15.4425667Z ##[endgroup]
2026-09-18T10:42:15.4571654Z Post job cleanup.
2026-09-18T10:42:15.6098877Z ##[group]Removing builder
2026-09-18T10:42:15.7040538Z [command]/usr/bin/docker buildx rm builder-b74b8d03-02a8-46e0-8676-8c83a605b3bc
2026-09-18T10:42:15.8343628Z builder-b74b8d03-02a8-46e0-8676-8c83a605b3bc removed
2026-09-18T10:42:15.8376985Z ##[endgroup]
2026-09-18T10:42:15.8377663Z ##[group]Cleaning up certificates
2026-09-18T10:42:15.8379789Z ##[endgroup]
2026-09-18T10:42:15.8380611Z ##[group]Post cache
2026-09-18T10:42:15.8381882Z State not set
2026-09-18T10:42:15.8382452Z ##[endgroup]
2026-09-18T10:42:15.8526718Z Post job cleanup.
2026-09-18T10:42:15.8533274Z ##[start-action display=Run actions/setup-node@820762786026740c76f36085b0efc47a31fe5020;id=__47be1d6f-fd56-4690-9849-6f9b64bf1fbb.__actions_setup-node]
2026-09-18T10:42:15.8581040Z Post job cleanup.
2026-09-18T10:42:15.9739488Z [command]/usr/bin/tar --posix -cf cache.tzst --exclude cache.tzst -P -C /home/runner/work/olp/olp --files-from manifest.txt --use-compress-program zstdmt
2026-09-18T10:42:17.6510440Z Sent 56230293 of 56230293 (100.0%), 53.6 MBs/sec
2026-09-18T10:42:17.9878215Z Cache saved with the key: node-cache-Linux-arm64-pnpm-9f58594c242bf5e569eea53d3e37b4ccf49bca194ccaae07d92574d4dca62533
2026-09-18T10:42:17.9949771Z ##[end-action id=__47be1d6f-fd56-4690-9849-6f9b64bf1fbb.__actions_setup-node;outcome=success;conclusion=success;duration_ms=2141]
2026-09-18T10:42:17.9952721Z ##[start-action display=Run pnpm/action-setup@ea17c68df8912ef543352723c149a84f56e3d413;id=__47be1d6f-fd56-4690-9849-6f9b64bf1fbb.__pnpm_action-setup]
2026-09-18T10:42:17.9987600Z Post job cleanup.
2026-09-18T10:42:18.1176234Z Pruning is unnecessary.
2026-09-18T10:42:18.1240846Z ##[end-action id=__47be1d6f-fd56-4690-9849-6f9b64bf1fbb.__pnpm_action-setup;outcome=success;conclusion=success;duration_ms=128]
2026-09-18T10:42:18.1244297Z ##[start-action display=Run actions/setup-go@924ae3a1cded613372ab5595356fb5720e22ba16;id=__47be1d6f-fd56-4690-9849-6f9b64bf1fbb.__actions_setup-go]
2026-09-18T10:42:18.1283853Z Post job cleanup.
2026-09-18T10:42:18.2288675Z [command]/opt/hostedtoolcache/go/1.27.1/arm64/bin/go env GOMODCACHE
2026-09-18T10:42:18.2345682Z [command]/opt/hostedtoolcache/go/1.27.1/arm64/bin/go env GOCACHE
2026-09-18T10:42:18.2373112Z /home/runner/go/pkg/mod
2026-09-18T10:42:18.2373798Z /home/runner/.cache/go-build
2026-09-18T10:42:18.2527252Z [command]/usr/bin/tar --posix -cf cache.tzst --exclude cache.tzst -P -C /home/runner/work/olp/olp --files-from manifest.txt --use-compress-program zstdmt
2026-09-18T10:42:20.2276376Z Sent 27149763 of 161367491 (16.8%), 25.9 MBs/sec
2026-09-18T10:42:20.8028131Z Sent 161367491 of 161367491 (100.0%), 97.6 MBs/sec
2026-09-18T10:42:20.9733080Z Cache saved with the key: setup-go-Linux-arm64-ubuntu24-arm64-go-1.27.1-6907cd9f6b0643e4f370533693c6212e6e01d21c485d39d220f91f38f43c10b0
2026-09-18T10:42:20.9809070Z ##[end-action id=__47be1d6f-fd56-4690-9849-6f9b64bf1fbb.__actions_setup-go;outcome=success;conclusion=success;duration_ms=2856]
2026-09-18T10:42:20.9877118Z Post job cleanup.
2026-09-18T10:42:21.0555093Z [command]/usr/bin/git version
2026-09-18T10:42:21.0594235Z git version 2.55.0
2026-09-18T10:42:21.0630883Z Temporarily overriding HOME='/home/runner/work/_temp/28ce9868-c1c8-4292-b9ab-d0af98030324' before making global git config changes
2026-09-18T10:42:21.0632114Z Adding repository directory to the temporary git global config as a safe directory
2026-09-18T10:42:21.0635744Z [command]/usr/bin/git config --global --add safe.directory /home/runner/work/olp/olp
2026-09-18T10:42:21.0670330Z Removing SSH command configuration
2026-09-18T10:42:21.0676519Z [command]/usr/bin/git config --local --name-only --get-regexp core\.sshCommand
2026-09-18T10:42:21.0711435Z [command]/usr/bin/git submodule foreach --recursive sh -c "git config --local --name-only --get-regexp 'core\.sshCommand' && git config --local --unset-all 'core.sshCommand' || :"
2026-09-18T10:42:21.0896449Z Removing HTTP extra header
2026-09-18T10:42:21.0903004Z [command]/usr/bin/git config --local --name-only --get-regexp http\.https\:\/\/github\.com\/\.extraheader
2026-09-18T10:42:21.0936534Z [command]/usr/bin/git submodule foreach --recursive sh -c "git config --local --name-only --get-regexp 'http\.https\:\/\/github\.com\/\.extraheader' && git config --local --unset-all 'http.https://github.com/.extraheader' || :"
2026-09-18T10:42:21.1114048Z Removing includeIf entries pointing to credentials config files
2026-09-18T10:42:21.1121996Z [command]/usr/bin/git config --local --name-only --get-regexp ^includeIf\.gitdir:
2026-09-18T10:42:21.1146167Z includeif.gitdir:/home/runner/work/olp/olp/.git.path
2026-09-18T10:42:21.1147169Z includeif.gitdir:/home/runner/work/olp/olp/.git/worktrees/*.path
2026-09-18T10:42:21.1147720Z includeif.gitdir:/github/workspace/.git.path
2026-09-18T10:42:21.1148158Z includeif.gitdir:/github/workspace/.git/worktrees/*.path
2026-09-18T10:42:21.1153579Z [command]/usr/bin/git config --local --get-all includeif.gitdir:/home/runner/work/olp/olp/.git.path
2026-09-18T10:42:21.1175925Z /home/runner/work/_temp/git-credentials-c28307ab-1de2-4b6f-ad09-05477b15518a.config
2026-09-18T10:42:21.1187168Z [command]/usr/bin/git config --local --unset includeif.gitdir:/home/runner/work/olp/olp/.git.path \/home\/runner\/work\/_temp\/git\-credentials\-c28307ab\-1de2\-4b6f\-ad09\-05477b15518a\.config
2026-09-18T10:42:21.1218890Z [command]/usr/bin/git config --local --get-all includeif.gitdir:/home/runner/work/olp/olp/.git/worktrees/*.path
2026-09-18T10:42:21.1241614Z /home/runner/work/_temp/git-credentials-c28307ab-1de2-4b6f-ad09-05477b15518a.config
2026-09-18T10:42:21.1249587Z [command]/usr/bin/git config --local --unset includeif.gitdir:/home/runner/work/olp/olp/.git/worktrees/*.path \/home\/runner\/work\/_temp\/git\-credentials\-c28307ab\-1de2\-4b6f\-ad09\-05477b15518a\.config
2026-09-18T10:42:21.1283565Z [command]/usr/bin/git config --local --get-all includeif.gitdir:/github/workspace/.git.path
2026-09-18T10:42:21.1306054Z /github/runner_temp/git-credentials-c28307ab-1de2-4b6f-ad09-05477b15518a.config
2026-09-18T10:42:21.1312148Z [command]/usr/bin/git config --local --unset includeif.gitdir:/github/workspace/.git.path \/github\/runner_temp\/git\-credentials\-c28307ab\-1de2\-4b6f\-ad09\-05477b15518a\.config
2026-09-18T10:42:21.1344180Z [command]/usr/bin/git config --local --get-all includeif.gitdir:/github/workspace/.git/worktrees/*.path
2026-09-18T10:42:21.1366453Z /github/runner_temp/git-credentials-c28307ab-1de2-4b6f-ad09-05477b15518a.config
2026-09-18T10:42:21.1373238Z [command]/usr/bin/git config --local --unset includeif.gitdir:/github/workspace/.git/worktrees/*.path \/github\/runner_temp\/git\-credentials\-c28307ab\-1de2\-4b6f\-ad09\-05477b15518a\.config
2026-09-18T10:42:21.1406217Z [command]/usr/bin/git submodule foreach --recursive git config --local --show-origin --name-only --get-regexp remote.origin.url
2026-09-18T10:42:21.1588941Z Removing credentials config '/home/runner/work/_temp/git-credentials-c28307ab-1de2-4b6f-ad09-05477b15518a.config'
2026-09-18T10:42:21.1718321Z Cleaning up orphan processes
