2026-09-18T10:37:57.9849883Z Current runner version: '2.337.0'
2026-09-18T10:37:57.9877004Z ##[group]Runner Image Provisioner
2026-09-18T10:37:57.9877929Z Hosted Compute Agent
2026-09-18T10:37:57.9878599Z Version: 20260828.587
2026-09-18T10:37:57.9879331Z Commit: abac92662cab4cc7352de4f9f9d2e2419aad9c29
2026-09-18T10:37:57.9880118Z Build Date: 2026-08-28T16:44:25Z
2026-09-18T10:37:57.9880895Z Worker ID: {42c329a1-55f2-45f9-8a74-e9901bb1a7c1}
2026-09-18T10:37:57.9881621Z Azure Region: centralus
2026-09-18T10:37:57.9882240Z ##[endgroup]
2026-09-18T10:37:57.9883780Z ##[group]Operating System
2026-09-18T10:37:57.9884463Z Ubuntu
2026-09-18T10:37:57.9885289Z 24.04.5
2026-09-18T10:37:57.9885833Z LTS
2026-09-18T10:37:57.9886335Z ##[endgroup]
2026-09-18T10:37:57.9887039Z ##[group]Runner Image
2026-09-18T10:37:57.9887665Z Image: ubuntu-24.04
2026-09-18T10:37:57.9888284Z Version: 20260907.300.1
2026-09-18T10:37:57.9889578Z Included Software: https://github.com/actions/runner-images/blob/ubuntu24/20260907.300/images/ubuntu/Ubuntu2404-Readme.md
2026-09-18T10:37:57.9891285Z Image Release: https://github.com/actions/runner-images/releases/tag/ubuntu24%2F20260907.300
2026-09-18T10:37:57.9892273Z ##[endgroup]
2026-09-18T10:37:57.9893497Z ##[group]GITHUB_TOKEN Permissions
2026-09-18T10:37:57.9896017Z Contents: read
2026-09-18T10:37:57.9897102Z Metadata: read
2026-09-18T10:37:57.9897718Z Packages: read
2026-09-18T10:37:57.9898289Z ##[endgroup]
2026-09-18T10:37:57.9900555Z Secret source: Actions
2026-09-18T10:37:57.9901511Z Cache mode: write
2026-09-18T10:37:57.9902614Z Prepare workflow directory
2026-09-18T10:37:58.0376214Z Prepare all required actions
2026-09-18T10:37:58.0447931Z Getting action download info
2026-09-18T10:37:58.3125830Z Download action repository 'actions/checkout@3d3c42e5aac5ba805825da76410c181273ba90b1' (SHA:3d3c42e5aac5ba805825da76410c181273ba90b1)
2026-09-18T10:37:58.4460667Z Download action repository 'docker/setup-buildx-action@37fe631027851001ddb9b187196cc803df7f5f0e' (SHA:37fe631027851001ddb9b187196cc803df7f5f0e)
2026-09-18T10:37:59.0514631Z Download action repository 'docker/login-action@dbcb813823bdd20940b903addbd779551569679f' (SHA:dbcb813823bdd20940b903addbd779551569679f)
2026-09-18T10:37:59.5309645Z Download action repository 'actions/upload-artifact@b7c566a772e6b6bfb58ed0dc250532a479d7789f' (SHA:b7c566a772e6b6bfb58ed0dc250532a479d7789f)
2026-09-18T10:37:59.7771908Z Complete job name: packaged (ubuntu-24.04, linux/amd64)
2026-09-18T10:37:59.8754728Z ##[group]Run actions/checkout@3d3c42e5aac5ba805825da76410c181273ba90b1
2026-09-18T10:37:59.8756902Z with:
2026-09-18T10:37:59.8757785Z   repository: tyk-swe/olp
2026-09-18T10:37:59.8767107Z   token: ***
2026-09-18T10:37:59.8767994Z   ssh-strict: true
2026-09-18T10:37:59.8768889Z   ssh-user: git
2026-09-18T10:37:59.8769811Z   persist-credentials: true
2026-09-18T10:37:59.8770840Z   clean: true
2026-09-18T10:37:59.8771757Z   sparse-checkout-cone-mode: true
2026-09-18T10:37:59.8772839Z   fetch-depth: 1
2026-09-18T10:37:59.8773732Z   fetch-tags: false
2026-09-18T10:37:59.8774660Z   show-progress: true
2026-09-18T10:37:59.8775781Z   lfs: false
2026-09-18T10:37:59.8776666Z   submodules: false
2026-09-18T10:37:59.8777602Z   set-safe-directory: true
2026-09-18T10:37:59.8778664Z   allow-unsafe-pr-checkout: false
2026-09-18T10:37:59.8780105Z ##[endgroup]
2026-09-18T10:37:59.9904112Z Syncing repository: tyk-swe/olp
2026-09-18T10:37:59.9908795Z ##[group]Getting Git version info
2026-09-18T10:37:59.9911264Z Working directory is '/home/runner/work/olp/olp'
2026-09-18T10:37:59.9914533Z [command]/usr/bin/git version
2026-09-18T10:37:59.9982502Z git version 2.55.0
2026-09-18T10:38:00.0012065Z ##[endgroup]
2026-09-18T10:38:00.0027629Z Temporarily overriding HOME='/home/runner/work/_temp/20994102-f2be-4b24-8c7a-f53f7828b447' before making global git config changes
2026-09-18T10:38:00.0033120Z Adding repository directory to the temporary git global config as a safe directory
2026-09-18T10:38:00.0037607Z [command]/usr/bin/git config --global --add safe.directory /home/runner/work/olp/olp
2026-09-18T10:38:00.0114578Z Deleting the contents of '/home/runner/work/olp/olp'
2026-09-18T10:38:00.0118597Z ##[group]Determining repository object format
2026-09-18T10:38:00.0121115Z ##[endgroup]
2026-09-18T10:38:00.0122614Z ##[group]Initializing the repository
2026-09-18T10:38:00.0123914Z [command]/usr/bin/git init /home/runner/work/olp/olp
2026-09-18T10:38:00.0321659Z hint: Using 'master' as the name for the initial branch. This default branch name
2026-09-18T10:38:00.0326333Z hint: will change to "main" in Git 3.0. To configure the initial branch name
2026-09-18T10:38:00.0330045Z hint: to use in all of your new repositories, which will suppress this warning,
2026-09-18T10:38:00.0332904Z hint: call:
2026-09-18T10:38:00.0334514Z hint:
2026-09-18T10:38:00.0336904Z hint: 	git config --global init.defaultBranch <name>
2026-09-18T10:38:00.0339236Z hint:
2026-09-18T10:38:00.0341426Z hint: Names commonly chosen instead of 'master' are 'main', 'trunk' and
2026-09-18T10:38:00.0343863Z hint: 'development'. The just-created branch can be renamed via this command:
2026-09-18T10:38:00.0347200Z hint:
2026-09-18T10:38:00.0348862Z hint: 	git branch -m <name>
2026-09-18T10:38:00.0350695Z hint:
2026-09-18T10:38:00.0353188Z hint: Disable this message with "git config set advice.defaultBranchName false"
2026-09-18T10:38:00.0357074Z Initialized empty Git repository in /home/runner/work/olp/olp/.git/
2026-09-18T10:38:00.0363359Z [command]/usr/bin/git remote add origin https://github.com/tyk-swe/olp
2026-09-18T10:38:00.0414412Z ##[endgroup]
2026-09-18T10:38:00.0417805Z ##[group]Disabling automatic garbage collection
2026-09-18T10:38:00.0420822Z [command]/usr/bin/git config --local gc.auto 0
2026-09-18T10:38:00.0473999Z ##[endgroup]
2026-09-18T10:38:00.0477499Z ##[group]Setting up auth
2026-09-18T10:38:00.0480199Z Removing SSH command configuration
2026-09-18T10:38:00.0483507Z [command]/usr/bin/git config --local --name-only --get-regexp core\.sshCommand
2026-09-18T10:38:00.0543345Z [command]/usr/bin/git submodule foreach --recursive sh -c "git config --local --name-only --get-regexp 'core\.sshCommand' && git config --local --unset-all 'core.sshCommand' || :"
2026-09-18T10:38:00.1026670Z Removing HTTP extra header
2026-09-18T10:38:00.1034750Z [command]/usr/bin/git config --local --name-only --get-regexp http\.https\:\/\/github\.com\/\.extraheader
2026-09-18T10:38:00.1085527Z [command]/usr/bin/git submodule foreach --recursive sh -c "git config --local --name-only --get-regexp 'http\.https\:\/\/github\.com\/\.extraheader' && git config --local --unset-all 'http.https://github.com/.extraheader' || :"
2026-09-18T10:38:00.1313746Z Removing includeIf entries pointing to credentials config files
2026-09-18T10:38:00.1319511Z [command]/usr/bin/git config --local --name-only --get-regexp ^includeIf\.gitdir:
2026-09-18T10:38:00.1360724Z [command]/usr/bin/git submodule foreach --recursive git config --local --show-origin --name-only --get-regexp remote.origin.url
2026-09-18T10:38:00.1606260Z [command]/usr/bin/git config --file /home/runner/work/_temp/git-credentials-b652988b-3b89-49ed-97d7-0ed68f3a589a.config http.https://github.com/.extraheader AUTHORIZATION: basic ***
2026-09-18T10:38:00.1650045Z [command]/usr/bin/git config --local includeIf.gitdir:/home/runner/work/olp/olp/.git.path /home/runner/work/_temp/git-credentials-b652988b-3b89-49ed-97d7-0ed68f3a589a.config
2026-09-18T10:38:00.1686774Z [command]/usr/bin/git config --local includeIf.gitdir:/home/runner/work/olp/olp/.git/worktrees/*.path /home/runner/work/_temp/git-credentials-b652988b-3b89-49ed-97d7-0ed68f3a589a.config
2026-09-18T10:38:00.1728688Z [command]/usr/bin/git config --local includeIf.gitdir:/github/workspace/.git.path /github/runner_temp/git-credentials-b652988b-3b89-49ed-97d7-0ed68f3a589a.config
2026-09-18T10:38:00.1769021Z [command]/usr/bin/git config --local includeIf.gitdir:/github/workspace/.git/worktrees/*.path /github/runner_temp/git-credentials-b652988b-3b89-49ed-97d7-0ed68f3a589a.config
2026-09-18T10:38:00.1808269Z ##[endgroup]
2026-09-18T10:38:00.1809836Z ##[group]Fetching the repository
2026-09-18T10:38:00.1821823Z [command]/usr/bin/git -c protocol.version=2 fetch --no-tags --prune --no-recurse-submodules --depth=1 origin +ccd138f288a99f66a2bb1145eb75d5ce57398416:refs/remotes/origin/tyk/go-release-retirement
2026-09-18T10:38:01.1733849Z From https://github.com/tyk-swe/olp
2026-09-18T10:38:01.1736095Z  * [new ref]         ccd138f288a99f66a2bb1145eb75d5ce57398416 -> origin/tyk/go-release-retirement
2026-09-18T10:38:01.1745522Z [command]/usr/bin/git branch --list --remote origin/tyk/go-release-retirement
2026-09-18T10:38:01.1778156Z   origin/tyk/go-release-retirement
2026-09-18T10:38:01.1787775Z [command]/usr/bin/git rev-parse refs/remotes/origin/tyk/go-release-retirement
2026-09-18T10:38:01.1817655Z ccd138f288a99f66a2bb1145eb75d5ce57398416
2026-09-18T10:38:01.1822061Z ##[endgroup]
2026-09-18T10:38:01.1822990Z ##[group]Determining the checkout info
2026-09-18T10:38:01.1823733Z ##[endgroup]
2026-09-18T10:38:01.1827672Z [command]/usr/bin/git sparse-checkout disable
2026-09-18T10:38:01.1889218Z [command]/usr/bin/git config --local --unset-all extensions.worktreeConfig
2026-09-18T10:38:01.1927888Z ##[group]Checking out the ref
2026-09-18T10:38:01.1932908Z [command]/usr/bin/git checkout --progress --force -B tyk/go-release-retirement refs/remotes/origin/tyk/go-release-retirement
2026-09-18T10:38:01.2702466Z Switched to a new branch 'tyk/go-release-retirement'
2026-09-18T10:38:01.2708643Z branch 'tyk/go-release-retirement' set up to track 'origin/tyk/go-release-retirement'.
2026-09-18T10:38:01.2718123Z ##[endgroup]
2026-09-18T10:38:01.2773001Z [command]/usr/bin/git log -1 --format=%H
2026-09-18T10:38:01.2807609Z ccd138f288a99f66a2bb1145eb75d5ce57398416
2026-09-18T10:38:01.3199282Z Prepare all required actions
2026-09-18T10:38:01.3200003Z Getting action download info
2026-09-18T10:38:01.4235765Z Download action repository 'actions/setup-go@924ae3a1cded613372ab5595356fb5720e22ba16' (SHA:924ae3a1cded613372ab5595356fb5720e22ba16)
2026-09-18T10:38:01.8702924Z Download action repository 'pnpm/action-setup@ea17c68df8912ef543352723c149a84f56e3d413' (SHA:ea17c68df8912ef543352723c149a84f56e3d413)
2026-09-18T10:38:02.2350582Z Download action repository 'actions/setup-node@820762786026740c76f36085b0efc47a31fe5020' (SHA:820762786026740c76f36085b0efc47a31fe5020)
2026-09-18T10:38:02.3933431Z ##[group]Run ./.github/actions/setup
2026-09-18T10:38:02.3933723Z with:
2026-09-18T10:38:02.3933914Z   services: true
2026-09-18T10:38:02.3934126Z ##[endgroup]
2026-09-18T10:38:02.3996412Z ##[start-action display=Run actions/setup-go@924ae3a1cded613372ab5595356fb5720e22ba16;id=__self.__actions_setup-go]
2026-09-18T10:38:02.4077464Z ##[group]Run actions/setup-go@924ae3a1cded613372ab5595356fb5720e22ba16
2026-09-18T10:38:02.4077875Z with:
2026-09-18T10:38:02.4078122Z   go-version-file: go.mod
2026-09-18T10:38:02.4078354Z   check-latest: false
2026-09-18T10:38:02.4080877Z   token: ***
2026-09-18T10:38:02.4081084Z   cache: true
2026-09-18T10:38:02.4081283Z ##[endgroup]
2026-09-18T10:38:02.5375992Z Setup go version spec 1.27.1
2026-09-18T10:38:02.5390101Z Attempting to download 1.27.1...
2026-09-18T10:38:03.2563642Z matching 1.27.1...
2026-09-18T10:38:03.2590914Z Acquiring 1.27.1 from https://github.com/actions/go-versions/releases/download/1.27.1-33583469715/go-1.27.1-linux-x64.tar.gz
2026-09-18T10:38:03.8879463Z Extracting Go...
2026-09-18T10:38:03.8996684Z [command]/usr/bin/tar xz --warning=no-unknown-keyword --overwrite -C /home/runner/work/_temp/472a7b38-7b5a-4f1d-b949-4f86ea111afa -f /home/runner/work/_temp/5593af6e-8bd9-443b-890e-2684f858b309
2026-09-18T10:38:05.6396569Z Successfully extracted go to /home/runner/work/_temp/472a7b38-7b5a-4f1d-b949-4f86ea111afa
2026-09-18T10:38:05.6397179Z Adding to the cache ...
2026-09-18T10:38:12.7700511Z Successfully cached go to /opt/hostedtoolcache/go/1.27.1/x64
2026-09-18T10:38:12.7703241Z Added go to the path
2026-09-18T10:38:12.7705637Z Successfully set up Go version 1.27.1
2026-09-18T10:38:12.7935907Z [command]/opt/hostedtoolcache/go/1.27.1/x64/bin/go env GOMODCACHE
2026-09-18T10:38:12.7973236Z [command]/opt/hostedtoolcache/go/1.27.1/x64/bin/go env GOCACHE
2026-09-18T10:38:12.8012081Z /home/runner/go/pkg/mod
2026-09-18T10:38:12.8032580Z /home/runner/.cache/go-build
2026-09-18T10:38:12.9357954Z Cache hit for: setup-go-Linux-x64-ubuntu24-go-1.27.1-6907cd9f6b0643e4f370533693c6212e6e01d21c485d39d220f91f38f43c10b0
2026-09-18T10:38:14.0858197Z Received 62914560 of 260538508 (24.1%), 59.9 MBs/sec
2026-09-18T10:38:15.0868074Z Received 130023424 of 260538508 (49.9%), 61.9 MBs/sec
2026-09-18T10:38:16.0905293Z Received 230686720 of 260538508 (88.5%), 73.2 MBs/sec
2026-09-18T10:38:16.6743158Z Received 260538508 of 260538508 (100.0%), 69.2 MBs/sec
2026-09-18T10:38:16.6744688Z Cache Size: ~248 MB (260538508 B)
2026-09-18T10:38:16.6827685Z [command]/usr/bin/tar -xf /home/runner/work/_temp/5adeca80-5392-4f68-a835-4cfae3ffea40/cache.tzst -P -C /home/runner/work/olp/olp --use-compress-program unzstd
2026-09-18T10:38:19.1748271Z Cache restored successfully
2026-09-18T10:38:19.1872975Z Cache restored from key: setup-go-Linux-x64-ubuntu24-go-1.27.1-6907cd9f6b0643e4f370533693c6212e6e01d21c485d39d220f91f38f43c10b0
2026-09-18T10:38:19.1899947Z go version go1.27.1 linux/amd64
2026-09-18T10:38:19.1900183Z 
2026-09-18T10:38:19.1900500Z ##[group]go env
2026-09-18T10:38:19.2075811Z AR='ar'
2026-09-18T10:38:19.2076475Z CC='gcc'
2026-09-18T10:38:19.2077141Z CGO_CFLAGS='-O2 -g'
2026-09-18T10:38:19.2077720Z CGO_CPPFLAGS=''
2026-09-18T10:38:19.2078229Z CGO_CXXFLAGS='-O2 -g'
2026-09-18T10:38:19.2078781Z CGO_ENABLED='1'
2026-09-18T10:38:19.2079338Z CGO_FFLAGS='-O2 -g'
2026-09-18T10:38:19.2079859Z CGO_LDFLAGS='-O2 -g'
2026-09-18T10:38:19.2080355Z CXX='g++'
2026-09-18T10:38:19.2081199Z GCCGO='gccgo'
2026-09-18T10:38:19.2081721Z GO111MODULE=''
2026-09-18T10:38:19.2082204Z GOAMD64='v1'
2026-09-18T10:38:19.2082681Z GOARCH='amd64'
2026-09-18T10:38:19.2083164Z GOAUTH='netrc'
2026-09-18T10:38:19.2083723Z GOBIN='/home/runner/go/bin'
2026-09-18T10:38:19.2084332Z GOCACHE='/home/runner/.cache/go-build'
2026-09-18T10:38:19.2085178Z GOCACHEPROG=''
2026-09-18T10:38:19.2085738Z GODEBUG=''
2026-09-18T10:38:19.2086258Z GOENV='/home/runner/.config/go/env'
2026-09-18T10:38:19.2086855Z GOEXE=''
2026-09-18T10:38:19.2087355Z GOEXPERIMENT=''
2026-09-18T10:38:19.2087842Z GOFIPS140='off'
2026-09-18T10:38:19.2088342Z GOFLAGS=''
2026-09-18T10:38:19.2089638Z GOGCCFLAGS='-fPIC -m64 -pthread -Wl,--no-gc-sections -fmessage-length=0 -ffile-prefix-map=/tmp/go-build2346917678=/tmp/go-build -gno-record-gcc-switches'
2026-09-18T10:38:19.2090967Z GOHOSTARCH='amd64'
2026-09-18T10:38:19.2091481Z GOHOSTOS='linux'
2026-09-18T10:38:19.2091977Z GOINSECURE=''
2026-09-18T10:38:19.2092552Z GOMOD='/home/runner/work/olp/olp/go.mod'
2026-09-18T10:38:19.2093211Z GOMODCACHE='/home/runner/go/pkg/mod'
2026-09-18T10:38:19.2093797Z GONOPROXY=''
2026-09-18T10:38:19.2094271Z GONOSUMDB=''
2026-09-18T10:38:19.2094733Z GOOS='linux'
2026-09-18T10:38:19.2095485Z GOPACKAGESDRIVER=''
2026-09-18T10:38:19.2096029Z GOPATH='/home/runner/go'
2026-09-18T10:38:19.2096680Z GOPRIVATE=''
2026-09-18T10:38:19.2097288Z GOPROXY='https://proxy.golang.org,direct'
2026-09-18T10:38:19.2098036Z GOROOT='/opt/hostedtoolcache/go/1.27.1/x64'
2026-09-18T10:38:19.2098686Z GOSUMDB='sum.golang.org'
2026-09-18T10:38:19.2099226Z GOTELEMETRY='local'
2026-09-18T10:38:19.2099911Z GOTELEMETRYDIR='/home/runner/.config/go/telemetry'
2026-09-18T10:38:19.2100584Z GOTMPDIR=''
2026-09-18T10:38:19.2101067Z GOTOOLCHAIN='local'
2026-09-18T10:38:19.2101761Z GOTOOLDIR='/opt/hostedtoolcache/go/1.27.1/x64/pkg/tool/linux_amd64'
2026-09-18T10:38:19.2102526Z GOVCS=''
2026-09-18T10:38:19.2102990Z GOVERSION='go1.27.1'
2026-09-18T10:38:19.2103488Z GOWORK=''
2026-09-18T10:38:19.2103984Z PKG_CONFIG='pkg-config'
2026-09-18T10:38:19.2104378Z 
2026-09-18T10:38:19.2105404Z ##[endgroup]
2026-09-18T10:38:19.2281641Z ##[end-action id=__self.__actions_setup-go;outcome=success;conclusion=success;duration_ms=16828]
2026-09-18T10:38:19.2284487Z ##[start-action display=Run sudo apt-get update;id=__self.__run]
2026-09-18T10:38:19.2316099Z ##[group]Run sudo apt-get update
2026-09-18T10:38:19.2316697Z sudo apt-get update
2026-09-18T10:38:19.2317055Z sudo apt-get install -y build-essential ca-certificates
2026-09-18T10:38:19.2317424Z go mod download
2026-09-18T10:38:19.2362538Z shell: /usr/bin/bash --noprofile --norc -e -o pipefail {0}
2026-09-18T10:38:19.2362910Z env:
2026-09-18T10:38:19.2363121Z   GOTOOLCHAIN: local
2026-09-18T10:38:19.2363343Z ##[endgroup]
2026-09-18T10:38:19.3404512Z Get:1 file:/etc/apt/apt-mirrors.txt Mirrorlist [144 B]
2026-09-18T10:38:19.3772552Z Hit:2 http://azure.archive.ubuntu.com/ubuntu noble InRelease
2026-09-18T10:38:19.3776021Z Get:6 https://packages.microsoft.com/ubuntu/24.04/prod noble InRelease [3600 B]
2026-09-18T10:38:19.3777661Z Get:3 http://azure.archive.ubuntu.com/ubuntu noble-updates InRelease [126 kB]
2026-09-18T10:38:19.3854503Z Get:4 http://azure.archive.ubuntu.com/ubuntu noble-backports InRelease [126 kB]
2026-09-18T10:38:19.3913405Z Get:5 http://azure.archive.ubuntu.com/ubuntu noble-security InRelease [126 kB]
2026-09-18T10:38:19.5136063Z Get:7 https://dl.google.com/linux/chrome-stable/deb stable InRelease [2548 B]
2026-09-18T10:38:19.5742063Z Get:8 https://packages.microsoft.com/ubuntu/24.04/prod noble/main amd64 Packages [476 kB]
2026-09-18T10:38:19.6024598Z Get:9 https://packages.microsoft.com/ubuntu/24.04/prod noble/main arm64 Packages [427 kB]
2026-09-18T10:38:19.6397691Z Get:10 http://azure.archive.ubuntu.com/ubuntu noble-updates/main amd64 Packages [1275 kB]
2026-09-18T10:38:19.6467820Z Get:11 http://azure.archive.ubuntu.com/ubuntu noble-updates/main Translation-en [294 kB]
2026-09-18T10:38:19.6506954Z Get:12 http://azure.archive.ubuntu.com/ubuntu noble-updates/main amd64 Components [181 kB]
2026-09-18T10:38:19.6508567Z Get:13 http://azure.archive.ubuntu.com/ubuntu noble-updates/universe amd64 Packages [1689 kB]
2026-09-18T10:38:19.6580270Z Get:14 http://azure.archive.ubuntu.com/ubuntu noble-updates/universe Translation-en [338 kB]
2026-09-18T10:38:19.6627253Z Get:15 http://azure.archive.ubuntu.com/ubuntu noble-updates/universe amd64 Components [388 kB]
2026-09-18T10:38:19.6666739Z Get:16 http://azure.archive.ubuntu.com/ubuntu noble-updates/restricted amd64 Packages [1580 kB]
2026-09-18T10:38:19.6776538Z Get:17 http://azure.archive.ubuntu.com/ubuntu noble-updates/restricted Translation-en [359 kB]
2026-09-18T10:38:19.6785410Z Get:18 http://azure.archive.ubuntu.com/ubuntu noble-updates/multiverse amd64 Packages [45.7 kB]
2026-09-18T10:38:19.6793265Z Get:19 http://azure.archive.ubuntu.com/ubuntu noble-updates/multiverse Translation-en [13.1 kB]
2026-09-18T10:38:19.7286461Z Get:20 http://azure.archive.ubuntu.com/ubuntu noble-updates/multiverse amd64 Components [940 B]
2026-09-18T10:38:19.7319903Z Get:21 http://azure.archive.ubuntu.com/ubuntu noble-backports/main amd64 Packages [65.9 kB]
2026-09-18T10:38:19.7332093Z Get:22 http://azure.archive.ubuntu.com/ubuntu noble-backports/main amd64 Components [5748 B]
2026-09-18T10:38:19.7333514Z Get:23 http://azure.archive.ubuntu.com/ubuntu noble-backports/universe amd64 Packages [34.6 kB]
2026-09-18T10:38:19.7339466Z Get:24 http://azure.archive.ubuntu.com/ubuntu noble-backports/universe Translation-en [18.7 kB]
2026-09-18T10:38:19.7345899Z Get:25 http://azure.archive.ubuntu.com/ubuntu noble-backports/universe amd64 Components [12.6 kB]
2026-09-18T10:38:19.7959089Z Get:26 http://azure.archive.ubuntu.com/ubuntu noble-security/main amd64 Packages [1009 kB]
2026-09-18T10:38:19.8022722Z Get:27 http://azure.archive.ubuntu.com/ubuntu noble-security/main Translation-en [214 kB]
2026-09-18T10:38:19.8044405Z Get:28 http://azure.archive.ubuntu.com/ubuntu noble-security/main amd64 Components [46.4 kB]
2026-09-18T10:38:19.8048605Z Get:29 http://azure.archive.ubuntu.com/ubuntu noble-security/universe amd64 Packages [1208 kB]
2026-09-18T10:38:19.8124735Z Get:30 http://azure.archive.ubuntu.com/ubuntu noble-security/universe Translation-en [243 kB]
2026-09-18T10:38:19.8128427Z Get:31 http://azure.archive.ubuntu.com/ubuntu noble-security/universe amd64 Components [76.2 kB]
2026-09-18T10:38:19.8141797Z Get:32 http://azure.archive.ubuntu.com/ubuntu noble-security/restricted amd64 Packages [1449 kB]
2026-09-18T10:38:19.8219145Z Get:33 http://azure.archive.ubuntu.com/ubuntu noble-security/restricted Translation-en [336 kB]
2026-09-18T10:38:19.8687428Z Get:34 http://azure.archive.ubuntu.com/ubuntu noble-security/multiverse Translation-en [11.3 kB]
2026-09-18T10:38:19.8962760Z Get:35 https://dl.google.com/linux/chrome-stable/deb stable/main amd64 Packages [1408 B]
2026-09-18T10:38:24.6686923Z Fetched 12.2 MB in 1s (8363 kB/s)
2026-09-18T10:38:25.5714690Z Reading package lists...
2026-09-18T10:38:25.6058990Z Reading package lists...
2026-09-18T10:38:25.8283452Z Building dependency tree...
2026-09-18T10:38:25.8291346Z Reading state information...
2026-09-18T10:38:26.0477306Z ca-certificates is already the newest version (20260601~24.04.1).
2026-09-18T10:38:26.0477809Z The following NEW packages will be installed:
2026-09-18T10:38:26.0488617Z   build-essential
2026-09-18T10:38:26.0693402Z 0 upgraded, 1 newly installed, 0 to remove and 73 not upgraded.
2026-09-18T10:38:26.0694142Z Need to get 4928 B of archives.
2026-09-18T10:38:26.0694768Z After this operation, 17.4 kB of additional disk space will be used.
2026-09-18T10:38:26.0696468Z Get:1 file:/etc/apt/apt-mirrors.txt Mirrorlist [144 B]
2026-09-18T10:38:26.1122142Z Get:2 http://azure.archive.ubuntu.com/ubuntu noble/main amd64 build-essential amd64 12.10ubuntu1 [4928 B]
2026-09-18T10:38:26.3952346Z Fetched 4928 B in 0s (91.4 kB/s)
2026-09-18T10:38:26.4187343Z Selecting previously unselected package build-essential.
2026-09-18T10:38:26.4532640Z (Reading database ... 
2026-09-18T10:38:26.4533723Z (Reading database ... 5%
2026-09-18T10:38:26.4534455Z (Reading database ... 10%
2026-09-18T10:38:26.4535185Z (Reading database ... 15%
2026-09-18T10:38:26.4564133Z (Reading database ... 20%
2026-09-18T10:38:26.4564606Z (Reading database ... 25%
2026-09-18T10:38:26.4565300Z (Reading database ... 30%
2026-09-18T10:38:26.4565736Z (Reading database ... 35%
2026-09-18T10:38:26.4566205Z (Reading database ... 40%
2026-09-18T10:38:26.4566624Z (Reading database ... 45%
2026-09-18T10:38:26.4567032Z (Reading database ... 50%
2026-09-18T10:38:26.4606558Z (Reading database ... 55%
2026-09-18T10:38:26.6255963Z (Reading database ... 60%
2026-09-18T10:38:26.7720763Z (Reading database ... 65%
2026-09-18T10:38:26.9727111Z (Reading database ... 70%
2026-09-18T10:38:27.1167900Z (Reading database ... 75%
2026-09-18T10:38:27.3426578Z (Reading database ... 80%
2026-09-18T10:38:27.5696897Z (Reading database ... 85%
2026-09-18T10:38:28.1693544Z (Reading database ... 90%
2026-09-18T10:38:28.5637815Z (Reading database ... 95%
2026-09-18T10:38:28.5638445Z (Reading database ... 100%
2026-09-18T10:38:28.5638952Z (Reading database ... 201818 files and directories currently installed.)
2026-09-18T10:38:28.5695594Z Preparing to unpack .../build-essential_12.10ubuntu1_amd64.deb ...
2026-09-18T10:38:28.6776244Z Unpacking build-essential (12.10ubuntu1) ...
2026-09-18T10:38:28.8870922Z Setting up build-essential (12.10ubuntu1) ...
2026-09-18T10:38:29.8067440Z 
2026-09-18T10:38:29.8067934Z Running kernel seems to be up-to-date.
2026-09-18T10:38:29.8068379Z 
2026-09-18T10:38:29.8068618Z No services need to be restarted.
2026-09-18T10:38:29.8068995Z 
2026-09-18T10:38:29.8069235Z No containers need to be restarted.
2026-09-18T10:38:29.8069613Z 
2026-09-18T10:38:29.8069907Z No user sessions are running outdated binaries.
2026-09-18T10:38:29.8070370Z 
2026-09-18T10:38:29.8070928Z No VM guests are running outdated hypervisor (qemu) binaries on this host.
2026-09-18T10:38:31.0511798Z ##[end-action id=__self.__run;outcome=success;conclusion=success;duration_ms=11822]
2026-09-18T10:38:31.0514718Z ##[start-action display=Run pnpm/action-setup@ea17c68df8912ef543352723c149a84f56e3d413;id=__self.__pnpm_action-setup]
2026-09-18T10:38:31.0551257Z ##[group]Run pnpm/action-setup@ea17c68df8912ef543352723c149a84f56e3d413
2026-09-18T10:38:31.0551631Z with:
2026-09-18T10:38:31.0551835Z   dest: ~/setup-pnpm
2026-09-18T10:38:31.0552057Z   run_install: null
2026-09-18T10:38:31.0552460Z   cache: false
2026-09-18T10:38:31.0552684Z   cache_dependency_path: pnpm-lock.yaml
2026-09-18T10:38:31.0552987Z   package_json_file: package.json
2026-09-18T10:38:31.0553238Z   standalone: false
2026-09-18T10:38:31.0553436Z env:
2026-09-18T10:38:31.0553619Z   GOTOOLCHAIN: local
2026-09-18T10:38:31.0553830Z ##[endgroup]
2026-09-18T10:38:31.2121023Z ##[group]Running self-installer...
2026-09-18T10:38:33.9605588Z 
2026-09-18T10:38:33.9606158Z added 1 package, and audited 2 packages in 2s
2026-09-18T10:38:33.9606615Z 
2026-09-18T10:38:33.9606823Z 1 package is looking for funding
2026-09-18T10:38:33.9607383Z   run `npm fund` for details
2026-09-18T10:38:33.9613920Z 
2026-09-18T10:38:33.9614151Z found 0 vulnerabilities
2026-09-18T10:38:34.6305416Z Checking for updates...
2026-09-18T10:38:34.8442060Z Switching pnpm from v11.25.0 to v11.24.0...
2026-09-18T10:38:35.4054118Z .../v11/b0f-1a0b418bceb-2c27040e162c7685 | Progress: resolved 1, reused 0, downloaded 0, added 0
2026-09-18T10:38:35.4073658Z .../v11/b0f-1a0b418bceb-2c27040e162c7685 |   +1 +
2026-09-18T10:38:35.6677077Z .../v11/b0f-1a0b418bceb-2c27040e162c7685 | Progress: resolved 1, reused 0, downloaded 1, added 1, done
2026-09-18T10:38:36.3751809Z [WARN] Detected a pnpm v10 installation layout at PNPM_HOME. The pnpm shims at PNPM_HOME have been refreshed so the new version is active, but pnpm v11 expects bins in PNPM_HOME/bin. Run "pnpm setup" to migrate your PATH to the v11 layout.
2026-09-18T10:38:36.3782644Z Successfully updated pnpm to v11.24.0
2026-09-18T10:38:36.4136984Z ##[endgroup]
2026-09-18T10:38:36.4137371Z Installation Completed!
2026-09-18T10:38:36.4234236Z ##[end-action id=__self.__pnpm_action-setup;outcome=success;conclusion=success;duration_ms=5371]
2026-09-18T10:38:36.4237850Z ##[start-action display=Run actions/setup-node@820762786026740c76f36085b0efc47a31fe5020;id=__self.__actions_setup-node]
2026-09-18T10:38:36.4289475Z ##[group]Run actions/setup-node@820762786026740c76f36085b0efc47a31fe5020
2026-09-18T10:38:36.4289864Z with:
2026-09-18T10:38:36.4290068Z   node-version: 26
2026-09-18T10:38:36.4290273Z   cache: pnpm
2026-09-18T10:38:36.4290493Z   check-latest: false
2026-09-18T10:38:36.4293011Z   token: ***
2026-09-18T10:38:36.4293233Z   package-manager-cache: true
2026-09-18T10:38:36.4293487Z env:
2026-09-18T10:38:36.4293677Z   GOTOOLCHAIN: local
2026-09-18T10:38:36.4293949Z   PNPM_HOME: /home/runner/setup-pnpm/node_modules/.bin
2026-09-18T10:38:36.4294262Z ##[endgroup]
2026-09-18T10:38:36.5643184Z Attempting to download 26...
2026-09-18T10:38:37.2685749Z Acquiring 26.9.0 - x64 from https://github.com/actions/node-versions/releases/download/26.9.0-35174947414/node-26.9.0-linux-x64.tar.gz
2026-09-18T10:38:37.8890941Z Extracting ...
2026-09-18T10:38:37.9032927Z [command]/usr/bin/tar xz --strip 1 --warning=no-unknown-keyword --overwrite -C /home/runner/work/_temp/8405c116-44ef-4011-bd10-d544bb3f53ee -f /home/runner/work/_temp/298a264f-b9f6-4baf-b8d7-82ead0365982
2026-09-18T10:38:39.2554087Z Adding to the cache ...
2026-09-18T10:38:41.3381887Z ##[group]Environment details
2026-09-18T10:38:41.5756732Z node: v26.9.0
2026-09-18T10:38:41.5757253Z npm: 11.19.1
2026-09-18T10:38:41.5757661Z yarn: 1.22.22
2026-09-18T10:38:41.5758473Z ##[endgroup]
2026-09-18T10:38:41.5780261Z [command]/home/runner/setup-pnpm/node_modules/.bin/bin/pnpm store path --silent
2026-09-18T10:38:42.1971500Z /home/runner/setup-pnpm/node_modules/.bin/store/v11
2026-09-18T10:38:42.3377441Z Cache hit for: node-cache-Linux-x64-pnpm-9f58594c242bf5e569eea53d3e37b4ccf49bca194ccaae07d92574d4dca62533
2026-09-18T10:38:43.4993534Z Received 53089945 of 57284249 (92.7%), 50.6 MBs/sec
2026-09-18T10:38:44.4995329Z Received 53089945 of 57284249 (92.7%), 25.3 MBs/sec
2026-09-18T10:38:44.8992778Z Received 57284249 of 57284249 (100.0%), 22.8 MBs/sec
2026-09-18T10:38:44.8993999Z Cache Size: ~55 MB (57284249 B)
2026-09-18T10:38:44.9107413Z [command]/usr/bin/tar -xf /home/runner/work/_temp/ad564785-d13a-4063-ac4e-55603b90ef74/cache.tzst -P -C /home/runner/work/olp/olp --use-compress-program unzstd
2026-09-18T10:38:45.7598760Z Cache restored successfully
2026-09-18T10:38:45.7633480Z Cache restored from key: node-cache-Linux-x64-pnpm-9f58594c242bf5e569eea53d3e37b4ccf49bca194ccaae07d92574d4dca62533
2026-09-18T10:38:45.7772174Z ##[end-action id=__self.__actions_setup-node;outcome=success;conclusion=success;duration_ms=9353]
2026-09-18T10:38:45.7775505Z ##[start-action display=Run pnpm install --frozen-lockfile;id=__self.__run_2]
2026-09-18T10:38:45.7794375Z ##[group]Run pnpm install --frozen-lockfile
2026-09-18T10:38:45.7794733Z pnpm install --frozen-lockfile
2026-09-18T10:38:45.7833261Z shell: /usr/bin/bash --noprofile --norc -e -o pipefail {0}
2026-09-18T10:38:45.7833619Z env:
2026-09-18T10:38:45.7833827Z   GOTOOLCHAIN: local
2026-09-18T10:38:45.7834112Z   PNPM_HOME: /home/runner/setup-pnpm/node_modules/.bin
2026-09-18T10:38:45.7834431Z ##[endgroup]
2026-09-18T10:38:46.2664015Z Scope: all 3 workspace projects
2026-09-18T10:38:46.3144106Z ? Verifying lockfile against supply-chain policies (325 entries)...
2026-09-18T10:38:46.3236573Z Lockfile is up to date, resolution step is skipped
2026-09-18T10:38:46.4355801Z Progress: resolved 1, reused 0, downloaded 0, added 0
2026-09-18T10:38:46.5049206Z Packages: +300
2026-09-18T10:38:46.5050382Z ++++++++++++++++++++++++++++++++++++++++++++++++++++++++++++++++++++++++++++++++
2026-09-18T10:38:47.4274221Z Packages are hard linked from the content-addressable store to the virtual store.
2026-09-18T10:38:47.4297666Z   Content-addressable store is at: /home/runner/setup-pnpm/node_modules/.bin/store/v11
2026-09-18T10:38:47.4299709Z   Virtual store is at:             node_modules/.pnpm
2026-09-18T10:38:47.4414402Z Progress: resolved 300, reused 300, downloaded 0, added 3
2026-09-18T10:38:48.1356988Z Progress: resolved 300, reused 300, downloaded 0, added 300, done
2026-09-18T10:38:49.2605902Z ✓ Lockfile passes supply-chain policies (325 entries in 2.9s)
2026-09-18T10:38:49.3280750Z 
2026-09-18T10:38:49.3581710Z Done in 3.5s using pnpm v11.24.0
2026-09-18T10:38:49.4029031Z ##[end-action id=__self.__run_2;outcome=success;conclusion=success;duration_ms=3625]
2026-09-18T10:38:49.4032111Z ##[start-action display=Run sudo apt-get update;id=__self.__run_3]
2026-09-18T10:38:49.4052641Z ##[group]Run sudo apt-get update
2026-09-18T10:38:49.4052962Z sudo apt-get update
2026-09-18T10:38:49.4053271Z sudo apt-get install -y postgresql-common
2026-09-18T10:38:49.4053716Z sudo /usr/share/postgresql-common/pgdg/apt.postgresql.org.sh -y
2026-09-18T10:38:49.4054163Z sudo apt-get install -y postgresql-client-18
2026-09-18T10:38:49.4054564Z echo /usr/lib/postgresql/18/bin >> "$GITHUB_PATH"
2026-09-18T10:38:49.4055304Z pnpm --dir console exec playwright install --with-deps chromium
2026-09-18T10:38:49.4092884Z shell: /usr/bin/bash --noprofile --norc -e -o pipefail {0}
2026-09-18T10:38:49.4093232Z env:
2026-09-18T10:38:49.4093446Z   GOTOOLCHAIN: local
2026-09-18T10:38:49.4093736Z   PNPM_HOME: /home/runner/setup-pnpm/node_modules/.bin
2026-09-18T10:38:49.4094082Z ##[endgroup]
2026-09-18T10:38:49.4832367Z Get:1 file:/etc/apt/apt-mirrors.txt Mirrorlist [144 B]
2026-09-18T10:38:49.5166880Z Hit:2 http://azure.archive.ubuntu.com/ubuntu noble InRelease
2026-09-18T10:38:49.5179662Z Hit:6 https://packages.microsoft.com/ubuntu/24.04/prod noble InRelease
2026-09-18T10:38:49.5187658Z Hit:3 http://azure.archive.ubuntu.com/ubuntu noble-updates InRelease
2026-09-18T10:38:49.5195327Z Hit:4 http://azure.archive.ubuntu.com/ubuntu noble-backports InRelease
2026-09-18T10:38:49.5202417Z Hit:5 http://azure.archive.ubuntu.com/ubuntu noble-security InRelease
2026-09-18T10:38:49.6179948Z Hit:7 https://dl.google.com/linux/chrome-stable/deb stable InRelease
2026-09-18T10:38:50.8812571Z Reading package lists...
2026-09-18T10:38:50.9115563Z Reading package lists...
2026-09-18T10:38:51.1331078Z Building dependency tree...
2026-09-18T10:38:51.1339342Z Reading state information...
2026-09-18T10:38:51.3568279Z postgresql-common is already the newest version (293.pgdg24.04+1).
2026-09-18T10:38:51.3569300Z postgresql-common set to manually installed.
2026-09-18T10:38:51.3569894Z 0 upgraded, 0 newly installed, 0 to remove and 73 not upgraded.
2026-09-18T10:38:51.3830332Z This script will enable the PostgreSQL APT repository on apt.postgresql.org on
2026-09-18T10:38:51.3831625Z your system. The distribution codename used will be noble-pgdg.
2026-09-18T10:38:51.3832136Z 
2026-09-18T10:38:51.3832681Z Using keyring /usr/share/postgresql-common/pgdg/apt.postgresql.org.gpg
2026-09-18T10:38:51.3833416Z Writing /etc/apt/sources.list.d/pgdg.sources ...
2026-09-18T10:38:51.3852112Z 
2026-09-18T10:38:51.3852427Z Running apt-get update ...
2026-09-18T10:38:51.4602431Z Get:1 file:/etc/apt/apt-mirrors.txt Mirrorlist [144 B]
2026-09-18T10:38:51.4955552Z Hit:2 http://azure.archive.ubuntu.com/ubuntu noble InRelease
2026-09-18T10:38:51.4957318Z Hit:6 https://packages.microsoft.com/ubuntu/24.04/prod noble InRelease
2026-09-18T10:38:51.4986592Z Hit:3 http://azure.archive.ubuntu.com/ubuntu noble-updates InRelease
2026-09-18T10:38:51.4988093Z Hit:4 http://azure.archive.ubuntu.com/ubuntu noble-backports InRelease
2026-09-18T10:38:51.4989525Z Hit:5 http://azure.archive.ubuntu.com/ubuntu noble-security InRelease
2026-09-18T10:38:51.5965257Z Hit:7 https://dl.google.com/linux/chrome-stable/deb stable InRelease
2026-09-18T10:38:51.6664039Z Get:8 https://apt.postgresql.org/pub/repos/apt noble-pgdg InRelease [189 kB]
2026-09-18T10:38:51.8911103Z Get:9 https://apt.postgresql.org/pub/repos/apt noble-pgdg/main amd64 Packages [838 kB]
2026-09-18T10:38:52.2022414Z Fetched 1027 kB in 1s (1561 kB/s)
2026-09-18T10:38:53.1374680Z Reading package lists...
2026-09-18T10:38:53.1489471Z 
2026-09-18T10:38:53.1490390Z You can now start installing packages from apt.postgresql.org.
2026-09-18T10:38:53.1490921Z 
2026-09-18T10:38:53.1491549Z Have a look at https://wiki.postgresql.org/wiki/Apt for more information;
2026-09-18T10:38:53.1492595Z most notably the FAQ at https://wiki.postgresql.org/wiki/Apt/FAQ
2026-09-18T10:38:53.1705978Z Reading package lists...
2026-09-18T10:38:53.4008671Z Building dependency tree...
2026-09-18T10:38:53.4016598Z Reading state information...
2026-09-18T10:38:53.5911816Z Suggested packages:
2026-09-18T10:38:53.5912386Z   postgresql-18 postgresql-doc-18
2026-09-18T10:38:53.6129453Z The following NEW packages will be installed:
2026-09-18T10:38:53.6130191Z   postgresql-client-18
2026-09-18T10:38:53.8258832Z 0 upgraded, 1 newly installed, 0 to remove and 73 not upgraded.
2026-09-18T10:38:53.8259491Z Need to get 2114 kB of archives.
2026-09-18T10:38:53.8260183Z After this operation, 10.5 MB of additional disk space will be used.
2026-09-18T10:38:53.8261415Z Get:1 https://apt.postgresql.org/pub/repos/apt noble-pgdg/main amd64 postgresql-client-18 amd64 18.6-1.pgdg24.04+2 [2114 kB]
2026-09-18T10:38:54.2133682Z Fetched 2114 kB in 0s (6607 kB/s)
2026-09-18T10:38:54.2964860Z Selecting previously unselected package postgresql-client-18.
2026-09-18T10:38:54.3025833Z (Reading database ... 
2026-09-18T10:38:54.3026471Z (Reading database ... 5%
2026-09-18T10:38:54.3027051Z (Reading database ... 10%
2026-09-18T10:38:54.3027603Z (Reading database ... 15%
2026-09-18T10:38:54.3028059Z (Reading database ... 20%
2026-09-18T10:38:54.3028703Z (Reading database ... 25%
2026-09-18T10:38:54.3029149Z (Reading database ... 30%
2026-09-18T10:38:54.3029731Z (Reading database ... 35%
2026-09-18T10:38:54.3030326Z (Reading database ... 40%
2026-09-18T10:38:54.3030935Z (Reading database ... 45%
2026-09-18T10:38:54.3031520Z (Reading database ... 50%
2026-09-18T10:38:54.3042057Z (Reading database ... 55%
2026-09-18T10:38:54.3176469Z (Reading database ... 60%
2026-09-18T10:38:54.3205171Z (Reading database ... 65%
2026-09-18T10:38:54.3244777Z (Reading database ... 70%
2026-09-18T10:38:54.3274297Z (Reading database ... 75%
2026-09-18T10:38:54.3444954Z (Reading database ... 80%
2026-09-18T10:38:54.3471067Z (Reading database ... 85%
2026-09-18T10:38:54.3570595Z (Reading database ... 90%
2026-09-18T10:38:54.3832211Z (Reading database ... 95%
2026-09-18T10:38:54.3833016Z (Reading database ... 100%
2026-09-18T10:38:54.3833700Z (Reading database ... 201827 files and directories currently installed.)
2026-09-18T10:38:54.3879137Z Preparing to unpack .../postgresql-client-18_18.6-1.pgdg24.04+2_amd64.deb ...
2026-09-18T10:38:54.3888206Z Unpacking postgresql-client-18 (18.6-1.pgdg24.04+2) ...
2026-09-18T10:38:54.6265722Z Setting up postgresql-client-18 (18.6-1.pgdg24.04+2) ...
2026-09-18T10:38:55.0028962Z update-alternatives: using /usr/share/postgresql/18/man/man1/psql.1.gz to provide /usr/share/man/man1/psql.1.gz (psql.1.gz) in auto mode
2026-09-18T10:38:55.0847266Z Processing triggers for postgresql-common (293.pgdg24.04+1) ...
2026-09-18T10:38:55.2423291Z Building PostgreSQL dictionaries from installed myspell/hunspell packages...
2026-09-18T10:38:55.2483456Z   en_us
2026-09-18T10:38:55.3302606Z Removing obsolete dictionary files:
2026-09-18T10:38:55.9389267Z 
2026-09-18T10:38:55.9390013Z Running kernel seems to be up-to-date.
2026-09-18T10:38:55.9390471Z 
2026-09-18T10:38:55.9390775Z No services need to be restarted.
2026-09-18T10:38:55.9391095Z 
2026-09-18T10:38:55.9391389Z No containers need to be restarted.
2026-09-18T10:38:55.9391701Z 
2026-09-18T10:38:55.9392043Z No user sessions are running outdated binaries.
2026-09-18T10:38:55.9392408Z 
2026-09-18T10:38:55.9392936Z No VM guests are running outdated hypervisor (qemu) binaries on this host.
2026-09-18T10:38:58.1487844Z Installing dependencies...
2026-09-18T10:38:58.1587683Z Switching to root user to install dependencies...
2026-09-18T10:38:58.2633787Z Get:1 file:/etc/apt/apt-mirrors.txt Mirrorlist [144 B]
2026-09-18T10:38:58.2985796Z Hit:2 http://azure.archive.ubuntu.com/ubuntu noble InRelease
2026-09-18T10:38:58.3008772Z Hit:6 https://packages.microsoft.com/ubuntu/24.04/prod noble InRelease
2026-09-18T10:38:58.3036723Z Hit:3 http://azure.archive.ubuntu.com/ubuntu noble-updates InRelease
2026-09-18T10:38:58.3046580Z Hit:4 http://azure.archive.ubuntu.com/ubuntu noble-backports InRelease
2026-09-18T10:38:58.3048142Z Hit:5 http://azure.archive.ubuntu.com/ubuntu noble-security InRelease
2026-09-18T10:38:58.4016815Z Hit:7 https://dl.google.com/linux/chrome-stable/deb stable InRelease
2026-09-18T10:38:58.4468689Z Hit:8 https://apt.postgresql.org/pub/repos/apt noble-pgdg InRelease
2026-09-18T10:38:59.8408041Z Reading package lists...
2026-09-18T10:38:59.8654328Z Reading package lists...
2026-09-18T10:39:00.1121848Z Building dependency tree...
2026-09-18T10:39:00.1131886Z Reading state information...
2026-09-18T10:39:00.3929432Z libasound2t64 is already the newest version (1.2.11-1ubuntu0.3).
2026-09-18T10:39:00.3930332Z libasound2t64 set to manually installed.
2026-09-18T10:39:00.3931227Z libatk-bridge2.0-0t64 is already the newest version (2.52.0-1build1).
2026-09-18T10:39:00.3932099Z libatk-bridge2.0-0t64 set to manually installed.
2026-09-18T10:39:00.3932919Z libatk1.0-0t64 is already the newest version (2.52.0-1build1).
2026-09-18T10:39:00.3933647Z libatk1.0-0t64 set to manually installed.
2026-09-18T10:39:00.3934502Z libatspi2.0-0t64 is already the newest version (2.52.0-1build1).
2026-09-18T10:39:00.3935601Z libatspi2.0-0t64 set to manually installed.
2026-09-18T10:39:00.3936304Z libcairo2 is already the newest version (1.18.0-3build1).
2026-09-18T10:39:00.3936962Z libcairo2 set to manually installed.
2026-09-18T10:39:00.3937720Z libcups2t64 is already the newest version (2.4.7-1.2ubuntu7.14).
2026-09-18T10:39:00.3938466Z libcups2t64 set to manually installed.
2026-09-18T10:39:00.3939224Z libdbus-1-3 is already the newest version (1.14.10-4ubuntu4.1).
2026-09-18T10:39:00.3940004Z libdbus-1-3 set to manually installed.
2026-09-18T10:39:00.3940779Z libdrm2 is already the newest version (2.4.125-1ubuntu0.1~24.04.2).
2026-09-18T10:39:00.3941559Z libdrm2 set to manually installed.
2026-09-18T10:39:00.3942382Z libgbm1 is already the newest version (25.2.8-0ubuntu0.24.04.2).
2026-09-18T10:39:00.3943139Z libgbm1 set to manually installed.
2026-09-18T10:39:00.3943963Z libglib2.0-0t64 is already the newest version (2.80.0-6ubuntu3.8).
2026-09-18T10:39:00.3945814Z libglib2.0-0t64 set to manually installed.
2026-09-18T10:39:00.3946611Z libnspr4 is already the newest version (2:4.35-1.1build1).
2026-09-18T10:39:00.3947323Z libnspr4 set to manually installed.
2026-09-18T10:39:00.3948045Z libnss3 is already the newest version (2:3.98-1ubuntu0.2).
2026-09-18T10:39:00.3948733Z libnss3 set to manually installed.
2026-09-18T10:39:00.3949519Z libpango-1.0-0 is already the newest version (1.52.1+ds-1build1).
2026-09-18T10:39:00.3950276Z libpango-1.0-0 set to manually installed.
2026-09-18T10:39:00.3951039Z libx11-6 is already the newest version (2:1.8.7-1build1).
2026-09-18T10:39:00.3951716Z libx11-6 set to manually installed.
2026-09-18T10:39:00.3952493Z libxcb1 is already the newest version (1.15-1ubuntu2).
2026-09-18T10:39:00.3953178Z libxcb1 set to manually installed.
2026-09-18T10:39:00.3953963Z libxcomposite1 is already the newest version (1:0.4.5-1build3).
2026-09-18T10:39:00.3954765Z libxcomposite1 set to manually installed.
2026-09-18T10:39:00.3957472Z libxdamage1 is already the newest version (1:1.1.6-1build1).
2026-09-18T10:39:00.3958240Z libxdamage1 set to manually installed.
2026-09-18T10:39:00.3958980Z libxext6 is already the newest version (2:1.3.4-1build2).
2026-09-18T10:39:00.3959669Z libxext6 set to manually installed.
2026-09-18T10:39:00.3960394Z libxfixes3 is already the newest version (1:6.0.0-2build1).
2026-09-18T10:39:00.3961112Z libxfixes3 set to manually installed.
2026-09-18T10:39:00.3961871Z libxkbcommon0 is already the newest version (1.6.0-1build1).
2026-09-18T10:39:00.3962849Z libxkbcommon0 set to manually installed.
2026-09-18T10:39:00.3963629Z libxrandr2 is already the newest version (2:1.5.2-2build1).
2026-09-18T10:39:00.3964331Z libxrandr2 set to manually installed.
2026-09-18T10:39:00.3965263Z xvfb is already the newest version (2:21.1.12-1ubuntu1.6).
2026-09-18T10:39:00.3966294Z fonts-noto-color-emoji is already the newest version (2.047-0ubuntu0.24.04.1).
2026-09-18T10:39:00.3967387Z libfontconfig1 is already the newest version (2.15.0-1.1ubuntu2).
2026-09-18T10:39:00.3968250Z libfontconfig1 set to manually installed.
2026-09-18T10:39:00.3969101Z libfreetype6 is already the newest version (2.13.2+dfsg-1ubuntu0.1).
2026-09-18T10:39:00.3969873Z libfreetype6 set to manually installed.
2026-09-18T10:39:00.3970637Z fonts-liberation is already the newest version (1:2.1.5-3).
2026-09-18T10:39:00.3971395Z fonts-liberation set to manually installed.
2026-09-18T10:39:00.3972131Z The following additional packages will be installed:
2026-09-18T10:39:00.3972816Z   xfonts-encodings xfonts-utils
2026-09-18T10:39:00.3973345Z Recommended packages:
2026-09-18T10:39:00.3973894Z   fonts-ipafont-mincho fonts-tlwg-loma
2026-09-18T10:39:00.4281522Z The following NEW packages will be installed:
2026-09-18T10:39:00.4282713Z   fonts-freefont-ttf fonts-ipafont-gothic fonts-tlwg-loma-otf fonts-unifont
2026-09-18T10:39:00.4291519Z   fonts-wqy-zenhei xfonts-cyrillic xfonts-encodings xfonts-scalable
2026-09-18T10:39:00.4292424Z   xfonts-utils
2026-09-18T10:39:00.4482884Z 0 upgraded, 9 newly installed, 0 to remove and 73 not upgraded.
2026-09-18T10:39:00.4484144Z Need to get 21.1 MB of archives.
2026-09-18T10:39:00.4485525Z After this operation, 79.5 MB of additional disk space will be used.
2026-09-18T10:39:00.4486737Z Get:1 file:/etc/apt/apt-mirrors.txt Mirrorlist [144 B]
2026-09-18T10:39:00.4982124Z Get:2 http://azure.archive.ubuntu.com/ubuntu noble/universe amd64 fonts-ipafont-gothic all 00303-21ubuntu1 [3513 kB]
2026-09-18T10:39:00.5713775Z Get:3 http://azure.archive.ubuntu.com/ubuntu noble/main amd64 fonts-freefont-ttf all 20211204+svn4273-2 [5641 kB]
2026-09-18T10:39:00.6756114Z Get:4 http://azure.archive.ubuntu.com/ubuntu noble/universe amd64 fonts-tlwg-loma-otf all 1:0.7.3-1 [107 kB]
2026-09-18T10:39:00.7109352Z Get:5 http://azure.archive.ubuntu.com/ubuntu noble/universe amd64 fonts-unifont all 1:15.1.01-1build1 [2993 kB]
2026-09-18T10:39:00.7849845Z Get:6 http://azure.archive.ubuntu.com/ubuntu noble/universe amd64 fonts-wqy-zenhei all 0.9.45-8 [7472 kB]
2026-09-18T10:39:00.8991282Z Get:7 http://azure.archive.ubuntu.com/ubuntu noble/main amd64 xfonts-encodings all 1:1.0.5-0ubuntu2 [578 kB]
2026-09-18T10:39:00.9369276Z Get:8 http://azure.archive.ubuntu.com/ubuntu noble/main amd64 xfonts-utils amd64 1:7.7+6build3 [94.4 kB]
2026-09-18T10:39:00.9721970Z Get:9 http://azure.archive.ubuntu.com/ubuntu noble/universe amd64 xfonts-cyrillic all 1:1.0.5+nmu1 [384 kB]
2026-09-18T10:39:01.0090463Z Get:10 http://azure.archive.ubuntu.com/ubuntu noble/main amd64 xfonts-scalable all 1:1.0.3-1.3 [304 kB]
2026-09-18T10:39:01.2931982Z Fetched 21.1 MB in 1s (36.8 MB/s)
2026-09-18T10:39:01.3206668Z Selecting previously unselected package fonts-ipafont-gothic.
2026-09-18T10:39:01.3274104Z (Reading database ... 
2026-09-18T10:39:01.3275212Z (Reading database ... 5%
2026-09-18T10:39:01.3276651Z (Reading database ... 10%
2026-09-18T10:39:01.3277272Z (Reading database ... 15%
2026-09-18T10:39:01.3278067Z (Reading database ... 20%
2026-09-18T10:39:01.3278945Z (Reading database ... 25%
2026-09-18T10:39:01.3279815Z (Reading database ... 30%
2026-09-18T10:39:01.3280792Z (Reading database ... 35%
2026-09-18T10:39:01.3295871Z (Reading database ... 40%
2026-09-18T10:39:01.3296373Z (Reading database ... 45%
2026-09-18T10:39:01.3296838Z (Reading database ... 50%
2026-09-18T10:39:01.3325777Z (Reading database ... 55%
2026-09-18T10:39:01.3476468Z (Reading database ... 60%
2026-09-18T10:39:01.3514312Z (Reading database ... 65%
2026-09-18T10:39:01.3550893Z (Reading database ... 70%
2026-09-18T10:39:01.3589491Z (Reading database ... 75%
2026-09-18T10:39:01.3773444Z (Reading database ... 80%
2026-09-18T10:39:01.3816435Z (Reading database ... 85%
2026-09-18T10:39:01.3914416Z (Reading database ... 90%
2026-09-18T10:39:01.4183980Z (Reading database ... 95%
2026-09-18T10:39:01.4184658Z (Reading database ... 100%
2026-09-18T10:39:01.4185841Z (Reading database ... 202219 files and directories currently installed.)
2026-09-18T10:39:01.4231792Z Preparing to unpack .../0-fonts-ipafont-gothic_00303-21ubuntu1_all.deb ...
2026-09-18T10:39:01.4317335Z Unpacking fonts-ipafont-gothic (00303-21ubuntu1) ...
2026-09-18T10:39:01.6763141Z Selecting previously unselected package fonts-freefont-ttf.
2026-09-18T10:39:01.6893034Z Preparing to unpack .../1-fonts-freefont-ttf_20211204+svn4273-2_all.deb ...
2026-09-18T10:39:01.6901452Z Unpacking fonts-freefont-ttf (20211204+svn4273-2) ...
2026-09-18T10:39:01.7776495Z Selecting previously unselected package fonts-tlwg-loma-otf.
2026-09-18T10:39:01.7907378Z Preparing to unpack .../2-fonts-tlwg-loma-otf_1%3a0.7.3-1_all.deb ...
2026-09-18T10:39:01.7915960Z Unpacking fonts-tlwg-loma-otf (1:0.7.3-1) ...
2026-09-18T10:39:01.8157098Z Selecting previously unselected package fonts-unifont.
2026-09-18T10:39:01.8290539Z Preparing to unpack .../3-fonts-unifont_1%3a15.1.01-1build1_all.deb ...
2026-09-18T10:39:01.8300092Z Unpacking fonts-unifont (1:15.1.01-1build1) ...
2026-09-18T10:39:01.9381615Z Selecting previously unselected package fonts-wqy-zenhei.
2026-09-18T10:39:01.9516773Z Preparing to unpack .../4-fonts-wqy-zenhei_0.9.45-8_all.deb ...
2026-09-18T10:39:01.9625584Z Unpacking fonts-wqy-zenhei (0.9.45-8) ...
2026-09-18T10:39:02.4416944Z Selecting previously unselected package xfonts-encodings.
2026-09-18T10:39:02.4551010Z Preparing to unpack .../5-xfonts-encodings_1%3a1.0.5-0ubuntu2_all.deb ...
2026-09-18T10:39:02.4561699Z Unpacking xfonts-encodings (1:1.0.5-0ubuntu2) ...
2026-09-18T10:39:02.4883131Z Selecting previously unselected package xfonts-utils.
2026-09-18T10:39:02.5015268Z Preparing to unpack .../6-xfonts-utils_1%3a7.7+6build3_amd64.deb ...
2026-09-18T10:39:02.5026967Z Unpacking xfonts-utils (1:7.7+6build3) ...
2026-09-18T10:39:02.5529321Z Selecting previously unselected package xfonts-cyrillic.
2026-09-18T10:39:02.5662237Z Preparing to unpack .../7-xfonts-cyrillic_1%3a1.0.5+nmu1_all.deb ...
2026-09-18T10:39:02.5674787Z Unpacking xfonts-cyrillic (1:1.0.5+nmu1) ...
2026-09-18T10:39:02.6048177Z Selecting previously unselected package xfonts-scalable.
2026-09-18T10:39:02.6182635Z Preparing to unpack .../8-xfonts-scalable_1%3a1.0.3-1.3_all.deb ...
2026-09-18T10:39:02.6191810Z Unpacking xfonts-scalable (1:1.0.3-1.3) ...
2026-09-18T10:39:02.6629793Z Setting up fonts-wqy-zenhei (0.9.45-8) ...
2026-09-18T10:39:02.6763316Z Setting up fonts-freefont-ttf (20211204+svn4273-2) ...
2026-09-18T10:39:02.6786975Z Setting up fonts-tlwg-loma-otf (1:0.7.3-1) ...
2026-09-18T10:39:02.6811146Z Setting up xfonts-encodings (1:1.0.5-0ubuntu2) ...
2026-09-18T10:39:02.6833871Z Setting up fonts-ipafont-gothic (00303-21ubuntu1) ...
2026-09-18T10:39:02.6906991Z update-alternatives: using /usr/share/fonts/opentype/ipafont-gothic/ipag.ttf to provide /usr/share/fonts/truetype/fonts-japanese-gothic.ttf (fonts-japanese-gothic.ttf) in auto mode
2026-09-18T10:39:02.6930350Z Setting up fonts-unifont (1:15.1.01-1build1) ...
2026-09-18T10:39:02.6956872Z Setting up xfonts-utils (1:7.7+6build3) ...
2026-09-18T10:39:02.7002488Z Setting up xfonts-cyrillic (1:1.0.5+nmu1) ...
2026-09-18T10:39:02.7379691Z Setting up xfonts-scalable (1:1.0.3-1.3) ...
2026-09-18T10:39:02.7670835Z Processing triggers for man-db (2.12.0-4build2) ...
2026-09-18T10:39:02.7694227Z Not building database; man-db/auto-update is not 'true'.
2026-09-18T10:39:02.7724430Z Processing triggers for fontconfig (2.15.0-1.1ubuntu2) ...
2026-09-18T10:39:03.5066374Z 
2026-09-18T10:39:03.5067302Z Running kernel seems to be up-to-date.
2026-09-18T10:39:03.5067811Z 
2026-09-18T10:39:03.5068168Z No services need to be restarted.
2026-09-18T10:39:03.5068574Z 
2026-09-18T10:39:03.5068923Z No containers need to be restarted.
2026-09-18T10:39:03.5069323Z 
2026-09-18T10:39:03.5070187Z No user sessions are running outdated binaries.
2026-09-18T10:39:03.5070713Z 
2026-09-18T10:39:03.5071404Z No VM guests are running outdated hypervisor (qemu) binaries on this host.
2026-09-18T10:39:04.8759544Z Downloading Chrome for Testing 153.0.8010.12 (playwright chromium v1243) from https://cdn.playwright.dev/builds/cft/153.0.8010.12/linux64/chrome-linux64.zip
2026-09-18T10:39:05.3410627Z |                                                                                |   0% of 186.8 MiB
2026-09-18T10:39:05.7692875Z |■■■■■■■■                                                                        |  10% of 186.8 MiB
2026-09-18T10:39:05.8671323Z |■■■■■■■■■■■■■■■■                                                                |  20% of 186.8 MiB
2026-09-18T10:39:05.9591342Z |■■■■■■■■■■■■■■■■■■■■■■■■                                                        |  30% of 186.8 MiB
2026-09-18T10:39:06.0513513Z |■■■■■■■■■■■■■■■■■■■■■■■■■■■■■■■■                                                |  40% of 186.8 MiB
2026-09-18T10:39:06.1382800Z |■■■■■■■■■■■■■■■■■■■■■■■■■■■■■■■■■■■■■■■■                                        |  50% of 186.8 MiB
2026-09-18T10:39:06.2120560Z |■■■■■■■■■■■■■■■■■■■■■■■■■■■■■■■■■■■■■■■■■■■■■■■■                                |  60% of 186.8 MiB
2026-09-18T10:39:06.2984290Z |■■■■■■■■■■■■■■■■■■■■■■■■■■■■■■■■■■■■■■■■■■■■■■■■■■■■■■■■                        |  70% of 186.8 MiB
2026-09-18T10:39:06.3977652Z |■■■■■■■■■■■■■■■■■■■■■■■■■■■■■■■■■■■■■■■■■■■■■■■■■■■■■■■■■■■■■■■■                |  80% of 186.8 MiB
2026-09-18T10:39:06.4711326Z |■■■■■■■■■■■■■■■■■■■■■■■■■■■■■■■■■■■■■■■■■■■■■■■■■■■■■■■■■■■■■■■■■■■■■■■■        |  90% of 186.8 MiB
2026-09-18T10:39:06.5641500Z |■■■■■■■■■■■■■■■■■■■■■■■■■■■■■■■■■■■■■■■■■■■■■■■■■■■■■■■■■■■■■■■■■■■■■■■■■■■■■■■■| 100% of 186.8 MiB
2026-09-18T10:39:09.9977478Z Chrome for Testing 153.0.8010.12 (playwright chromium v1243) downloaded to /home/runner/.cache/ms-playwright/chromium-1243
2026-09-18T10:39:09.9982292Z Downloading FFmpeg (playwright ffmpeg v1011) from https://cdn.playwright.dev/dbazure/download/playwright/builds/ffmpeg/1011/ffmpeg-linux.zip
2026-09-18T10:39:10.4191121Z |                                                                                |   0% of 2.3 MiB
2026-09-18T10:39:10.4588586Z |■■■■■■■■                                                                        |  10% of 2.3 MiB
2026-09-18T10:39:10.4744598Z |■■■■■■■■■■■■■■■■                                                                |  20% of 2.3 MiB
2026-09-18T10:39:10.4869146Z |■■■■■■■■■■■■■■■■■■■■■■■■                                                        |  30% of 2.3 MiB
2026-09-18T10:39:10.4973855Z |■■■■■■■■■■■■■■■■■■■■■■■■■■■■■■■■                                                |  40% of 2.3 MiB
2026-09-18T10:39:10.5016243Z |■■■■■■■■■■■■■■■■■■■■■■■■■■■■■■■■■■■■■■■■                                        |  50% of 2.3 MiB
2026-09-18T10:39:10.5112681Z |■■■■■■■■■■■■■■■■■■■■■■■■■■■■■■■■■■■■■■■■■■■■■■■■                                |  60% of 2.3 MiB
2026-09-18T10:39:10.5152961Z |■■■■■■■■■■■■■■■■■■■■■■■■■■■■■■■■■■■■■■■■■■■■■■■■■■■■■■■■                        |  70% of 2.3 MiB
2026-09-18T10:39:10.5173538Z |■■■■■■■■■■■■■■■■■■■■■■■■■■■■■■■■■■■■■■■■■■■■■■■■■■■■■■■■■■■■■■■■                |  80% of 2.3 MiB
2026-09-18T10:39:10.5255189Z |■■■■■■■■■■■■■■■■■■■■■■■■■■■■■■■■■■■■■■■■■■■■■■■■■■■■■■■■■■■■■■■■■■■■■■■■        |  90% of 2.3 MiB
2026-09-18T10:39:10.5271489Z |■■■■■■■■■■■■■■■■■■■■■■■■■■■■■■■■■■■■■■■■■■■■■■■■■■■■■■■■■■■■■■■■■■■■■■■■■■■■■■■■| 100% of 2.3 MiB
2026-09-18T10:39:10.5899171Z FFmpeg (playwright ffmpeg v1011) downloaded to /home/runner/.cache/ms-playwright/ffmpeg-1011
2026-09-18T10:39:10.5903285Z Downloading Chrome Headless Shell 153.0.8010.12 (playwright chromium-headless-shell v1243) from https://cdn.playwright.dev/builds/cft/153.0.8010.12/linux64/chrome-headless-shell-linux64.zip
2026-09-18T10:39:11.0683865Z |                                                                                |   0% of 114.3 MiB
2026-09-18T10:39:11.4382535Z |■■■■■■■■                                                                        |  10% of 114.3 MiB
2026-09-18T10:39:11.5093708Z |■■■■■■■■■■■■■■■■                                                                |  20% of 114.3 MiB
2026-09-18T10:39:11.5546100Z |■■■■■■■■■■■■■■■■■■■■■■■■                                                        |  30% of 114.3 MiB
2026-09-18T10:39:11.6121452Z |■■■■■■■■■■■■■■■■■■■■■■■■■■■■■■■■                                                |  40% of 114.3 MiB
2026-09-18T10:39:11.6648267Z |■■■■■■■■■■■■■■■■■■■■■■■■■■■■■■■■■■■■■■■■                                        |  50% of 114.3 MiB
2026-09-18T10:39:11.7059846Z |■■■■■■■■■■■■■■■■■■■■■■■■■■■■■■■■■■■■■■■■■■■■■■■■                                |  60% of 114.3 MiB
2026-09-18T10:39:11.7515565Z |■■■■■■■■■■■■■■■■■■■■■■■■■■■■■■■■■■■■■■■■■■■■■■■■■■■■■■■■                        |  70% of 114.3 MiB
2026-09-18T10:39:11.7918705Z |■■■■■■■■■■■■■■■■■■■■■■■■■■■■■■■■■■■■■■■■■■■■■■■■■■■■■■■■■■■■■■■■                |  80% of 114.3 MiB
2026-09-18T10:39:11.8297290Z |■■■■■■■■■■■■■■■■■■■■■■■■■■■■■■■■■■■■■■■■■■■■■■■■■■■■■■■■■■■■■■■■■■■■■■■■        |  90% of 114.3 MiB
2026-09-18T10:39:11.8681685Z |■■■■■■■■■■■■■■■■■■■■■■■■■■■■■■■■■■■■■■■■■■■■■■■■■■■■■■■■■■■■■■■■■■■■■■■■■■■■■■■■| 100% of 114.3 MiB
2026-09-18T10:39:13.8524149Z Chrome Headless Shell 153.0.8010.12 (playwright chromium-headless-shell v1243) downloaded to /home/runner/.cache/ms-playwright/chromium_headless_shell-1243
2026-09-18T10:39:13.8841605Z ##[end-action id=__self.__run_3;outcome=success;conclusion=success;duration_ms=24480]
2026-09-18T10:39:13.8906628Z ##[group]Run docker/setup-buildx-action@37fe631027851001ddb9b187196cc803df7f5f0e
2026-09-18T10:39:13.8907090Z with:
2026-09-18T10:39:13.8907305Z   driver: docker-container
2026-09-18T10:39:13.8907546Z   use: true
2026-09-18T10:39:13.8907741Z   keep-state: false
2026-09-18T10:39:13.8907955Z   cache-binary: true
2026-09-18T10:39:13.8908177Z   cleanup: true
2026-09-18T10:39:13.8908375Z env:
2026-09-18T10:39:13.8908560Z   GOTOOLCHAIN: local
2026-09-18T10:39:13.8908842Z   PNPM_HOME: /home/runner/setup-pnpm/node_modules/.bin
2026-09-18T10:39:13.8909153Z ##[endgroup]
2026-09-18T10:39:14.0946186Z ##[group]Docker info
2026-09-18T10:39:14.0984067Z [command]/usr/bin/docker version
2026-09-18T10:39:14.2213686Z Client: Docker Engine - Community
2026-09-18T10:39:14.2217622Z  Version:           28.0.4
2026-09-18T10:39:14.2218212Z  API version:       1.48
2026-09-18T10:39:14.2218606Z  Go version:        go1.23.7
2026-09-18T10:39:14.2218955Z  Git commit:        b8034c0
2026-09-18T10:39:14.2219388Z  Built:             Tue Mar 25 15:07:16 2025
2026-09-18T10:39:14.2219782Z  OS/Arch:           linux/amd64
2026-09-18T10:39:14.2220111Z  Context:           default
2026-09-18T10:39:14.2220283Z 
2026-09-18T10:39:14.2220458Z Server: Docker Engine - Community
2026-09-18T10:39:14.2220737Z  Engine:
2026-09-18T10:39:14.2220964Z   Version:          28.0.4
2026-09-18T10:39:14.2221361Z   API version:      1.48 (minimum version 1.24)
2026-09-18T10:39:14.2221744Z   Go version:       go1.23.7
2026-09-18T10:39:14.2222071Z   Git commit:       6430e49
2026-09-18T10:39:14.2222491Z   Built:            Tue Mar 25 15:07:16 2025
2026-09-18T10:39:14.2222888Z   OS/Arch:          linux/amd64
2026-09-18T10:39:14.2223209Z   Experimental:     false
2026-09-18T10:39:14.2223513Z  containerd:
2026-09-18T10:39:14.2223755Z   Version:          v2.3.4
2026-09-18T10:39:14.2224203Z   GitCommit:        db8809540e1a7a9da5d518876894933ff55692ab
2026-09-18T10:39:14.2224612Z  runc:
2026-09-18T10:39:14.2224852Z   Version:          1.5.1
2026-09-18T10:39:14.2225833Z   GitCommit:        v1.5.1-0-g8f2685a4
2026-09-18T10:39:14.2226352Z  docker-init:
2026-09-18T10:39:14.2226779Z   Version:          0.19.0
2026-09-18T10:39:14.2227237Z   GitCommit:        de40ad0
2026-09-18T10:39:14.2271109Z [command]/usr/bin/docker info
2026-09-18T10:39:16.5446900Z Client: Docker Engine - Community
2026-09-18T10:39:16.5447452Z  Version:    28.0.4
2026-09-18T10:39:16.5447741Z  Context:    default
2026-09-18T10:39:16.5448030Z  Debug Mode: false
2026-09-18T10:39:16.5448358Z  Plugins:
2026-09-18T10:39:16.5448737Z   buildx: Docker Buildx (Docker Inc.)
2026-09-18T10:39:16.5449139Z     Version:  v0.37.0
2026-09-18T10:39:16.5449634Z     Path:     /usr/libexec/docker/cli-plugins/docker-buildx
2026-09-18T10:39:16.5450145Z   compose: Docker Compose (Docker Inc.)
2026-09-18T10:39:16.5450546Z     Version:  v2.38.2
2026-09-18T10:39:16.5451034Z     Path:     /usr/libexec/docker/cli-plugins/docker-compose
2026-09-18T10:39:16.5451802Z 
2026-09-18T10:39:16.5456034Z Server:
2026-09-18T10:39:16.5456464Z  Containers: 0
2026-09-18T10:39:16.5457019Z   Running: 0
2026-09-18T10:39:16.5457375Z   Paused: 0
2026-09-18T10:39:16.5457730Z   Stopped: 0
2026-09-18T10:39:16.5458059Z  Images: 6
2026-09-18T10:39:16.5458426Z  Server Version: 28.0.4
2026-09-18T10:39:16.5458844Z  Storage Driver: overlay2
2026-09-18T10:39:16.5459288Z   Backing Filesystem: extfs
2026-09-18T10:39:16.5459730Z   Supports d_type: true
2026-09-18T10:39:16.5460146Z   Using metacopy: false
2026-09-18T10:39:16.5460564Z   Native Overlay Diff: false
2026-09-18T10:39:16.5460973Z   userxattr: false
2026-09-18T10:39:16.5461360Z  Logging Driver: json-file
2026-09-18T10:39:16.5461772Z  Cgroup Driver: systemd
2026-09-18T10:39:16.5462160Z  Cgroup Version: 2
2026-09-18T10:39:16.5462507Z  Plugins:
2026-09-18T10:39:16.5462837Z   Volume: local
2026-09-18T10:39:16.5463360Z   Network: bridge host ipvlan macvlan null overlay
2026-09-18T10:39:16.5464243Z   Log: awslogs fluentd gcplogs gelf journald json-file local splunk syslog
2026-09-18T10:39:16.5465527Z  Swarm: inactive
2026-09-18T10:39:16.5466045Z  Runtimes: io.containerd.runc.v2 runc
2026-09-18T10:39:16.5466527Z  Default Runtime: runc
2026-09-18T10:39:16.5466929Z  Init Binary: docker-init
2026-09-18T10:39:16.5467579Z  containerd version: db8809540e1a7a9da5d518876894933ff55692ab
2026-09-18T10:39:16.5468248Z  runc version: v1.5.1-0-g8f2685a4
2026-09-18T10:39:16.5468711Z  init version: de40ad0
2026-09-18T10:39:16.5469114Z  Security Options:
2026-09-18T10:39:16.5469486Z   apparmor
2026-09-18T10:39:16.5469822Z   seccomp
2026-09-18T10:39:16.5470189Z    Profile: builtin
2026-09-18T10:39:16.5470585Z   cgroupns
2026-09-18T10:39:16.5471017Z  Kernel Version: 6.17.0-1022-azure
2026-09-18T10:39:16.5471573Z  Operating System: Ubuntu 24.04.5 LTS
2026-09-18T10:39:16.5472058Z  OSType: linux
2026-09-18T10:39:16.5472467Z  Architecture: x86_64
2026-09-18T10:39:16.5472890Z  CPUs: 4
2026-09-18T10:39:16.5473271Z  Total Memory: 15.61GiB
2026-09-18T10:39:16.5473541Z  Name: runnervmlun5p
2026-09-18T10:39:16.5473845Z  ID: a4efb8b6-20f9-46f4-b827-91ac0547be3a
2026-09-18T10:39:16.5474187Z  Docker Root Dir: /var/lib/docker
2026-09-18T10:39:16.5474464Z  Debug Mode: false
2026-09-18T10:39:16.5474707Z  Username: githubactions
2026-09-18T10:39:16.5475263Z  Experimental: false
2026-09-18T10:39:16.5475543Z  Insecure Registries:
2026-09-18T10:39:16.5475810Z   ::1/128
2026-09-18T10:39:16.5476020Z   127.0.0.0/8
2026-09-18T10:39:16.5476260Z  Live Restore Enabled: false
2026-09-18T10:39:16.5476427Z 
2026-09-18T10:39:16.5478323Z ##[endgroup]
2026-09-18T10:39:16.6279605Z ##[group]Buildx version
2026-09-18T10:39:16.6313922Z [command]/usr/bin/docker buildx version
2026-09-18T10:39:16.6919226Z github.com/docker/buildx v0.37.0 ac30b249211430b85fb8f37b6e7154b5c47ba0b6
2026-09-18T10:39:16.6958296Z ##[endgroup]
2026-09-18T10:39:16.7152945Z ##[group]Inspecting default docker context
2026-09-18T10:39:16.7335783Z [
2026-09-18T10:39:16.7336234Z   {
2026-09-18T10:39:16.7336636Z     "Name": "default",
2026-09-18T10:39:16.7336943Z     "Metadata": {},
2026-09-18T10:39:16.7337249Z     "Endpoints": {
2026-09-18T10:39:16.7337550Z       "docker": {
2026-09-18T10:39:16.7337934Z         "Host": "unix:///var/run/docker.sock",
2026-09-18T10:39:16.7338349Z         "SkipTLSVerify": false
2026-09-18T10:39:16.7338619Z       }
2026-09-18T10:39:16.7338843Z     },
2026-09-18T10:39:16.7339070Z     "TLSMaterial": {},
2026-09-18T10:39:16.7339324Z     "Storage": {
2026-09-18T10:39:16.7339642Z       "MetadataPath": "<IN MEMORY>",
2026-09-18T10:39:16.7340013Z       "TLSPath": "<IN MEMORY>"
2026-09-18T10:39:16.7340261Z     }
2026-09-18T10:39:16.7340446Z   }
2026-09-18T10:39:16.7340633Z ]
2026-09-18T10:39:16.7341120Z ##[endgroup]
2026-09-18T10:39:16.7341498Z ##[group]Creating a new builder instance
2026-09-18T10:39:16.8862108Z [command]/usr/bin/docker buildx create --name builder-ed79ee79-e350-464a-880d-7348ec8bcdcb --driver docker-container --buildkitd-flags --allow-insecure-entitlement security.insecure --allow-insecure-entitlement network.host --use
2026-09-18T10:39:16.9567189Z builder-ed79ee79-e350-464a-880d-7348ec8bcdcb
2026-09-18T10:39:16.9609657Z ##[endgroup]
2026-09-18T10:39:16.9610146Z ##[group]Booting builder
2026-09-18T10:39:16.9651268Z [command]/usr/bin/docker buildx inspect --bootstrap --builder builder-ed79ee79-e350-464a-880d-7348ec8bcdcb
2026-09-18T10:39:17.0226745Z #1 [internal] booting buildkit
2026-09-18T10:39:17.1733007Z #1 pulling image moby/buildkit:buildx-stable-1
2026-09-18T10:39:21.9033546Z #1 pulling image moby/buildkit:buildx-stable-1 4.9s done
2026-09-18T10:39:22.0548899Z #1 creating container buildx_buildkit_builder-ed79ee79-e350-464a-880d-7348ec8bcdcb0
2026-09-18T10:39:22.2464310Z #1 creating container buildx_buildkit_builder-ed79ee79-e350-464a-880d-7348ec8bcdcb0 0.3s done
2026-09-18T10:39:22.2860563Z #1 DONE 5.2s
2026-09-18T10:39:22.3237939Z Name:          builder-ed79ee79-e350-464a-880d-7348ec8bcdcb
2026-09-18T10:39:22.3238712Z Driver:        docker-container
2026-09-18T10:39:22.3240173Z Last Activity: 2026-09-18 10:39:16 +0000 UTC
2026-09-18T10:39:22.3240420Z 
2026-09-18T10:39:22.3241023Z Nodes:
2026-09-18T10:39:22.3241504Z Name:                  builder-ed79ee79-e350-464a-880d-7348ec8bcdcb0
2026-09-18T10:39:22.3242280Z Endpoint:              unix:///var/run/docker.sock
2026-09-18T10:39:22.3242683Z Status:                running
2026-09-18T10:39:22.3243568Z BuildKit daemon flags: --allow-insecure-entitlement security.insecure --allow-insecure-entitlement network.host
2026-09-18T10:39:22.3244233Z BuildKit version:      v0.32.2
2026-09-18T10:39:22.3244725Z Platforms:             linux/amd64, linux/amd64/v2, linux/amd64/v3, linux/386
2026-09-18T10:39:22.3246134Z Labels:
2026-09-18T10:39:22.3246720Z  org.mobyproject.buildkit.worker.executor:         oci
2026-09-18T10:39:22.3247279Z  org.mobyproject.buildkit.worker.hostname:         a0a741b651f2
2026-09-18T10:39:22.3247826Z  org.mobyproject.buildkit.worker.network:          host
2026-09-18T10:39:22.3248372Z  org.mobyproject.buildkit.worker.oci.process-mode: sandbox
2026-09-18T10:39:22.3248916Z  org.mobyproject.buildkit.worker.selinux.enabled:  false
2026-09-18T10:39:22.3249446Z  org.mobyproject.buildkit.worker.snapshotter:      overlayfs
2026-09-18T10:39:22.3249867Z GC Policy rule#0:
2026-09-18T10:39:22.3250258Z  All:            false
2026-09-18T10:39:22.3250750Z  Filters:        type==source.local type==exec.cachemount type==source.git.checkout
2026-09-18T10:39:22.3251210Z  Keep Duration:  48h0m0s
2026-09-18T10:39:22.3251480Z  Max Used Space: 488.3MiB
2026-09-18T10:39:22.3251752Z GC Policy rule#1:
2026-09-18T10:39:22.3251985Z  All:            false
2026-09-18T10:39:22.3252240Z  Keep Duration:  1440h0m0s
2026-09-18T10:39:22.3252505Z  Reserved Space: 9.313GiB
2026-09-18T10:39:22.3252765Z  Max Used Space: 93.13GiB
2026-09-18T10:39:22.3253020Z  Min Free Space: 27.01GiB
2026-09-18T10:39:22.3253284Z GC Policy rule#2:
2026-09-18T10:39:22.3253514Z  All:            false
2026-09-18T10:39:22.3253761Z  Reserved Space: 9.313GiB
2026-09-18T10:39:22.3254033Z  Max Used Space: 93.13GiB
2026-09-18T10:39:22.3254289Z  Min Free Space: 27.01GiB
2026-09-18T10:39:22.3254554Z GC Policy rule#3:
2026-09-18T10:39:22.3254785Z  All:            true
2026-09-18T10:39:22.3255320Z  Reserved Space: 9.313GiB
2026-09-18T10:39:22.3255592Z  Max Used Space: 93.13GiB
2026-09-18T10:39:22.3255848Z  Min Free Space: 27.01GiB
2026-09-18T10:39:22.3296277Z ##[endgroup]
2026-09-18T10:39:22.4529786Z ##[group]Inspect builder
2026-09-18T10:39:22.4531282Z {
2026-09-18T10:39:22.4532200Z   "nodes": [
2026-09-18T10:39:22.4532954Z     {
2026-09-18T10:39:22.4533972Z       "name": "builder-ed79ee79-e350-464a-880d-7348ec8bcdcb0",
2026-09-18T10:39:22.4535663Z       "endpoint": "unix:///var/run/docker.sock",
2026-09-18T10:39:22.4537643Z       "status": "running",
2026-09-18T10:39:22.4539519Z       "buildkitd-flags": "--allow-insecure-entitlement security.insecure --allow-insecure-entitlement network.host",
2026-09-18T10:39:22.4541023Z       "buildkit": "v0.32.2",
2026-09-18T10:39:22.4546315Z       "platforms": "linux/amd64,linux/amd64/v2,linux/amd64/v3,linux/386",
2026-09-18T10:39:22.4547261Z       "features": {
2026-09-18T10:39:22.4548207Z         "Automatically load images to the Docker Engine image store": true,
2026-09-18T10:39:22.4548845Z         "Cache export": true,
2026-09-18T10:39:22.4549182Z         "Direct push": true,
2026-09-18T10:39:22.4549593Z         "Docker exporter": true,
2026-09-18T10:39:22.4550011Z         "Multi-platform build": true,
2026-09-18T10:39:22.4550381Z         "OCI exporter": true
2026-09-18T10:39:22.4550659Z       },
2026-09-18T10:39:22.4550910Z       "labels": {
2026-09-18T10:39:22.4551366Z         "org.mobyproject.buildkit.worker.executor": "oci",
2026-09-18T10:39:22.4551978Z         "org.mobyproject.buildkit.worker.hostname": "a0a741b651f2",
2026-09-18T10:39:22.4552568Z         "org.mobyproject.buildkit.worker.network": "host",
2026-09-18T10:39:22.4553220Z         "org.mobyproject.buildkit.worker.oci.process-mode": "sandbox",
2026-09-18T10:39:22.4553974Z         "org.mobyproject.buildkit.worker.selinux.enabled": "false",
2026-09-18T10:39:22.4554848Z         "org.mobyproject.buildkit.worker.snapshotter": "overlayfs"
2026-09-18T10:39:22.4556069Z       },
2026-09-18T10:39:22.4556544Z       "gcPolicy": [
2026-09-18T10:39:22.4557041Z         {
2026-09-18T10:39:22.4557592Z           "all": false,
2026-09-18T10:39:22.4558127Z           "filter": [
2026-09-18T10:39:22.4559277Z             "type==source.local type==exec.cachemount type==source.git.checkout"
2026-09-18T10:39:22.4560076Z           ],
2026-09-18T10:39:22.4560692Z           "keepDuration": "48h0m0s",
2026-09-18T10:39:22.4561567Z           "maxUsedSpace": "488.3MiB"
2026-09-18T10:39:22.4562152Z         },
2026-09-18T10:39:22.4576207Z         {
2026-09-18T10:39:22.4576598Z           "all": false,
2026-09-18T10:39:22.4577037Z           "keepDuration": "1440h0m0s",
2026-09-18T10:39:22.4577493Z           "reservedSpace": "9.313GiB",
2026-09-18T10:39:22.4577902Z           "maxUsedSpace": "93.13GiB",
2026-09-18T10:39:22.4578345Z           "minFreeSpace": "27.01GiB"
2026-09-18T10:39:22.4578654Z         },
2026-09-18T10:39:22.4578917Z         {
2026-09-18T10:39:22.4579193Z           "all": false,
2026-09-18T10:39:22.4579573Z           "reservedSpace": "9.313GiB",
2026-09-18T10:39:22.4580008Z           "maxUsedSpace": "93.13GiB",
2026-09-18T10:39:22.4580401Z           "minFreeSpace": "27.01GiB"
2026-09-18T10:39:22.4580702Z         },
2026-09-18T10:39:22.4580931Z         {
2026-09-18T10:39:22.4581212Z           "all": true,
2026-09-18T10:39:22.4581578Z           "reservedSpace": "9.313GiB",
2026-09-18T10:39:22.4581980Z           "maxUsedSpace": "93.13GiB",
2026-09-18T10:39:22.4582386Z           "minFreeSpace": "27.01GiB"
2026-09-18T10:39:22.4582674Z         }
2026-09-18T10:39:22.4582891Z       ]
2026-09-18T10:39:22.4583101Z     }
2026-09-18T10:39:22.4583311Z   ],
2026-09-18T10:39:22.4583670Z   "name": "builder-ed79ee79-e350-464a-880d-7348ec8bcdcb",
2026-09-18T10:39:22.4584091Z   "driver": "docker-container",
2026-09-18T10:39:22.4584495Z   "lastActivity": "2026-09-18T10:39:16.000Z"
2026-09-18T10:39:22.4584812Z }
2026-09-18T10:39:22.4585589Z ##[endgroup]
2026-09-18T10:39:22.4586032Z ##[group]BuildKit version
2026-09-18T10:39:22.4586427Z builder-ed79ee79-e350-464a-880d-7348ec8bcdcb0: v0.32.2
2026-09-18T10:39:22.4586897Z ##[endgroup]
2026-09-18T10:39:22.4710057Z ##[group]Run docker/login-action@dbcb813823bdd20940b903addbd779551569679f
2026-09-18T10:39:22.4710477Z with:
2026-09-18T10:39:22.4710673Z   registry: ghcr.io
2026-09-18T10:39:22.4710896Z   username: tyk-swe
2026-09-18T10:39:22.4713696Z   password: ***
2026-09-18T10:39:22.4713939Z   logout: true
2026-09-18T10:39:22.4714140Z env:
2026-09-18T10:39:22.4714341Z   GOTOOLCHAIN: local
2026-09-18T10:39:22.4714625Z   PNPM_HOME: /home/runner/setup-pnpm/node_modules/.bin
2026-09-18T10:39:22.4715240Z ##[endgroup]
2026-09-18T10:39:22.6920425Z Logging into ghcr.io...
2026-09-18T10:39:23.0570935Z Login Succeeded!
2026-09-18T10:39:23.0730190Z ##[group]Run ./scripts/qualify-image.sh
2026-09-18T10:39:23.0730767Z ./scripts/qualify-image.sh
2026-09-18T10:39:23.0769666Z shell: /usr/bin/bash --noprofile --norc -e -o pipefail {0}
2026-09-18T10:39:23.0770026Z env:
2026-09-18T10:39:23.0770231Z   GOTOOLCHAIN: local
2026-09-18T10:39:23.0770535Z   PNPM_HOME: /home/runner/setup-pnpm/node_modules/.bin
2026-09-18T10:39:23.0771118Z   OLP_CONSOLE_E2E_IMAGE: ghcr.io/tyk-swe/olp@sha256:0c7495977bf5a837c7d3d0fa9d21c557a7ddbabb5eb08213ec51d45a458de09d
2026-09-18T10:39:23.0771684Z   OLP_IMAGE_PLATFORM: linux/amd64
2026-09-18T10:39:23.0771945Z ##[endgroup]
2026-09-18T10:39:23.5281594Z ghcr.io/tyk-swe/olp@sha256:0c7495977bf5a837c7d3d0fa9d21c557a7ddbabb5eb08213ec51d45a458de09d: Pulling from tyk-swe/olp
2026-09-18T10:39:23.6396853Z 1eed391ea893: Pulling fs layer
2026-09-18T10:39:23.6397937Z c172f21841df: Pulling fs layer
2026-09-18T10:39:23.6398635Z 99515e7b4d35: Pulling fs layer
2026-09-18T10:39:23.6399223Z 99ba982a9142: Pulling fs layer
2026-09-18T10:39:23.6399589Z d6b1b89eccac: Pulling fs layer
2026-09-18T10:39:23.6399955Z 2780920e5dbf: Pulling fs layer
2026-09-18T10:39:23.6400306Z 7c12895b777b: Pulling fs layer
2026-09-18T10:39:23.6400661Z 3214acf345c0: Pulling fs layer
2026-09-18T10:39:23.6401019Z 52630fc75a18: Pulling fs layer
2026-09-18T10:39:23.6401369Z dd64bf2dd177: Pulling fs layer
2026-09-18T10:39:23.6401729Z b839dfae01f6: Pulling fs layer
2026-09-18T10:39:23.6402080Z ebddc55facdc: Pulling fs layer
2026-09-18T10:39:23.6402437Z c4bc6f35ff5e: Pulling fs layer
2026-09-18T10:39:23.6402790Z 2d4d7adf6272: Pulling fs layer
2026-09-18T10:39:23.6403135Z 58c0c263dc73: Pulling fs layer
2026-09-18T10:39:23.6403492Z bd8962e29291: Pulling fs layer
2026-09-18T10:39:23.6403837Z cac2ae0193cb: Pulling fs layer
2026-09-18T10:39:23.6404194Z dd0d9bfd3bee: Pulling fs layer
2026-09-18T10:39:23.6404489Z 7cc70dfd88cf: Pulling fs layer
2026-09-18T10:39:23.6404777Z 8224d91da70b: Pulling fs layer
2026-09-18T10:39:23.6405579Z 1a4be5562d92: Pulling fs layer
2026-09-18T10:39:23.6406111Z e5f35cbd76d9: Pulling fs layer
2026-09-18T10:39:23.6406423Z f83ea405dcce: Pulling fs layer
2026-09-18T10:39:23.6406719Z d5b348b6a006: Pulling fs layer
2026-09-18T10:39:23.6407291Z e85c2732608b: Pulling fs layer
2026-09-18T10:39:23.6407661Z 3c948d8ea1ca: Pulling fs layer
2026-09-18T10:39:23.6407941Z 99ba982a9142: Waiting
2026-09-18T10:39:23.6408277Z d6b1b89eccac: Waiting
2026-09-18T10:39:23.6408613Z 58c0c263dc73: Waiting
2026-09-18T10:39:23.6408849Z bd8962e29291: Waiting
2026-09-18T10:39:23.6409101Z cac2ae0193cb: Waiting
2026-09-18T10:39:23.6409404Z dd0d9bfd3bee: Waiting
2026-09-18T10:39:23.6409817Z 2780920e5dbf: Waiting
2026-09-18T10:39:23.6410057Z 1a4be5562d92: Waiting
2026-09-18T10:39:23.6410287Z e5f35cbd76d9: Waiting
2026-09-18T10:39:23.6410516Z 7c12895b777b: Waiting
2026-09-18T10:39:23.6411128Z f83ea405dcce: Waiting
2026-09-18T10:39:23.6411370Z d5b348b6a006: Waiting
2026-09-18T10:39:23.6411594Z e85c2732608b: Waiting
2026-09-18T10:39:23.6411865Z 3214acf345c0: Waiting
2026-09-18T10:39:23.6412347Z 3c948d8ea1ca: Waiting
2026-09-18T10:39:23.6412793Z dd64bf2dd177: Waiting
2026-09-18T10:39:23.6413262Z c4bc6f35ff5e: Waiting
2026-09-18T10:39:23.6413725Z b839dfae01f6: Waiting
2026-09-18T10:39:23.6413985Z ebddc55facdc: Waiting
2026-09-18T10:39:23.6414217Z 2d4d7adf6272: Waiting
2026-09-18T10:39:23.6414457Z 7cc70dfd88cf: Waiting
2026-09-18T10:39:23.8059606Z c172f21841df: Verifying Checksum
2026-09-18T10:39:23.8060396Z c172f21841df: Download complete
2026-09-18T10:39:23.8101302Z 1eed391ea893: Verifying Checksum
2026-09-18T10:39:23.8137609Z 99515e7b4d35: Verifying Checksum
2026-09-18T10:39:23.8139748Z 99515e7b4d35: Download complete
2026-09-18T10:39:23.8349010Z 1eed391ea893: Pull complete
2026-09-18T10:39:23.8524457Z c172f21841df: Pull complete
2026-09-18T10:39:23.9632689Z d6b1b89eccac: Verifying Checksum
2026-09-18T10:39:23.9635375Z d6b1b89eccac: Download complete
2026-09-18T10:39:23.9680561Z 2780920e5dbf: Download complete
2026-09-18T10:39:23.9915704Z 99ba982a9142: Verifying Checksum
2026-09-18T10:39:23.9917216Z 99ba982a9142: Download complete
2026-09-18T10:39:23.9995987Z 99515e7b4d35: Pull complete
2026-09-18T10:39:24.1066660Z 7c12895b777b: Verifying Checksum
2026-09-18T10:39:24.1067385Z 7c12895b777b: Download complete
2026-09-18T10:39:24.1347147Z 52630fc75a18: Verifying Checksum
2026-09-18T10:39:24.1347891Z 52630fc75a18: Download complete
2026-09-18T10:39:24.1381436Z 3214acf345c0: Verifying Checksum
2026-09-18T10:39:24.1382349Z 3214acf345c0: Download complete
2026-09-18T10:39:24.1676343Z 99ba982a9142: Pull complete
2026-09-18T10:39:24.1823003Z d6b1b89eccac: Pull complete
2026-09-18T10:39:24.1896135Z 2780920e5dbf: Pull complete
2026-09-18T10:39:24.2006591Z 7c12895b777b: Pull complete
2026-09-18T10:39:24.2102353Z 3214acf345c0: Pull complete
2026-09-18T10:39:24.2192378Z 52630fc75a18: Pull complete
2026-09-18T10:39:24.2570364Z dd64bf2dd177: Verifying Checksum
2026-09-18T10:39:24.2573043Z dd64bf2dd177: Download complete
2026-09-18T10:39:24.2651984Z dd64bf2dd177: Pull complete
2026-09-18T10:39:24.2832852Z ebddc55facdc: Download complete
2026-09-18T10:39:24.2864801Z b839dfae01f6: Verifying Checksum
2026-09-18T10:39:24.2868657Z b839dfae01f6: Download complete
2026-09-18T10:39:24.2983464Z b839dfae01f6: Pull complete
2026-09-18T10:39:24.3084117Z ebddc55facdc: Pull complete
2026-09-18T10:39:24.4386780Z c4bc6f35ff5e: Verifying Checksum
2026-09-18T10:39:24.4392346Z c4bc6f35ff5e: Download complete
2026-09-18T10:39:24.4534814Z c4bc6f35ff5e: Pull complete
2026-09-18T10:39:24.5057424Z 58c0c263dc73: Verifying Checksum
2026-09-18T10:39:24.5057995Z 58c0c263dc73: Download complete
2026-09-18T10:39:24.5616472Z 2d4d7adf6272: Verifying Checksum
2026-09-18T10:39:24.5617988Z 2d4d7adf6272: Download complete
2026-09-18T10:39:24.6359459Z bd8962e29291: Verifying Checksum
2026-09-18T10:39:24.6360196Z bd8962e29291: Download complete
2026-09-18T10:39:24.6857841Z cac2ae0193cb: Verifying Checksum
2026-09-18T10:39:24.6858476Z cac2ae0193cb: Download complete
2026-09-18T10:39:24.7182013Z 2d4d7adf6272: Pull complete
2026-09-18T10:39:24.7353706Z dd0d9bfd3bee: Verifying Checksum
2026-09-18T10:39:24.7355171Z dd0d9bfd3bee: Download complete
2026-09-18T10:39:24.7748452Z 58c0c263dc73: Pull complete
2026-09-18T10:39:24.7961018Z bd8962e29291: Pull complete
2026-09-18T10:39:24.8118863Z cac2ae0193cb: Pull complete
2026-09-18T10:39:24.8264314Z dd0d9bfd3bee: Pull complete
2026-09-18T10:39:24.8383968Z 8224d91da70b: Download complete
2026-09-18T10:39:24.8846342Z 7cc70dfd88cf: Verifying Checksum
2026-09-18T10:39:24.8851763Z 7cc70dfd88cf: Download complete
2026-09-18T10:39:24.8988830Z 1a4be5562d92: Download complete
2026-09-18T10:39:24.9183689Z 7cc70dfd88cf: Pull complete
2026-09-18T10:39:24.9351115Z 8224d91da70b: Pull complete
2026-09-18T10:39:24.9507538Z 1a4be5562d92: Pull complete
2026-09-18T10:39:25.0867366Z d5b348b6a006: Verifying Checksum
2026-09-18T10:39:25.0868119Z d5b348b6a006: Download complete
2026-09-18T10:39:25.0984824Z f83ea405dcce: Verifying Checksum
2026-09-18T10:39:25.0985769Z f83ea405dcce: Download complete
2026-09-18T10:39:25.2679493Z 3c948d8ea1ca: Verifying Checksum
2026-09-18T10:39:25.2680108Z 3c948d8ea1ca: Download complete
2026-09-18T10:39:25.3249736Z e5f35cbd76d9: Verifying Checksum
2026-09-18T10:39:25.3250744Z e5f35cbd76d9: Download complete
2026-09-18T10:39:25.3950637Z e85c2732608b: Verifying Checksum
2026-09-18T10:39:25.3951301Z e85c2732608b: Download complete
2026-09-18T10:39:25.5494513Z e5f35cbd76d9: Pull complete
2026-09-18T10:39:25.5750910Z f83ea405dcce: Pull complete
2026-09-18T10:39:25.5894031Z d5b348b6a006: Pull complete
2026-09-18T10:39:25.7075307Z e85c2732608b: Pull complete
2026-09-18T10:39:25.7206280Z 3c948d8ea1ca: Pull complete
2026-09-18T10:39:25.7242466Z Digest: sha256:0c7495977bf5a837c7d3d0fa9d21c557a7ddbabb5eb08213ec51d45a458de09d
2026-09-18T10:39:25.7247475Z Status: Downloaded newer image for ghcr.io/tyk-swe/olp@sha256:0c7495977bf5a837c7d3d0fa9d21c557a7ddbabb5eb08213ec51d45a458de09d
2026-09-18T10:39:25.7257753Z ghcr.io/tyk-swe/olp@sha256:0c7495977bf5a837c7d3d0fa9d21c557a7ddbabb5eb08213ec51d45a458de09d
2026-09-18T10:39:25.8667150Z Usage of olp all:
2026-09-18T10:39:25.8667892Z   -auth-hmac-key-file string
2026-09-18T10:39:25.8668381Z     	mounted hex/base64 authentication key
2026-09-18T10:39:25.8668758Z   -bootstrap-token-file string
2026-09-18T10:39:25.8669353Z     	mounted first-owner bootstrap token
2026-09-18T10:39:25.8670003Z   -connector-config-file string
2026-09-18T10:39:25.8670701Z     	mounted provider transport configuration
2026-09-18T10:39:25.8671277Z   -console-dir string
2026-09-18T10:39:25.8671948Z     	static console directory (default "console/build")
2026-09-18T10:39:25.8672603Z   -database-max-connections int
2026-09-18T10:39:25.8673284Z     	PostgreSQL pool capacity (default 20)
2026-09-18T10:39:25.8673827Z   -database-url string
2026-09-18T10:39:25.8674393Z     	PostgreSQL URL (OLP_DATABASE_URL)
2026-09-18T10:39:25.8675126Z   -database-url-file string
2026-09-18T10:39:25.8675800Z     	file containing PostgreSQL URL
2026-09-18T10:39:25.8676407Z   -dependency-request-timeout duration
2026-09-18T10:39:25.8676933Z     	dependency request deadline (default 2s)
2026-09-18T10:39:25.8677618Z   -gateway-cors-allowed-origins string
2026-09-18T10:39:25.8678393Z     	comma-separated origins allowed to call the inference API
2026-09-18T10:39:25.8679151Z   -http-connection-drain-timeout-seconds int
2026-09-18T10:39:25.8679833Z     	maximum age drain time (default 30)
2026-09-18T10:39:25.8680431Z   -http-connection-max-age-seconds int
2026-09-18T10:39:25.8681242Z     	connection lifetime before graceful drain (default 300)
2026-09-18T10:39:25.8681861Z   -http-max-connections int
2026-09-18T10:39:25.8682604Z     	maximum accepted connections per listener (default 1024)
2026-09-18T10:39:25.8683347Z   -http-max-in-flight-inference-requests int
2026-09-18T10:39:25.8684085Z     	inference work admission (default 256)
2026-09-18T10:39:25.8684712Z   -http-max-in-flight-management-requests int
2026-09-18T10:39:25.8685821Z     	management and console request admission (default 32)
2026-09-18T10:39:25.8686465Z   -http-max-inline-media-item-bytes int
2026-09-18T10:39:25.8687268Z     	maximum decoded bytes per inline media item (default 1048576)
2026-09-18T10:39:25.8687995Z   -http-max-inline-media-items int
2026-09-18T10:39:25.8688623Z     	maximum inline media items (default 4)
2026-09-18T10:39:25.8689201Z   -http-max-inline-media-total-bytes int
2026-09-18T10:39:25.8690116Z     	maximum decoded inline media bytes per request (default 2097152)
2026-09-18T10:39:25.8690842Z   -http-max-json-body-bytes int
2026-09-18T10:39:25.8691744Z     	largest JSON request body, before and after gzip inflation (default 2097152)
2026-09-18T10:39:25.8692520Z   -http-max-media-body-bytes int
2026-09-18T10:39:25.8693399Z     	largest raw or multipart media request body (default 67108864)
2026-09-18T10:39:25.8694174Z   -listen-addr string
2026-09-18T10:39:25.8694838Z     	public listener (default "127.0.0.1:8080")
2026-09-18T10:39:25.8695878Z   -local-login-enabled
2026-09-18T10:39:25.8696568Z     	allow password sign-in (default true)
2026-09-18T10:39:25.8697146Z   -log-level string
2026-09-18T10:39:25.8697915Z     	debug, info, warn, or error (OLP_LOG_LEVEL) (default "info")
2026-09-18T10:39:25.8698583Z   -master-key-file string
2026-09-18T10:39:25.8699199Z     	mounted JSON master key ring
2026-09-18T10:39:25.8699818Z   -media-spool-capacity-bytes int
2026-09-18T10:39:25.8700617Z     	media spool capacity in bytes (default 1073741824)
2026-09-18T10:39:25.8701223Z   -media-spool-dir string
2026-09-18T10:39:25.8702225Z     	directory for bounded media staging; defaults to the system temp directory
2026-09-18T10:39:25.8703091Z   -observability-listen-addr string
2026-09-18T10:39:25.8703919Z     	private health listener (default "127.0.0.1:9090")
2026-09-18T10:39:25.8704571Z   -otlp-headers-file string
2026-09-18T10:39:25.8705563Z     	mounted JSON object of OTLP exporter headers
2026-09-18T10:39:25.8706310Z   -otlp-traces-endpoint string
2026-09-18T10:39:25.8706985Z     	OTLP/HTTP trace export URL
2026-09-18T10:39:25.8707878Z   -provider-egress-allow-cidrs string
2026-09-18T10:39:25.8708943Z     	comma-separated CIDRs exempt from the non-public provider egress denylist
2026-09-18T10:39:25.8710092Z   -provider-egress-allow-http-hosts string
2026-09-18T10:39:25.8711068Z     	comma-separated hosts whose provider endpoints may use plain HTTP
2026-09-18T10:39:25.8711897Z   -provider-max-event-bytes int
2026-09-18T10:39:25.8712711Z     	largest single streamed provider event (default 1048576)
2026-09-18T10:39:25.8713483Z   -provider-max-response-bytes int
2026-09-18T10:39:25.8714262Z     	largest buffered provider response body (default 16777216)
2026-09-18T10:39:25.8714777Z   -public-origin string
2026-09-18T10:39:25.8715829Z     	browser origin (default "http://127.0.0.1:8080")
2026-09-18T10:39:25.8716423Z   -runtime-role string
2026-09-18T10:39:25.8717042Z     	existing runtime role granted access by migrate
2026-09-18T10:39:25.8717586Z   -shutdown-timeout duration
2026-09-18T10:39:25.8718172Z     	total shutdown deadline (default 30s)
2026-09-18T10:39:25.8718734Z   -startup-timeout duration
2026-09-18T10:39:25.8719351Z     	startup deadline (default 10s)
2026-09-18T10:39:25.8719855Z   -trace-accept-inbound
2026-09-18T10:39:25.8720336Z     	accept inbound W3C trace context (default true)
2026-09-18T10:39:25.8720687Z   -trace-propagate-upstream
2026-09-18T10:39:25.8721139Z     	inject W3C trace context into provider requests (default true)
2026-09-18T10:39:25.8721533Z   -trace-sample-ratio float
2026-09-18T10:39:25.8721863Z     	trace sampling ratio (default 1)
2026-09-18T10:39:25.8722174Z   -trusted-proxy-cidrs string
2026-09-18T10:39:25.8722610Z     	comma-separated CIDRs allowed to supply X-Forwarded-For
2026-09-18T10:39:25.8722985Z   -valkey-tls-ca-file string
2026-09-18T10:39:25.8723309Z     	PEM trust roots for Valkey TLS
2026-09-18T10:39:25.8723589Z   -valkey-url string
2026-09-18T10:39:25.8723964Z     	redis:// or rediss:// URL; required for worker
2026-09-18T10:39:25.8724307Z   -valkey-url-file string
2026-09-18T10:39:25.8724635Z     	file containing Valkey URL
2026-09-18T10:39:26.1030868Z Usage of olp gateway:
2026-09-18T10:39:26.1031491Z   -auth-hmac-key-file string
2026-09-18T10:39:26.1032192Z     	mounted hex/base64 authentication key
2026-09-18T10:39:26.1032625Z   -bootstrap-token-file string
2026-09-18T10:39:26.1033010Z     	mounted first-owner bootstrap token
2026-09-18T10:39:26.1033373Z   -connector-config-file string
2026-09-18T10:39:26.1033759Z     	mounted provider transport configuration
2026-09-18T10:39:26.1034085Z   -console-dir string
2026-09-18T10:39:26.1034728Z     	static console directory (default "console/build")
2026-09-18T10:39:26.1035637Z   -database-max-connections int
2026-09-18T10:39:26.1036296Z     	PostgreSQL pool capacity (default 20)
2026-09-18T10:39:26.1036743Z   -database-url string
2026-09-18T10:39:26.1037264Z     	PostgreSQL URL (OLP_DATABASE_URL)
2026-09-18T10:39:26.1037615Z   -database-url-file string
2026-09-18T10:39:26.1037962Z     	file containing PostgreSQL URL
2026-09-18T10:39:26.1038334Z   -dependency-request-timeout duration
2026-09-18T10:39:26.1038746Z     	dependency request deadline (default 2s)
2026-09-18T10:39:26.1039131Z   -gateway-cors-allowed-origins string
2026-09-18T10:39:26.1039606Z     	comma-separated origins allowed to call the inference API
2026-09-18T10:39:26.1040053Z   -http-connection-drain-timeout-seconds int
2026-09-18T10:39:26.1040447Z     	maximum age drain time (default 30)
2026-09-18T10:39:26.1040792Z   -http-connection-max-age-seconds int
2026-09-18T10:39:26.1041249Z     	connection lifetime before graceful drain (default 300)
2026-09-18T10:39:26.1041615Z   -http-max-connections int
2026-09-18T10:39:26.1042050Z     	maximum accepted connections per listener (default 1024)
2026-09-18T10:39:26.1042500Z   -http-max-in-flight-inference-requests int
2026-09-18T10:39:26.1042914Z     	inference work admission (default 256)
2026-09-18T10:39:26.1043298Z   -http-max-in-flight-management-requests int
2026-09-18T10:39:26.1043927Z     	management and console request admission (default 32)
2026-09-18T10:39:26.1044868Z   -http-max-inline-media-item-bytes int
2026-09-18T10:39:26.1046968Z     	maximum decoded bytes per inline media item (default 1048576)
2026-09-18T10:39:26.1047511Z   -http-max-inline-media-items int
2026-09-18T10:39:26.1047900Z     	maximum inline media items (default 4)
2026-09-18T10:39:26.1048275Z   -http-max-inline-media-total-bytes int
2026-09-18T10:39:26.1049168Z     	maximum decoded inline media bytes per request (default 2097152)
2026-09-18T10:39:26.1049661Z   -http-max-json-body-bytes int
2026-09-18T10:39:26.1050364Z     	largest JSON request body, before and after gzip inflation (default 2097152)
2026-09-18T10:39:26.1050836Z   -http-max-media-body-bytes int
2026-09-18T10:39:26.1051337Z     	largest raw or multipart media request body (default 67108864)
2026-09-18T10:39:26.1051717Z   -listen-addr string
2026-09-18T10:39:26.1052080Z     	public listener (default "127.0.0.1:8080")
2026-09-18T10:39:26.1052402Z   -local-login-enabled
2026-09-18T10:39:26.1052745Z     	allow password sign-in (default true)
2026-09-18T10:39:26.1053066Z   -log-level string
2026-09-18T10:39:26.1053523Z     	debug, info, warn, or error (OLP_LOG_LEVEL) (default "info")
2026-09-18T10:39:26.1053911Z   -master-key-file string
2026-09-18T10:39:26.1054238Z     	mounted JSON master key ring
2026-09-18T10:39:26.1054560Z   -media-spool-capacity-bytes int
2026-09-18T10:39:26.1055227Z     	media spool capacity in bytes (default 1073741824)
2026-09-18T10:39:26.1055603Z   -media-spool-dir string
2026-09-18T10:39:26.1056255Z     	directory for bounded media staging; defaults to the system temp directory
2026-09-18T10:39:26.1056729Z   -observability-listen-addr string
2026-09-18T10:39:26.1057373Z     	private health listener (default "127.0.0.1:9090")
2026-09-18T10:39:26.1057750Z   -otlp-headers-file string
2026-09-18T10:39:26.1058171Z     	mounted JSON object of OTLP exporter headers
2026-09-18T10:39:26.1058711Z   -otlp-traces-endpoint string
2026-09-18T10:39:26.1059051Z     	OTLP/HTTP trace export URL
2026-09-18T10:39:26.1059397Z   -provider-egress-allow-cidrs string
2026-09-18T10:39:26.1060126Z     	comma-separated CIDRs exempt from the non-public provider egress denylist
2026-09-18T10:39:26.1060714Z   -provider-egress-allow-http-hosts string
2026-09-18T10:39:26.1061705Z     	comma-separated hosts whose provider endpoints may use plain HTTP
2026-09-18T10:39:26.1062503Z   -provider-max-event-bytes int
2026-09-18T10:39:26.1063318Z     	largest single streamed provider event (default 1048576)
2026-09-18T10:39:26.1064078Z   -provider-max-response-bytes int
2026-09-18T10:39:26.1065435Z     	largest buffered provider response body (default 16777216)
2026-09-18T10:39:26.1065997Z   -public-origin string
2026-09-18T10:39:26.1066398Z     	browser origin (default "http://127.0.0.1:8080")
2026-09-18T10:39:26.1067188Z   -runtime-role string
2026-09-18T10:39:26.1067824Z     	existing runtime role granted access by migrate
2026-09-18T10:39:26.1068463Z   -shutdown-timeout duration
2026-09-18T10:39:26.1069137Z     	total shutdown deadline (default 30s)
2026-09-18T10:39:26.1069679Z   -startup-timeout duration
2026-09-18T10:39:26.1070025Z     	startup deadline (default 10s)
2026-09-18T10:39:26.1070591Z   -trace-accept-inbound
2026-09-18T10:39:26.1071166Z     	accept inbound W3C trace context (default true)
2026-09-18T10:39:26.1071723Z   -trace-propagate-upstream
2026-09-18T10:39:26.1072600Z     	inject W3C trace context into provider requests (default true)
2026-09-18T10:39:26.1073058Z   -trace-sample-ratio float
2026-09-18T10:39:26.1073539Z     	trace sampling ratio (default 1)
2026-09-18T10:39:26.1074074Z   -trusted-proxy-cidrs string
2026-09-18T10:39:26.1074849Z     	comma-separated CIDRs allowed to supply X-Forwarded-For
2026-09-18T10:39:26.1075754Z   -valkey-tls-ca-file string
2026-09-18T10:39:26.1076325Z     	PEM trust roots for Valkey TLS
2026-09-18T10:39:26.1076690Z   -valkey-url string
2026-09-18T10:39:26.1077099Z     	redis:// or rediss:// URL; required for worker
2026-09-18T10:39:26.1077739Z   -valkey-url-file string
2026-09-18T10:39:26.1078494Z     	file containing Valkey URL
2026-09-18T10:39:26.3064888Z Usage of olp control:
2026-09-18T10:39:26.3066586Z   -auth-hmac-key-file string
2026-09-18T10:39:26.3067441Z     	mounted hex/base64 authentication key
2026-09-18T10:39:26.3068145Z   -bootstrap-token-file string
2026-09-18T10:39:26.3068925Z     	mounted first-owner bootstrap token
2026-09-18T10:39:26.3069719Z   -connector-config-file string
2026-09-18T10:39:26.3070500Z     	mounted provider transport configuration
2026-09-18T10:39:26.3071171Z   -console-dir string
2026-09-18T10:39:26.3071976Z     	static console directory (default "console/build")
2026-09-18T10:39:26.3072766Z   -database-max-connections int
2026-09-18T10:39:26.3073948Z     	PostgreSQL pool capacity (default 20)
2026-09-18T10:39:26.3075648Z   -database-url string
2026-09-18T10:39:26.3076494Z     	PostgreSQL URL (OLP_DATABASE_URL)
2026-09-18T10:39:26.3077044Z   -database-url-file string
2026-09-18T10:39:26.3077438Z     	file containing PostgreSQL URL
2026-09-18T10:39:26.3077820Z   -dependency-request-timeout duration
2026-09-18T10:39:26.3078247Z     	dependency request deadline (default 2s)
2026-09-18T10:39:26.3078643Z   -gateway-cors-allowed-origins string
2026-09-18T10:39:26.3079144Z     	comma-separated origins allowed to call the inference API
2026-09-18T10:39:26.3079598Z   -http-connection-drain-timeout-seconds int
2026-09-18T10:39:26.3080021Z     	maximum age drain time (default 30)
2026-09-18T10:39:26.3080384Z   -http-connection-max-age-seconds int
2026-09-18T10:39:26.3080856Z     	connection lifetime before graceful drain (default 300)
2026-09-18T10:39:26.3081230Z   -http-max-connections int
2026-09-18T10:39:26.3081669Z     	maximum accepted connections per listener (default 1024)
2026-09-18T10:39:26.3082107Z   -http-max-in-flight-inference-requests int
2026-09-18T10:39:26.3082519Z     	inference work admission (default 256)
2026-09-18T10:39:26.3082909Z   -http-max-in-flight-management-requests int
2026-09-18T10:39:26.3083454Z     	management and console request admission (default 32)
2026-09-18T10:39:26.3083860Z   -http-max-inline-media-item-bytes int
2026-09-18T10:39:26.3084359Z     	maximum decoded bytes per inline media item (default 1048576)
2026-09-18T10:39:26.3084773Z   -http-max-inline-media-items int
2026-09-18T10:39:26.3085699Z     	maximum inline media items (default 4)
2026-09-18T10:39:26.3086194Z   -http-max-inline-media-total-bytes int
2026-09-18T10:39:26.3086942Z     	maximum decoded inline media bytes per request (default 2097152)
2026-09-18T10:39:26.3087911Z   -http-max-json-body-bytes int
2026-09-18T10:39:26.3109052Z     	largest JSON request body, before and after gzip inflation (default 2097152)
2026-09-18T10:39:26.3109725Z   -http-max-media-body-bytes int
2026-09-18T10:39:26.3110243Z     	largest raw or multipart media request body (default 67108864)
2026-09-18T10:39:26.3110719Z   -listen-addr string
2026-09-18T10:39:26.3111165Z     	public listener (default "127.0.0.1:8080")
2026-09-18T10:39:26.3111507Z   -local-login-enabled
2026-09-18T10:39:26.3112039Z     	allow password sign-in (default true)
2026-09-18T10:39:26.3112467Z   -log-level string
2026-09-18T10:39:26.3112907Z     	debug, info, warn, or error (OLP_LOG_LEVEL) (default "info")
2026-09-18T10:39:26.3113457Z   -master-key-file string
2026-09-18T10:39:26.3113797Z     	mounted JSON master key ring
2026-09-18T10:39:26.3114132Z   -media-spool-capacity-bytes int
2026-09-18T10:39:26.3114691Z     	media spool capacity in bytes (default 1073741824)
2026-09-18T10:39:26.3115204Z   -media-spool-dir string
2026-09-18T10:39:26.3115980Z     	directory for bounded media staging; defaults to the system temp directory
2026-09-18T10:39:26.3116463Z   -observability-listen-addr string
2026-09-18T10:39:26.3117070Z     	private health listener (default "127.0.0.1:9090")
2026-09-18T10:39:26.3117434Z   -otlp-headers-file string
2026-09-18T10:39:26.3117817Z     	mounted JSON object of OTLP exporter headers
2026-09-18T10:39:26.3118354Z   -otlp-traces-endpoint string
2026-09-18T10:39:26.3118683Z     	OTLP/HTTP trace export URL
2026-09-18T10:39:26.3119523Z   -provider-egress-allow-cidrs string
2026-09-18T10:39:26.3120400Z     	comma-separated CIDRs exempt from the non-public provider egress denylist
2026-09-18T10:39:26.3121014Z   -provider-egress-allow-http-hosts string
2026-09-18T10:39:26.3121694Z     	comma-separated hosts whose provider endpoints may use plain HTTP
2026-09-18T10:39:26.3122170Z   -provider-max-event-bytes int
2026-09-18T10:39:26.3122661Z     	largest single streamed provider event (default 1048576)
2026-09-18T10:39:26.3123192Z   -provider-max-response-bytes int
2026-09-18T10:39:26.3123657Z     	largest buffered provider response body (default 16777216)
2026-09-18T10:39:26.3124204Z   -public-origin string
2026-09-18T10:39:26.3124609Z     	browser origin (default "http://127.0.0.1:8080")
2026-09-18T10:39:26.3126565Z   -runtime-role string
2026-09-18T10:39:26.3127053Z     	existing runtime role granted access by migrate
2026-09-18T10:39:26.3127424Z   -shutdown-timeout duration
2026-09-18T10:39:26.3127977Z     	total shutdown deadline (default 30s)
2026-09-18T10:39:26.3128311Z   -startup-timeout duration
2026-09-18T10:39:26.3128658Z     	startup deadline (default 10s)
2026-09-18T10:39:26.3129113Z   -trace-accept-inbound
2026-09-18T10:39:26.3129510Z     	accept inbound W3C trace context (default true)
2026-09-18T10:39:26.3129862Z   -trace-propagate-upstream
2026-09-18T10:39:26.3130496Z     	inject W3C trace context into provider requests (default true)
2026-09-18T10:39:26.3130897Z   -trace-sample-ratio float
2026-09-18T10:39:26.3131402Z     	trace sampling ratio (default 1)
2026-09-18T10:39:26.3131727Z   -trusted-proxy-cidrs string
2026-09-18T10:39:26.3132173Z     	comma-separated CIDRs allowed to supply X-Forwarded-For
2026-09-18T10:39:26.3132718Z   -valkey-tls-ca-file string
2026-09-18T10:39:26.3133054Z     	PEM trust roots for Valkey TLS
2026-09-18T10:39:26.3133351Z   -valkey-url string
2026-09-18T10:39:26.3133882Z     	redis:// or rediss:// URL; required for worker
2026-09-18T10:39:26.3134245Z   -valkey-url-file string
2026-09-18T10:39:26.3134570Z     	file containing Valkey URL
2026-09-18T10:39:26.5157126Z Usage of olp worker:
2026-09-18T10:39:26.5157729Z   -auth-hmac-key-file string
2026-09-18T10:39:26.5158386Z     	mounted hex/base64 authentication key
2026-09-18T10:39:26.5158988Z   -bootstrap-token-file string
2026-09-18T10:39:26.5159617Z     	mounted first-owner bootstrap token
2026-09-18T10:39:26.5160201Z   -connector-config-file string
2026-09-18T10:39:26.5160864Z     	mounted provider transport configuration
2026-09-18T10:39:26.5161411Z   -console-dir string
2026-09-18T10:39:26.5162073Z     	static console directory (default "console/build")
2026-09-18T10:39:26.5162799Z   -database-max-connections int
2026-09-18T10:39:26.5163196Z     	PostgreSQL pool capacity (default 20)
2026-09-18T10:39:26.5165567Z   -database-url string
2026-09-18T10:39:26.5166205Z     	PostgreSQL URL (OLP_DATABASE_URL)
2026-09-18T10:39:26.5166764Z   -database-url-file string
2026-09-18T10:39:26.5175270Z     	file containing PostgreSQL URL
2026-09-18T10:39:26.5176030Z   -dependency-request-timeout duration
2026-09-18T10:39:26.5176638Z     	dependency request deadline (default 2s)
2026-09-18T10:39:26.5177245Z   -gateway-cors-allowed-origins string
2026-09-18T10:39:26.5177777Z     	comma-separated origins allowed to call the inference API
2026-09-18T10:39:26.5178418Z   -http-connection-drain-timeout-seconds int
2026-09-18T10:39:26.5178836Z     	maximum age drain time (default 30)
2026-09-18T10:39:26.5179277Z   -http-connection-max-age-seconds int
2026-09-18T10:39:26.5179848Z     	connection lifetime before graceful drain (default 300)
2026-09-18T10:39:26.5180230Z   -http-max-connections int
2026-09-18T10:39:26.5180827Z     	maximum accepted connections per listener (default 1024)
2026-09-18T10:39:26.5181274Z   -http-max-in-flight-inference-requests int
2026-09-18T10:39:26.5181901Z     	inference work admission (default 256)
2026-09-18T10:39:26.5182606Z   -http-max-in-flight-management-requests int
2026-09-18T10:39:26.5183885Z     	management and console request admission (default 32)
2026-09-18T10:39:26.5184649Z   -http-max-inline-media-item-bytes int
2026-09-18T10:39:26.5186256Z     	maximum decoded bytes per inline media item (default 1048576)
2026-09-18T10:39:26.5187330Z   -http-max-inline-media-items int
2026-09-18T10:39:26.5189430Z     	maximum inline media items (default 4)
2026-09-18T10:39:26.5189924Z   -http-max-inline-media-total-bytes int
2026-09-18T10:39:26.5190463Z     	maximum decoded inline media bytes per request (default 2097152)
2026-09-18T10:39:26.5190894Z   -http-max-json-body-bytes int
2026-09-18T10:39:26.5191433Z     	largest JSON request body, before and after gzip inflation (default 2097152)
2026-09-18T10:39:26.5191887Z   -http-max-media-body-bytes int
2026-09-18T10:39:26.5192357Z     	largest raw or multipart media request body (default 67108864)
2026-09-18T10:39:26.5192731Z   -listen-addr string
2026-09-18T10:39:26.5193079Z     	public listener (default "127.0.0.1:8080")
2026-09-18T10:39:26.5193394Z   -local-login-enabled
2026-09-18T10:39:26.5193743Z     	allow password sign-in (default true)
2026-09-18T10:39:26.5194053Z   -log-level string
2026-09-18T10:39:26.5194481Z     	debug, info, warn, or error (OLP_LOG_LEVEL) (default "info")
2026-09-18T10:39:26.5194850Z   -master-key-file string
2026-09-18T10:39:26.5195593Z     	mounted JSON master key ring
2026-09-18T10:39:26.5196134Z   -media-spool-capacity-bytes int
2026-09-18T10:39:26.5197080Z     	media spool capacity in bytes (default 1073741824)
2026-09-18T10:39:26.5197647Z   -media-spool-dir string
2026-09-18T10:39:26.5198661Z     	directory for bounded media staging; defaults to the system temp directory
2026-09-18T10:39:26.5199610Z   -observability-listen-addr string
2026-09-18T10:39:26.5200210Z     	private health listener (default "127.0.0.1:9090")
2026-09-18T10:39:26.5200594Z   -otlp-headers-file string
2026-09-18T10:39:26.5201191Z     	mounted JSON object of OTLP exporter headers
2026-09-18T10:39:26.5201812Z   -otlp-traces-endpoint string
2026-09-18T10:39:26.5202332Z     	OTLP/HTTP trace export URL
2026-09-18T10:39:26.5203091Z   -provider-egress-allow-cidrs string
2026-09-18T10:39:26.5204197Z     	comma-separated CIDRs exempt from the non-public provider egress denylist
2026-09-18T10:39:26.5205440Z   -provider-egress-allow-http-hosts string
2026-09-18T10:39:26.5206488Z     	comma-separated hosts whose provider endpoints may use plain HTTP
2026-09-18T10:39:26.5207296Z   -provider-max-event-bytes int
2026-09-18T10:39:26.5208191Z     	largest single streamed provider event (default 1048576)
2026-09-18T10:39:26.5208791Z   -provider-max-response-bytes int
2026-09-18T10:39:26.5209665Z     	largest buffered provider response body (default 16777216)
2026-09-18T10:39:26.5210317Z   -public-origin string
2026-09-18T10:39:26.5210976Z     	browser origin (default "http://127.0.0.1:8080")
2026-09-18T10:39:26.5211537Z   -runtime-role string
2026-09-18T10:39:26.5211955Z     	existing runtime role granted access by migrate
2026-09-18T10:39:26.5212295Z   -shutdown-timeout duration
2026-09-18T10:39:26.5212654Z     	total shutdown deadline (default 30s)
2026-09-18T10:39:26.5212972Z   -startup-timeout duration
2026-09-18T10:39:26.5213510Z     	startup deadline (default 10s)
2026-09-18T10:39:26.5213960Z   -trace-accept-inbound
2026-09-18T10:39:26.5214336Z     	accept inbound W3C trace context (default true)
2026-09-18T10:39:26.5214669Z   -trace-propagate-upstream
2026-09-18T10:39:26.5216885Z     	inject W3C trace context into provider requests (default true)
2026-09-18T10:39:26.5217315Z   -trace-sample-ratio float
2026-09-18T10:39:26.5217666Z     	trace sampling ratio (default 1)
2026-09-18T10:39:26.5217990Z   -trusted-proxy-cidrs string
2026-09-18T10:39:26.5218432Z     	comma-separated CIDRs allowed to supply X-Forwarded-For
2026-09-18T10:39:26.5218810Z   -valkey-tls-ca-file string
2026-09-18T10:39:26.5219131Z     	PEM trust roots for Valkey TLS
2026-09-18T10:39:26.5219416Z   -valkey-url string
2026-09-18T10:39:26.5219781Z     	redis:// or rediss:// URL; required for worker
2026-09-18T10:39:26.5220368Z   -valkey-url-file string
2026-09-18T10:39:26.5220697Z     	file containing Valkey URL
2026-09-18T10:39:26.7211443Z Usage of olp all:
2026-09-18T10:39:26.7212539Z   -auth-hmac-key-file string
2026-09-18T10:39:26.7213462Z     	mounted hex/base64 authentication key
2026-09-18T10:39:26.7214402Z   -bootstrap-token-file string
2026-09-18T10:39:26.7215280Z     	mounted first-owner bootstrap token
2026-09-18T10:39:26.7215860Z   -connector-config-file string
2026-09-18T10:39:26.7216494Z     	mounted provider transport configuration
2026-09-18T10:39:26.7217026Z   -console-dir string
2026-09-18T10:39:26.7217656Z     	static console directory (default "console/build")
2026-09-18T10:39:26.7218267Z   -database-max-connections int
2026-09-18T10:39:26.7218862Z     	PostgreSQL pool capacity (default 20)
2026-09-18T10:39:26.7219371Z   -database-url string
2026-09-18T10:39:26.7219895Z     	PostgreSQL URL (OLP_DATABASE_URL)
2026-09-18T10:39:26.7220410Z   -database-url-file string
2026-09-18T10:39:26.7220952Z     	file containing PostgreSQL URL
2026-09-18T10:39:26.7221552Z   -dependency-request-timeout duration
2026-09-18T10:39:26.7222265Z     	dependency request deadline (default 2s)
2026-09-18T10:39:26.7222822Z   -gateway-cors-allowed-origins string
2026-09-18T10:39:26.7223630Z     	comma-separated origins allowed to call the inference API
2026-09-18T10:39:26.7224357Z   -http-connection-drain-timeout-seconds int
2026-09-18T10:39:26.7225492Z     	maximum age drain time (default 30)
2026-09-18T10:39:26.7226083Z   -http-connection-max-age-seconds int
2026-09-18T10:39:26.7226754Z     	connection lifetime before graceful drain (default 300)
2026-09-18T10:39:26.7227187Z   -http-max-connections int
2026-09-18T10:39:26.7229640Z     	maximum accepted connections per listener (default 1024)
2026-09-18T10:39:26.7230392Z   -http-max-in-flight-inference-requests int
2026-09-18T10:39:26.7231316Z     	inference work admission (default 256)
2026-09-18T10:39:26.7231988Z   -http-max-in-flight-management-requests int
2026-09-18T10:39:26.7232872Z     	management and console request admission (default 32)
2026-09-18T10:39:26.7238568Z   -http-max-inline-media-item-bytes int
2026-09-18T10:39:26.7239462Z     	maximum decoded bytes per inline media item (default 1048576)
2026-09-18T10:39:26.7240200Z   -http-max-inline-media-items int
2026-09-18T10:39:26.7240888Z     	maximum inline media items (default 4)
2026-09-18T10:39:26.7241499Z   -http-max-inline-media-total-bytes int
2026-09-18T10:39:26.7242208Z     	maximum decoded inline media bytes per request (default 2097152)
2026-09-18T10:39:26.7242664Z   -http-max-json-body-bytes int
2026-09-18T10:39:26.7243207Z     	largest JSON request body, before and after gzip inflation (default 2097152)
2026-09-18T10:39:26.7243676Z   -http-max-media-body-bytes int
2026-09-18T10:39:26.7247840Z     	largest raw or multipart media request body (default 67108864)
2026-09-18T10:39:26.7248470Z   -listen-addr string
2026-09-18T10:39:26.7248853Z     	public listener (default "127.0.0.1:8080")
2026-09-18T10:39:26.7249284Z   -local-login-enabled
2026-09-18T10:39:26.7250154Z     	allow password sign-in (default true)
2026-09-18T10:39:26.7250927Z   -log-level string
2026-09-18T10:39:26.7251621Z     	debug, info, warn, or error (OLP_LOG_LEVEL) (default "info")
2026-09-18T10:39:26.7252023Z   -master-key-file string
2026-09-18T10:39:26.7252503Z     	mounted JSON master key ring
2026-09-18T10:39:26.7253169Z   -media-spool-capacity-bytes int
2026-09-18T10:39:26.7254072Z     	media spool capacity in bytes (default 1073741824)
2026-09-18T10:39:26.7254871Z   -media-spool-dir string
2026-09-18T10:39:26.7256066Z     	directory for bounded media staging; defaults to the system temp directory
2026-09-18T10:39:26.7256919Z   -observability-listen-addr string
2026-09-18T10:39:26.7257689Z     	private health listener (default "127.0.0.1:9090")
2026-09-18T10:39:26.7258281Z   -otlp-headers-file string
2026-09-18T10:39:26.7258959Z     	mounted JSON object of OTLP exporter headers
2026-09-18T10:39:26.7259587Z   -otlp-traces-endpoint string
2026-09-18T10:39:26.7260516Z     	OTLP/HTTP trace export URL
2026-09-18T10:39:26.7261109Z   -provider-egress-allow-cidrs string
2026-09-18T10:39:26.7262179Z     	comma-separated CIDRs exempt from the non-public provider egress denylist
2026-09-18T10:39:26.7262690Z   -provider-egress-allow-http-hosts string
2026-09-18T10:39:26.7263244Z     	comma-separated hosts whose provider endpoints may use plain HTTP
2026-09-18T10:39:26.7263690Z   -provider-max-event-bytes int
2026-09-18T10:39:26.7264152Z     	largest single streamed provider event (default 1048576)
2026-09-18T10:39:26.7264561Z   -provider-max-response-bytes int
2026-09-18T10:39:26.7265302Z     	largest buffered provider response body (default 16777216)
2026-09-18T10:39:26.7265709Z   -public-origin string
2026-09-18T10:39:26.7266108Z     	browser origin (default "http://127.0.0.1:8080")
2026-09-18T10:39:26.7266474Z   -runtime-role string
2026-09-18T10:39:26.7266856Z     	existing runtime role granted access by migrate
2026-09-18T10:39:26.7267214Z   -shutdown-timeout duration
2026-09-18T10:39:26.7267577Z     	total shutdown deadline (default 30s)
2026-09-18T10:39:26.7267905Z   -startup-timeout duration
2026-09-18T10:39:26.7268224Z     	startup deadline (default 10s)
2026-09-18T10:39:26.7268523Z   -trace-accept-inbound
2026-09-18T10:39:26.7268888Z     	accept inbound W3C trace context (default true)
2026-09-18T10:39:26.7269233Z   -trace-propagate-upstream
2026-09-18T10:39:26.7269684Z     	inject W3C trace context into provider requests (default true)
2026-09-18T10:39:26.7270075Z   -trace-sample-ratio float
2026-09-18T10:39:26.7270413Z     	trace sampling ratio (default 1)
2026-09-18T10:39:26.7270726Z   -trusted-proxy-cidrs string
2026-09-18T10:39:26.7271169Z     	comma-separated CIDRs allowed to supply X-Forwarded-For
2026-09-18T10:39:26.7271545Z   -valkey-tls-ca-file string
2026-09-18T10:39:26.7271873Z     	PEM trust roots for Valkey TLS
2026-09-18T10:39:26.7272177Z   -valkey-url string
2026-09-18T10:39:26.7272530Z     	redis:// or rediss:// URL; required for worker
2026-09-18T10:39:26.7272872Z   -valkey-url-file string
2026-09-18T10:39:26.7273177Z     	file containing Valkey URL
2026-09-18T10:39:26.9334196Z Usage of olp all:
2026-09-18T10:39:26.9334538Z   -auth-hmac-key-file string
2026-09-18T10:39:26.9335259Z     	mounted hex/base64 authentication key
2026-09-18T10:39:26.9335758Z   -bootstrap-token-file string
2026-09-18T10:39:26.9336309Z     	mounted first-owner bootstrap token
2026-09-18T10:39:26.9336671Z   -connector-config-file string
2026-09-18T10:39:26.9337057Z     	mounted provider transport configuration
2026-09-18T10:39:26.9337374Z   -console-dir string
2026-09-18T10:39:26.9337761Z     	static console directory (default "console/build")
2026-09-18T10:39:26.9338504Z   -database-max-connections int
2026-09-18T10:39:26.9339260Z     	PostgreSQL pool capacity (default 20)
2026-09-18T10:39:26.9339805Z   -database-url string
2026-09-18T10:39:26.9340472Z     	PostgreSQL URL (OLP_DATABASE_URL)
2026-09-18T10:39:26.9341053Z   -database-url-file string
2026-09-18T10:39:26.9341813Z     	file containing PostgreSQL URL
2026-09-18T10:39:26.9342608Z   -dependency-request-timeout duration
2026-09-18T10:39:26.9343489Z     	dependency request deadline (default 2s)
2026-09-18T10:39:26.9344173Z   -gateway-cors-allowed-origins string
2026-09-18T10:39:26.9346206Z     	comma-separated origins allowed to call the inference API
2026-09-18T10:39:26.9347041Z   -http-connection-drain-timeout-seconds int
2026-09-18T10:39:26.9347736Z     	maximum age drain time (default 30)
2026-09-18T10:39:26.9348354Z   -http-connection-max-age-seconds int
2026-09-18T10:39:26.9349162Z     	connection lifetime before graceful drain (default 300)
2026-09-18T10:39:26.9349786Z   -http-max-connections int
2026-09-18T10:39:26.9350550Z     	maximum accepted connections per listener (default 1024)
2026-09-18T10:39:26.9351929Z   -http-max-in-flight-inference-requests int
2026-09-18T10:39:26.9352426Z     	inference work admission (default 256)
2026-09-18T10:39:26.9352847Z   -http-max-in-flight-management-requests int
2026-09-18T10:39:26.9353776Z     	management and console request admission (default 32)
2026-09-18T10:39:26.9354836Z   -http-max-inline-media-item-bytes int
2026-09-18T10:39:26.9356016Z     	maximum decoded bytes per inline media item (default 1048576)
2026-09-18T10:39:26.9356534Z   -http-max-inline-media-items int
2026-09-18T10:39:26.9356917Z     	maximum inline media items (default 4)
2026-09-18T10:39:26.9357285Z   -http-max-inline-media-total-bytes int
2026-09-18T10:39:26.9357807Z     	maximum decoded inline media bytes per request (default 2097152)
2026-09-18T10:39:26.9358428Z   -http-max-json-body-bytes int
2026-09-18T10:39:26.9358966Z     	largest JSON request body, before and after gzip inflation (default 2097152)
2026-09-18T10:39:26.9359595Z   -http-max-media-body-bytes int
2026-09-18T10:39:26.9360121Z     	largest raw or multipart media request body (default 67108864)
2026-09-18T10:39:26.9360691Z   -listen-addr string
2026-09-18T10:39:26.9361354Z     	public listener (default "127.0.0.1:8080")
2026-09-18T10:39:26.9361943Z   -local-login-enabled
2026-09-18T10:39:26.9362288Z     	allow password sign-in (default true)
2026-09-18T10:39:26.9362609Z   -log-level string
2026-09-18T10:39:26.9363093Z     	debug, info, warn, or error (OLP_LOG_LEVEL) (default "info")
2026-09-18T10:39:26.9363762Z   -master-key-file string
2026-09-18T10:39:26.9364312Z     	mounted JSON master key ring
2026-09-18T10:39:26.9364897Z   -media-spool-capacity-bytes int
2026-09-18T10:39:26.9365894Z     	media spool capacity in bytes (default 1073741824)
2026-09-18T10:39:26.9366260Z   -media-spool-dir string
2026-09-18T10:39:26.9367246Z     	directory for bounded media staging; defaults to the system temp directory
2026-09-18T10:39:26.9368303Z   -observability-listen-addr string
2026-09-18T10:39:26.9369047Z     	private health listener (default "127.0.0.1:9090")
2026-09-18T10:39:26.9369467Z   -otlp-headers-file string
2026-09-18T10:39:26.9370144Z     	mounted JSON object of OTLP exporter headers
2026-09-18T10:39:26.9370537Z   -otlp-traces-endpoint string
2026-09-18T10:39:26.9371113Z     	OTLP/HTTP trace export URL
2026-09-18T10:39:26.9371602Z   -provider-egress-allow-cidrs string
2026-09-18T10:39:26.9372360Z     	comma-separated CIDRs exempt from the non-public provider egress denylist
2026-09-18T10:39:26.9372871Z   -provider-egress-allow-http-hosts string
2026-09-18T10:39:26.9373594Z     	comma-separated hosts whose provider endpoints may use plain HTTP
2026-09-18T10:39:26.9374043Z   -provider-max-event-bytes int
2026-09-18T10:39:26.9374638Z     	largest single streamed provider event (default 1048576)
2026-09-18T10:39:26.9375610Z   -provider-max-response-bytes int
2026-09-18T10:39:26.9376384Z     	largest buffered provider response body (default 16777216)
2026-09-18T10:39:26.9376841Z   -public-origin string
2026-09-18T10:39:26.9377231Z     	browser origin (default "http://127.0.0.1:8080")
2026-09-18T10:39:26.9377566Z   -runtime-role string
2026-09-18T10:39:26.9377931Z     	existing runtime role granted access by migrate
2026-09-18T10:39:26.9378285Z   -shutdown-timeout duration
2026-09-18T10:39:26.9378649Z     	total shutdown deadline (default 30s)
2026-09-18T10:39:26.9378972Z   -startup-timeout duration
2026-09-18T10:39:26.9379289Z     	startup deadline (default 10s)
2026-09-18T10:39:26.9379584Z   -trace-accept-inbound
2026-09-18T10:39:26.9379946Z     	accept inbound W3C trace context (default true)
2026-09-18T10:39:26.9380290Z   -trace-propagate-upstream
2026-09-18T10:39:26.9380731Z     	inject W3C trace context into provider requests (default true)
2026-09-18T10:39:26.9381137Z   -trace-sample-ratio float
2026-09-18T10:39:26.9381775Z     	trace sampling ratio (default 1)
2026-09-18T10:39:26.9382102Z   -trusted-proxy-cidrs string
2026-09-18T10:39:26.9382541Z     	comma-separated CIDRs allowed to supply X-Forwarded-For
2026-09-18T10:39:26.9382916Z   -valkey-tls-ca-file string
2026-09-18T10:39:26.9383243Z     	PEM trust roots for Valkey TLS
2026-09-18T10:39:26.9383520Z   -valkey-url string
2026-09-18T10:39:26.9383877Z     	redis:// or rediss:// URL; required for worker
2026-09-18T10:39:26.9384425Z   -valkey-url-file string
2026-09-18T10:39:26.9384877Z     	file containing Valkey URL
2026-09-18T10:39:27.3201880Z image smoke passed: image=ghcr.io/tyk-swe/olp@sha256:0c7495977bf5a837c7d3d0fa9d21c557a7ddbabb5eb08213ec51d45a458de09d platform=linux/amd64 user=65532:65532 modes=6
2026-09-18T10:39:27.3578258Z Unable to find image 'aquasec/trivy@sha256:62b1e65e8869bc4b4c6aa4fa2b21595256c7c2f6018a9d9ad61caf87187c1969' locally
2026-09-18T10:39:27.6915758Z docker.io/aquasec/trivy@sha256:62b1e65e8869bc4b4c6aa4fa2b21595256c7c2f6018a9d9ad61caf87187c1969: Pulling from aquasec/trivy
2026-09-18T10:39:27.8405545Z 55afa1ecc21d: Already exists
2026-09-18T10:39:27.8424336Z 0c664a59f299: Pulling fs layer
2026-09-18T10:39:27.8425682Z 9b17763e725d: Pulling fs layer
2026-09-18T10:39:27.8426228Z 99f1ca71a2b5: Pulling fs layer
2026-09-18T10:39:27.9720329Z 99f1ca71a2b5: Verifying Checksum
2026-09-18T10:39:27.9720831Z 99f1ca71a2b5: Download complete
2026-09-18T10:39:28.1653996Z 0c664a59f299: Verifying Checksum
2026-09-18T10:39:28.1654630Z 0c664a59f299: Download complete
2026-09-18T10:39:28.2665992Z 9b17763e725d: Verifying Checksum
2026-09-18T10:39:28.2666460Z 9b17763e725d: Download complete
2026-09-18T10:39:28.4460049Z 0c664a59f299: Pull complete
2026-09-18T10:39:29.2770460Z 9b17763e725d: Pull complete
2026-09-18T10:39:29.2883281Z 99f1ca71a2b5: Pull complete
2026-09-18T10:39:29.2921916Z Digest: sha256:62b1e65e8869bc4b4c6aa4fa2b21595256c7c2f6018a9d9ad61caf87187c1969
2026-09-18T10:39:29.2929616Z Status: Downloaded newer image for aquasec/trivy@sha256:62b1e65e8869bc4b4c6aa4fa2b21595256c7c2f6018a9d9ad61caf87187c1969
2026-09-18T10:39:29.4962741Z 2026-09-18T10:39:29Z	INFO	[vulndb] Need to update DB
2026-09-18T10:39:29.4963336Z 2026-09-18T10:39:29Z	INFO	[vulndb] Downloading vulnerability DB...
2026-09-18T10:39:29.4964048Z 2026-09-18T10:39:29Z	INFO	[vulndb] Downloading artifact...	repo="mirror.gcr.io/aquasec/trivy-db:2"
2026-09-18T10:39:34.2296822Z 1.33 MiB / 114.38 MiB [>_____________________________________________________________] 1.16% ? p/s ?16.70 MiB / 114.38 MiB [-------->___________________________________________________] 14.60% ? p/s ?44.91 MiB / 114.38 MiB [----------------------->____________________________________] 39.26% ? p/s ?72.00 MiB / 114.38 MiB [---------------------------->_________________] 62.95% 117.67 MiB p/s ETA 0s100.17 MiB / 114.38 MiB [--------------------------------------->_____] 87.58% 117.67 MiB p/s ETA 0s114.38 MiB / 114.38 MiB [------------------------------------------->] 100.00% 117.67 MiB p/s ETA 0s114.38 MiB / 114.38 MiB [------------------------------------------->] 100.00% 114.64 MiB p/s ETA 0s114.38 MiB / 114.38 MiB [------------------------------------------->] 100.00% 114.64 MiB p/s ETA 0s114.38 MiB / 114.38 MiB [------------------------------------------->] 100.00% 114.64 MiB p/s ETA 0s114.38 MiB / 114.38 MiB [------------------------------------------->] 100.00% 107.24 MiB p/s ETA 0s114.38 MiB / 114.38 MiB [------------------------------------------->] 100.00% 107.24 MiB p/s ETA 0s114.38 MiB / 114.38 MiB [------------------------------------------->] 100.00% 107.24 MiB p/s ETA 0s114.38 MiB / 114.38 MiB [------------------------------------------->] 100.00% 100.32 MiB p/s ETA 0s114.38 MiB / 114.38 MiB [------------------------------------------->] 100.00% 100.32 MiB p/s ETA 0s114.38 MiB / 114.38 MiB [------------------------------------------->] 100.00% 100.32 MiB p/s ETA 0s114.38 MiB / 114.38 MiB [-------------------------------------------->] 100.00% 93.85 MiB p/s ETA 0s114.38 MiB / 114.38 MiB [-------------------------------------------->] 100.00% 93.85 MiB p/s ETA 0s114.38 MiB / 114.38 MiB [-------------------------------------------->] 100.00% 93.85 MiB p/s ETA 0s114.38 MiB / 114.38 MiB [-------------------------------------------->] 100.00% 87.79 MiB p/s ETA 0s114.38 MiB / 114.38 MiB [-------------------------------------------->] 100.00% 87.79 MiB p/s ETA 0s114.38 MiB / 114.38 MiB [-------------------------------------------->] 100.00% 87.79 MiB p/s ETA 0s114.38 MiB / 114.38 MiB [-----------------------------------------------] 100.00% 27.97 MiB p/s 4.3s2026-09-18T10:39:34Z	INFO	[vulndb] Artifact successfully downloaded	repo="mirror.gcr.io/aquasec/trivy-db:2"
2026-09-18T10:39:34.2311736Z 2026-09-18T10:39:34Z	INFO	[vuln] Vulnerability scanning is enabled
2026-09-18T10:39:34.9640913Z 2026-09-18T10:39:34Z	INFO	Detected OS	family="debian" version="13.6"
2026-09-18T10:39:34.9641662Z 2026-09-18T10:39:34Z	INFO	[debian] Detecting vulnerabilities...	os_version="13" pkg_num=14
2026-09-18T10:39:34.9662951Z 2026-09-18T10:39:34Z	INFO	Number of language-specific files	num=2
2026-09-18T10:39:34.9663997Z 2026-09-18T10:39:34Z	INFO	[cargo] Detecting vulnerabilities...
2026-09-18T10:39:34.9715046Z 2026-09-18T10:39:34Z	INFO	[gobinary] Detecting vulnerabilities...
2026-09-18T10:39:34.9775500Z 2026-09-18T10:39:34Z	WARN	Using severities from other vendors for some vulnerabilities. Read https://trivy.dev/docs/v0.74/guide/scanner/vulnerability#severity-selection for details.
2026-09-18T10:39:44.5649025Z 2026-09-18T10:39:44Z	INFO	[vuln] Vulnerability scanning is enabled
2026-09-18T10:39:44.5914571Z 2026-09-18T10:39:44Z	INFO	Detected SBOM format	format="spdx-json"
2026-09-18T10:39:44.6523678Z 2026-09-18T10:39:44Z	INFO	Detected OS	family="none" version=""
2026-09-18T10:39:44.6524748Z 2026-09-18T10:39:44Z	WARN	Unsupported os	family="none"
2026-09-18T10:39:44.6526035Z 2026-09-18T10:39:44Z	INFO	Number of language-specific files	num=2
2026-09-18T10:39:44.6527113Z 2026-09-18T10:39:44Z	INFO	[cargo] Detecting vulnerabilities...
2026-09-18T10:39:44.6576529Z 2026-09-18T10:39:44Z	INFO	[gobinary] Detecting vulnerabilities...
2026-09-18T10:39:44.6663478Z 2026-09-18T10:39:44Z	WARN	Using severities from other vendors for some vulnerabilities. Read https://trivy.dev/docs/v0.74/guide/scanner/vulnerability#severity-selection for details.
2026-09-18T10:39:45.5320905Z 2026-09-18T10:39:45Z	INFO	[vuln] Vulnerability scanning is enabled
2026-09-18T10:39:45.5572039Z 2026-09-18T10:39:45Z	INFO	Detected SBOM format	format="spdx-json"
2026-09-18T10:39:45.6099567Z 2026-09-18T10:39:45Z	INFO	Detected OS	family="none" version=""
2026-09-18T10:39:45.6100604Z 2026-09-18T10:39:45Z	WARN	Unsupported os	family="none"
2026-09-18T10:39:45.6101461Z 2026-09-18T10:39:45Z	INFO	Number of language-specific files	num=1
2026-09-18T10:39:45.6102376Z 2026-09-18T10:39:45Z	INFO	[node-pkg] Detecting vulnerabilities...
2026-09-18T10:39:50.4551121Z 2026-09-18T10:39:50Z	INFO	[vuln] Vulnerability scanning is enabled
2026-09-18T10:39:50.6048414Z 2026-09-18T10:39:50Z	INFO	Detected SBOM format	format="spdx-json"
2026-09-18T10:39:50.8931954Z 2026-09-18T10:39:50Z	INFO	Detected OS	family="none" version=""
2026-09-18T10:39:50.8932674Z 2026-09-18T10:39:50Z	WARN	Unsupported os	family="none"
2026-09-18T10:39:50.8933299Z 2026-09-18T10:39:50Z	INFO	Number of language-specific files	num=4
2026-09-18T10:39:50.8933972Z 2026-09-18T10:39:50Z	INFO	[cargo] Detecting vulnerabilities...
2026-09-18T10:39:50.8984686Z 2026-09-18T10:39:50Z	INFO	[gobinary] Detecting vulnerabilities...
2026-09-18T10:39:50.9403513Z 2026-09-18T10:39:50Z	INFO	[node-pkg] Detecting vulnerabilities...
2026-09-18T10:39:50.9404594Z 2026-09-18T10:39:50Z	INFO	[python-pkg] Detecting vulnerabilities...
2026-09-18T10:39:50.9409788Z 2026-09-18T10:39:50Z	WARN	Using severities from other vendors for some vulnerabilities. Read https://trivy.dev/docs/v0.74/guide/scanner/vulnerability#severity-selection for details.
2026-09-18T10:39:51.9547544Z 2026-09-18T10:39:51Z	INFO	[vuln] Vulnerability scanning is enabled
2026-09-18T10:39:51.9804313Z 2026-09-18T10:39:51Z	INFO	Detected SBOM format	format="spdx-json"
2026-09-18T10:39:52.0479890Z 2026-09-18T10:39:52Z	INFO	Detected OS	family="none" version=""
2026-09-18T10:39:52.0480675Z 2026-09-18T10:39:52Z	WARN	Unsupported os	family="none"
2026-09-18T10:39:52.0481369Z 2026-09-18T10:39:52Z	INFO	Number of language-specific files	num=2
2026-09-18T10:39:52.0482092Z 2026-09-18T10:39:52Z	INFO	[cargo] Detecting vulnerabilities...
2026-09-18T10:39:52.0553674Z 2026-09-18T10:39:52Z	INFO	[gobinary] Detecting vulnerabilities...
2026-09-18T10:39:52.0612416Z 2026-09-18T10:39:52Z	WARN	Using severities from other vendors for some vulnerabilities. Read https://trivy.dev/docs/v0.74/guide/scanner/vulnerability#severity-selection for details.
2026-09-18T10:39:52.9118549Z 2026-09-18T10:39:52Z	INFO	[vuln] Vulnerability scanning is enabled
2026-09-18T10:39:52.9319388Z 2026-09-18T10:39:52Z	INFO	Detected SBOM format	format="spdx-json"
2026-09-18T10:39:52.9842348Z 2026-09-18T10:39:52Z	INFO	Detected OS	family="none" version=""
2026-09-18T10:39:52.9843172Z 2026-09-18T10:39:52Z	WARN	Unsupported os	family="none"
2026-09-18T10:39:52.9843941Z 2026-09-18T10:39:52Z	INFO	Number of language-specific files	num=1
2026-09-18T10:39:52.9844748Z 2026-09-18T10:39:52Z	INFO	[node-pkg] Detecting vulnerabilities...
2026-09-18T10:39:57.8250245Z 2026-09-18T10:39:57Z	INFO	[vuln] Vulnerability scanning is enabled
2026-09-18T10:39:57.9651084Z 2026-09-18T10:39:57Z	INFO	Detected SBOM format	format="spdx-json"
2026-09-18T10:39:58.2549066Z 2026-09-18T10:39:58Z	INFO	Detected OS	family="none" version=""
2026-09-18T10:39:58.2549881Z 2026-09-18T10:39:58Z	WARN	Unsupported os	family="none"
2026-09-18T10:39:58.2550634Z 2026-09-18T10:39:58Z	INFO	Number of language-specific files	num=4
2026-09-18T10:39:58.2551430Z 2026-09-18T10:39:58Z	INFO	[cargo] Detecting vulnerabilities...
2026-09-18T10:39:58.2600871Z 2026-09-18T10:39:58Z	INFO	[gobinary] Detecting vulnerabilities...
2026-09-18T10:39:58.3053201Z 2026-09-18T10:39:58Z	INFO	[node-pkg] Detecting vulnerabilities...
2026-09-18T10:39:58.3053915Z 2026-09-18T10:39:58Z	INFO	[python-pkg] Detecting vulnerabilities...
2026-09-18T10:39:58.3059331Z 2026-09-18T10:39:58Z	WARN	Using severities from other vendors for some vulnerabilities. Read https://trivy.dev/docs/v0.74/guide/scanner/vulnerability#severity-selection for details.
2026-09-18T10:39:58.5738796Z 2026-09-18T10:39:58Z	INFO	[vuln] Vulnerability scanning is enabled
2026-09-18T10:39:58.5829270Z 2026-09-18T10:39:58Z	INFO	Detected SBOM format	format="spdx-json"
2026-09-18T10:39:58.6009926Z 2026-09-18T10:39:58Z	INFO	Number of language-specific files	num=1
2026-09-18T10:39:58.6016484Z 2026-09-18T10:39:58Z	INFO	[cargo] Detecting vulnerabilities...
2026-09-18T10:39:58.6847735Z Scanned ghcr.io/tyk-swe/olp@sha256:0c7495977bf5a837c7d3d0fa9d21c557a7ddbabb5eb08213ec51d45a458de09d, 6 build inventories, and the native FFI inventory.
2026-09-18T10:39:58.9576356Z  valkey Pulling 
2026-09-18T10:39:58.9579249Z  postgres Pulling 
2026-09-18T10:39:59.7034415Z  6310eb16bf42 Pulling fs layer 
2026-09-18T10:39:59.7035491Z  6463c6b5c703 Pulling fs layer 
2026-09-18T10:39:59.7036089Z  8d6422da287d Pulling fs layer 
2026-09-18T10:39:59.7036621Z  2fc0e69f8d7d Pulling fs layer 
2026-09-18T10:39:59.7036931Z  5fa29c524b4e Pulling fs layer 
2026-09-18T10:39:59.7037244Z  ace4b5b96a91 Pulling fs layer 
2026-09-18T10:39:59.7037532Z  af2a6480a058 Pulling fs layer 
2026-09-18T10:39:59.7037823Z  5ee6c6ca7fd9 Pulling fs layer 
2026-09-18T10:39:59.7038097Z  c5694bff1357 Pulling fs layer 
2026-09-18T10:39:59.7038407Z  aedab7177504 Pulling fs layer 
2026-09-18T10:39:59.7038688Z  a4635eaec9b8 Pulling fs layer 
2026-09-18T10:39:59.7039056Z  46e663abc8f5 Pulling fs layer 
2026-09-18T10:39:59.7039533Z  1bb54e8f7727 Pulling fs layer 
2026-09-18T10:39:59.7039802Z  5ee6c6ca7fd9 Waiting 
2026-09-18T10:39:59.7040043Z  c5694bff1357 Waiting 
2026-09-18T10:39:59.7040273Z  aedab7177504 Waiting 
2026-09-18T10:39:59.7040511Z  2fc0e69f8d7d Waiting 
2026-09-18T10:39:59.7040740Z  5fa29c524b4e Waiting 
2026-09-18T10:39:59.7040982Z  ace4b5b96a91 Waiting 
2026-09-18T10:39:59.7041216Z  af2a6480a058 Waiting 
2026-09-18T10:39:59.7041461Z  a4635eaec9b8 Waiting 
2026-09-18T10:39:59.7041695Z  46e663abc8f5 Waiting 
2026-09-18T10:39:59.7041922Z  1bb54e8f7727 Waiting 
2026-09-18T10:39:59.7042193Z  6310eb16bf42 Pulling fs layer 
2026-09-18T10:39:59.7042516Z  51e5124f5695 Pulling fs layer 
2026-09-18T10:39:59.7042816Z  018807ff1c98 Pulling fs layer 
2026-09-18T10:39:59.7043104Z  d9d27a3256d4 Pulling fs layer 
2026-09-18T10:39:59.7043369Z  51e5124f5695 Waiting 
2026-09-18T10:39:59.7043989Z  452b3d816033 Pulling fs layer 
2026-09-18T10:39:59.7044464Z  018807ff1c98 Waiting 
2026-09-18T10:39:59.7044738Z  4f4fb700ef54 Pulling fs layer 
2026-09-18T10:39:59.7045726Z  d9d27a3256d4 Waiting 
2026-09-18T10:39:59.7046070Z  8b86a061cab9 Pulling fs layer 
2026-09-18T10:39:59.7046361Z  452b3d816033 Waiting 
2026-09-18T10:39:59.7046605Z  4f4fb700ef54 Waiting 
2026-09-18T10:39:59.8377961Z  6463c6b5c703 Downloading [==================================================>]   1.17kB/1.17kB
2026-09-18T10:39:59.8378799Z  6463c6b5c703 Verifying Checksum 
2026-09-18T10:39:59.8379367Z  6463c6b5c703 Download complete 
2026-09-18T10:39:59.8684460Z  6310eb16bf42 Downloading [>                                                  ]  310.7kB/29.79MB
2026-09-18T10:39:59.8685530Z  6310eb16bf42 Downloading [>                                                  ]  310.7kB/29.79MB
2026-09-18T10:39:59.8771846Z  8d6422da287d Downloading [>                                                  ]  64.92kB/6.443MB
2026-09-18T10:39:59.9688103Z  6310eb16bf42 Downloading [==============>                                    ]  8.404MB/29.79MB
2026-09-18T10:39:59.9688907Z  6310eb16bf42 Downloading [==============>                                    ]  8.404MB/29.79MB
2026-09-18T10:39:59.9711105Z  2fc0e69f8d7d Downloading [>                                                  ]  15.77kB/1.257MB
2026-09-18T10:39:59.9774555Z  8d6422da287d Downloading [==============================>                    ]  3.932MB/6.443MB
2026-09-18T10:39:59.9981086Z  8d6422da287d Verifying Checksum 
2026-09-18T10:39:59.9992400Z  8d6422da287d Download complete 
2026-09-18T10:40:00.0317310Z  2fc0e69f8d7d Verifying Checksum 
2026-09-18T10:40:00.0317756Z  2fc0e69f8d7d Download complete 
2026-09-18T10:40:00.0468498Z  6310eb16bf42 Verifying Checksum 
2026-09-18T10:40:00.0469654Z  6310eb16bf42 Download complete 
2026-09-18T10:40:00.0470225Z  6310eb16bf42 Verifying Checksum 
2026-09-18T10:40:00.0470764Z  6310eb16bf42 Download complete 
2026-09-18T10:40:00.0825139Z  6310eb16bf42 Extracting [>                                                  ]  327.7kB/29.79MB
2026-09-18T10:40:00.0826373Z  6310eb16bf42 Extracting [>                                                  ]  327.7kB/29.79MB
2026-09-18T10:40:00.1781446Z  5fa29c524b4e Downloading [>                                                  ]  97.73kB/8.204MB
2026-09-18T10:40:00.1837891Z  ace4b5b96a91 Downloading [>                                                  ]  15.81kB/1.312MB
2026-09-18T10:40:00.1877966Z  6310eb16bf42 Extracting [===========>                                       ]  6.881MB/29.79MB
2026-09-18T10:40:00.1880490Z  6310eb16bf42 Extracting [===========>                                       ]  6.881MB/29.79MB
2026-09-18T10:40:00.2089825Z  af2a6480a058 Downloading [==================================================>]     116B/116B
2026-09-18T10:40:00.2090613Z  af2a6480a058 Verifying Checksum 
2026-09-18T10:40:00.2091210Z  af2a6480a058 Download complete 
2026-09-18T10:40:00.2788114Z  5fa29c524b4e Downloading [======================>                            ]  3.735MB/8.204MB
2026-09-18T10:40:00.2825252Z  ace4b5b96a91 Verifying Checksum 
2026-09-18T10:40:00.2826370Z  ace4b5b96a91 Download complete 
2026-09-18T10:40:00.3041871Z  6310eb16bf42 Extracting [==================>                                ]  10.81MB/29.79MB
2026-09-18T10:40:00.3043484Z  6310eb16bf42 Extracting [==================>                                ]  10.81MB/29.79MB
2026-09-18T10:40:00.3045248Z  5fa29c524b4e Verifying Checksum 
2026-09-18T10:40:00.3046130Z  5fa29c524b4e Download complete 
2026-09-18T10:40:00.3436295Z  5ee6c6ca7fd9 Download complete 
2026-09-18T10:40:00.4050575Z  6310eb16bf42 Extracting [==========================>                        ]  16.06MB/29.79MB
2026-09-18T10:40:00.4052144Z  6310eb16bf42 Extracting [==========================>                        ]  16.06MB/29.79MB
2026-09-18T10:40:00.4375521Z  aedab7177504 Downloading [=========>                                         ]  3.529kB/19.42kB
2026-09-18T10:40:00.4379858Z  aedab7177504 Downloading [==================================================>]  19.42kB/19.42kB
2026-09-18T10:40:00.4384425Z  aedab7177504 Verifying Checksum 
2026-09-18T10:40:00.4385559Z  aedab7177504 Download complete 
2026-09-18T10:40:00.4836976Z  c5694bff1357 Downloading [>                                                  ]  534.5kB/115.4MB
2026-09-18T10:40:00.5074489Z  a4635eaec9b8 Downloading [==================================================>]     128B/128B
2026-09-18T10:40:00.5075619Z  a4635eaec9b8 Verifying Checksum 
2026-09-18T10:40:00.5076191Z  a4635eaec9b8 Download complete 
2026-09-18T10:40:00.5093215Z  6310eb16bf42 Extracting [========================================>          ]  24.25MB/29.79MB
2026-09-18T10:40:00.5094586Z  6310eb16bf42 Extracting [========================================>          ]  24.25MB/29.79MB
2026-09-18T10:40:00.5847531Z  c5694bff1357 Downloading [====>                                              ]  11.21MB/115.4MB
2026-09-18T10:40:00.5991717Z  46e663abc8f5 Downloading [============================>                      ]   3.53kB/6.107kB
2026-09-18T10:40:00.5994243Z  46e663abc8f5 Downloading [==================================================>]  6.107kB/6.107kB
2026-09-18T10:40:00.5999317Z  46e663abc8f5 Verifying Checksum 
2026-09-18T10:40:00.6000192Z  46e663abc8f5 Download complete 
2026-09-18T10:40:00.6455256Z  1bb54e8f7727 Downloading [==================================================>]     185B/185B
2026-09-18T10:40:00.6456485Z  1bb54e8f7727 Verifying Checksum 
2026-09-18T10:40:00.6457156Z  1bb54e8f7727 Download complete 
2026-09-18T10:40:00.6854408Z  c5694bff1357 Downloading [==================>                                ]  42.68MB/115.4MB
2026-09-18T10:40:00.7243324Z  6310eb16bf42 Extracting [===========================================>       ]  26.21MB/29.79MB
2026-09-18T10:40:00.7244581Z  6310eb16bf42 Extracting [===========================================>       ]  26.21MB/29.79MB
2026-09-18T10:40:00.7611736Z  51e5124f5695 Downloading [==================================================>]   1.11kB/1.11kB
2026-09-18T10:40:00.7615161Z  51e5124f5695 Verifying Checksum 
2026-09-18T10:40:00.7616802Z  51e5124f5695 Download complete 
2026-09-18T10:40:00.7861687Z  c5694bff1357 Downloading [===============================>                   ]  72.05MB/115.4MB
2026-09-18T10:40:00.8205570Z  018807ff1c98 Downloading [>                                                  ]  48.55kB/3.366MB
2026-09-18T10:40:00.8501782Z  6310eb16bf42 Extracting [===============================================>   ]  28.51MB/29.79MB
2026-09-18T10:40:00.8504394Z  6310eb16bf42 Extracting [===============================================>   ]  28.51MB/29.79MB
2026-09-18T10:40:00.8870591Z  c5694bff1357 Downloading [============================================>      ]  101.9MB/115.4MB
2026-09-18T10:40:00.9207796Z  018807ff1c98 Verifying Checksum 
2026-09-18T10:40:00.9208789Z  018807ff1c98 Download complete 
2026-09-18T10:40:00.9329272Z  c5694bff1357 Verifying Checksum 
2026-09-18T10:40:00.9330039Z  c5694bff1357 Download complete 
2026-09-18T10:40:00.9619101Z  d9d27a3256d4 Downloading [>                                                  ]  146.9kB/14.54MB
2026-09-18T10:40:01.0516655Z  6310eb16bf42 Extracting [================================================>  ]  29.16MB/29.79MB
2026-09-18T10:40:01.0517502Z  6310eb16bf42 Extracting [================================================>  ]  29.16MB/29.79MB
2026-09-18T10:40:01.0626350Z  d9d27a3256d4 Downloading [=========>                                         ]  2.801MB/14.54MB
2026-09-18T10:40:01.0699702Z  452b3d816033 Downloading [==================================================>]     138B/138B
2026-09-18T10:40:01.0701127Z  452b3d816033 Verifying Checksum 
2026-09-18T10:40:01.0701625Z  452b3d816033 Download complete 
2026-09-18T10:40:01.0753569Z  4f4fb700ef54 Downloading [==================================================>]      32B/32B
2026-09-18T10:40:01.0754313Z  4f4fb700ef54 Download complete 
2026-09-18T10:40:01.1371805Z  d9d27a3256d4 Verifying Checksum 
2026-09-18T10:40:01.1372578Z  d9d27a3256d4 Download complete 
2026-09-18T10:40:01.1558292Z  6310eb16bf42 Extracting [==================================================>]  29.79MB/29.79MB
2026-09-18T10:40:01.1559114Z  6310eb16bf42 Extracting [==================================================>]  29.79MB/29.79MB
2026-09-18T10:40:01.1580984Z  6310eb16bf42 Extracting [==================================================>]  29.79MB/29.79MB
2026-09-18T10:40:01.1582208Z  6310eb16bf42 Extracting [==================================================>]  29.79MB/29.79MB
2026-09-18T10:40:01.1812619Z  6310eb16bf42 Pull complete 
2026-09-18T10:40:01.1813093Z  6310eb16bf42 Pull complete 
2026-09-18T10:40:01.1824541Z  51e5124f5695 Extracting [==================================================>]   1.11kB/1.11kB
2026-09-18T10:40:01.1827377Z  6463c6b5c703 Extracting [==================================================>]   1.17kB/1.17kB
2026-09-18T10:40:01.1834561Z  51e5124f5695 Extracting [==================================================>]   1.11kB/1.11kB
2026-09-18T10:40:01.1838476Z  6463c6b5c703 Extracting [==================================================>]   1.17kB/1.17kB
2026-09-18T10:40:01.2034008Z  8b86a061cab9 Downloading [==================================================>]     666B/666B
2026-09-18T10:40:01.2035314Z  8b86a061cab9 Verifying Checksum 
2026-09-18T10:40:01.2035957Z  8b86a061cab9 Download complete 
2026-09-18T10:40:01.5148696Z  6463c6b5c703 Pull complete 
2026-09-18T10:40:01.5149607Z  51e5124f5695 Pull complete 
2026-09-18T10:40:01.5167342Z  018807ff1c98 Extracting [>                                                  ]  65.54kB/3.366MB
2026-09-18T10:40:01.5181391Z  8d6422da287d Extracting [>                                                  ]  65.54kB/6.443MB
2026-09-18T10:40:01.5803169Z  018807ff1c98 Extracting [==================================================>]  3.366MB/3.366MB
2026-09-18T10:40:01.6114243Z  018807ff1c98 Pull complete 
2026-09-18T10:40:01.6140183Z  d9d27a3256d4 Extracting [>                                                  ]  163.8kB/14.54MB
2026-09-18T10:40:01.6191912Z  8d6422da287d Extracting [=======================================>           ]  5.112MB/6.443MB
2026-09-18T10:40:01.6698182Z  8d6422da287d Extracting [==================================================>]  6.443MB/6.443MB
2026-09-18T10:40:01.7143091Z  d9d27a3256d4 Extracting [========================>                          ]  7.045MB/14.54MB
2026-09-18T10:40:01.7560785Z  8d6422da287d Pull complete 
2026-09-18T10:40:01.7575986Z  2fc0e69f8d7d Extracting [=>                                                 ]  32.77kB/1.257MB
2026-09-18T10:40:01.7874220Z  2fc0e69f8d7d Extracting [==================================================>]  1.257MB/1.257MB
2026-09-18T10:40:01.8094859Z  2fc0e69f8d7d Pull complete 
2026-09-18T10:40:01.8125693Z  5fa29c524b4e Extracting [>                                                  ]   98.3kB/8.204MB
2026-09-18T10:40:01.8145465Z  d9d27a3256d4 Extracting [=================================================> ]  14.25MB/14.54MB
2026-09-18T10:40:01.8206065Z  d9d27a3256d4 Extracting [==================================================>]  14.54MB/14.54MB
2026-09-18T10:40:01.8289858Z  d9d27a3256d4 Pull complete 
2026-09-18T10:40:01.8324397Z  452b3d816033 Extracting [==================================================>]     138B/138B
2026-09-18T10:40:01.8326063Z  452b3d816033 Extracting [==================================================>]     138B/138B
2026-09-18T10:40:01.8435952Z  452b3d816033 Pull complete 
2026-09-18T10:40:01.8450841Z  4f4fb700ef54 Extracting [==================================================>]      32B/32B
2026-09-18T10:40:01.8453206Z  4f4fb700ef54 Extracting [==================================================>]      32B/32B
2026-09-18T10:40:01.8532755Z  4f4fb700ef54 Pull complete 
2026-09-18T10:40:01.8551905Z  8b86a061cab9 Extracting [==================================================>]     666B/666B
2026-09-18T10:40:01.8555753Z  8b86a061cab9 Extracting [==================================================>]     666B/666B
2026-09-18T10:40:01.8656702Z  8b86a061cab9 Pull complete 
2026-09-18T10:40:01.8721627Z  valkey Pulled 
2026-09-18T10:40:01.9152765Z  5fa29c524b4e Extracting [====================>                              ]  3.441MB/8.204MB
2026-09-18T10:40:02.0257165Z  5fa29c524b4e Extracting [===================================>               ]  5.898MB/8.204MB
2026-09-18T10:40:02.0960758Z  5fa29c524b4e Extracting [==================================================>]  8.204MB/8.204MB
2026-09-18T10:40:02.1323512Z  5fa29c524b4e Pull complete 
2026-09-18T10:40:02.1336810Z  ace4b5b96a91 Extracting [=>                                                 ]  32.77kB/1.312MB
2026-09-18T10:40:02.1800138Z  ace4b5b96a91 Extracting [==================================================>]  1.312MB/1.312MB
2026-09-18T10:40:02.2104437Z  ace4b5b96a91 Pull complete 
2026-09-18T10:40:02.2116634Z  af2a6480a058 Extracting [==================================================>]     116B/116B
2026-09-18T10:40:02.2120197Z  af2a6480a058 Extracting [==================================================>]     116B/116B
2026-09-18T10:40:02.2203489Z  af2a6480a058 Pull complete 
2026-09-18T10:40:02.2217653Z  5ee6c6ca7fd9 Extracting [==================================================>]  3.141kB/3.141kB
2026-09-18T10:40:02.2221974Z  5ee6c6ca7fd9 Extracting [==================================================>]  3.141kB/3.141kB
2026-09-18T10:40:02.2329004Z  5ee6c6ca7fd9 Pull complete 
2026-09-18T10:40:02.2913235Z  c5694bff1357 Extracting [>                                                  ]  557.1kB/115.4MB
2026-09-18T10:40:02.4005503Z  c5694bff1357 Extracting [===>                                               ]  8.356MB/115.4MB
2026-09-18T10:40:02.5134869Z  c5694bff1357 Extracting [====>                                              ]  11.14MB/115.4MB
2026-09-18T10:40:02.6229461Z  c5694bff1357 Extracting [======>                                            ]   15.6MB/115.4MB
2026-09-18T10:40:02.7347139Z  c5694bff1357 Extracting [========>                                          ]  20.05MB/115.4MB
2026-09-18T10:40:02.8376681Z  c5694bff1357 Extracting [===========>                                       ]  25.62MB/115.4MB
2026-09-18T10:40:02.9378108Z  c5694bff1357 Extracting [==============>                                    ]  33.98MB/115.4MB
2026-09-18T10:40:03.0426766Z  c5694bff1357 Extracting [==================>                                ]  43.45MB/115.4MB
2026-09-18T10:40:03.1482058Z  c5694bff1357 Extracting [======================>                            ]  52.92MB/115.4MB
2026-09-18T10:40:03.2487237Z  c5694bff1357 Extracting [=========================>                         ]  57.93MB/115.4MB
2026-09-18T10:40:03.3526909Z  c5694bff1357 Extracting [===========================>                       ]  64.62MB/115.4MB
2026-09-18T10:40:03.4578321Z  c5694bff1357 Extracting [================================>                  ]   75.2MB/115.4MB
2026-09-18T10:40:03.5592676Z  c5694bff1357 Extracting [====================================>              ]  83.56MB/115.4MB
2026-09-18T10:40:03.6612648Z  c5694bff1357 Extracting [========================================>          ]  92.47MB/115.4MB
2026-09-18T10:40:03.7805936Z  c5694bff1357 Extracting [==========================================>        ]  98.04MB/115.4MB
2026-09-18T10:40:03.8947798Z  c5694bff1357 Extracting [============================================>      ]  101.9MB/115.4MB
2026-09-18T10:40:04.0004478Z  c5694bff1357 Extracting [=============================================>     ]  104.7MB/115.4MB
2026-09-18T10:40:04.1027174Z  c5694bff1357 Extracting [===============================================>   ]  108.6MB/115.4MB
2026-09-18T10:40:04.2235767Z  c5694bff1357 Extracting [===============================================>   ]  110.3MB/115.4MB
2026-09-18T10:40:04.3713046Z  c5694bff1357 Extracting [================================================>  ]    112MB/115.4MB
2026-09-18T10:40:04.5278188Z  c5694bff1357 Extracting [=================================================> ]  113.6MB/115.4MB
2026-09-18T10:40:04.6325361Z  c5694bff1357 Extracting [=================================================> ]  114.2MB/115.4MB
2026-09-18T10:40:04.7338001Z  c5694bff1357 Extracting [=================================================> ]  115.3MB/115.4MB
2026-09-18T10:40:04.7429158Z  c5694bff1357 Extracting [==================================================>]  115.4MB/115.4MB
2026-09-18T10:40:05.3357536Z  c5694bff1357 Pull complete 
2026-09-18T10:40:05.3371707Z  aedab7177504 Extracting [==================================================>]  19.42kB/19.42kB
2026-09-18T10:40:05.3373811Z  aedab7177504 Extracting [==================================================>]  19.42kB/19.42kB
2026-09-18T10:40:05.3500996Z  aedab7177504 Pull complete 
2026-09-18T10:40:05.3512364Z  a4635eaec9b8 Extracting [==================================================>]     128B/128B
2026-09-18T10:40:05.3523674Z  a4635eaec9b8 Extracting [==================================================>]     128B/128B
2026-09-18T10:40:05.3631807Z  a4635eaec9b8 Pull complete 
2026-09-18T10:40:05.3646574Z  46e663abc8f5 Extracting [==================================================>]  6.107kB/6.107kB
2026-09-18T10:40:05.3647489Z  46e663abc8f5 Extracting [==================================================>]  6.107kB/6.107kB
2026-09-18T10:40:05.3743335Z  46e663abc8f5 Pull complete 
2026-09-18T10:40:05.3753285Z  1bb54e8f7727 Extracting [==================================================>]     185B/185B
2026-09-18T10:40:05.3757516Z  1bb54e8f7727 Extracting [==================================================>]     185B/185B
2026-09-18T10:40:05.3838107Z  1bb54e8f7727 Pull complete 
2026-09-18T10:40:05.3895272Z  postgres Pulled 
2026-09-18T10:40:05.3965922Z  Network olp-go-image-7388-14664_default  Creating
2026-09-18T10:40:05.4344642Z  Network olp-go-image-7388-14664_default  Created
2026-09-18T10:40:05.4415793Z  Volume "olp-go-image-7388-14664_postgres-go"  Creating
2026-09-18T10:40:05.4429877Z  Volume "olp-go-image-7388-14664_postgres-go"  Created
2026-09-18T10:40:05.4434173Z  Volume "olp-go-image-7388-14664_valkey-go"  Creating
2026-09-18T10:40:05.4443247Z  Volume "olp-go-image-7388-14664_valkey-go"  Created
2026-09-18T10:40:05.4449331Z  Container olp-go-image-7388-14664-postgres-1  Creating
2026-09-18T10:40:05.4450000Z  Container olp-go-image-7388-14664-valkey-1  Creating
2026-09-18T10:40:05.4701809Z  Container olp-go-image-7388-14664-postgres-1  Created
2026-09-18T10:40:05.4703169Z  Container olp-go-image-7388-14664-valkey-1  Created
2026-09-18T10:40:05.4714252Z  Container olp-go-image-7388-14664-valkey-1  Starting
2026-09-18T10:40:05.4715393Z  Container olp-go-image-7388-14664-postgres-1  Starting
2026-09-18T10:40:05.7422594Z  Container olp-go-image-7388-14664-valkey-1  Started
2026-09-18T10:40:05.7543263Z  Container olp-go-image-7388-14664-postgres-1  Started
2026-09-18T10:40:05.7544067Z  Container olp-go-image-7388-14664-postgres-1  Waiting
2026-09-18T10:40:05.7544537Z  Container olp-go-image-7388-14664-valkey-1  Waiting
2026-09-18T10:40:07.2568131Z  Container olp-go-image-7388-14664-postgres-1  Healthy
2026-09-18T10:40:07.2569374Z  Container olp-go-image-7388-14664-valkey-1  Healthy
2026-09-18T10:40:07.9986725Z {"migration":"complete"}
2026-09-18T10:40:08.4993059Z olp: readiness probe returned 503
2026-09-18T10:40:10.0486695Z {"BlockIO":"0B / 0B","CPUPerc":"0.29%","Container":"olp-go-image-7388-14664-all","ID":"58c3b47ad219","MemPerc":"0.52%","MemUsage":"82.73MiB / 15.61GiB","Name":"olp-go-image-7388-14664-all","NetIO":"28.9kB / 398kB","PIDs":"14"}
2026-09-18T10:40:10.2493774Z qualified amd64 all: dependencies, private health, listener ownership, shutdown
2026-09-18T10:40:10.5364093Z olp: readiness probe returned 503
2026-09-18T10:40:12.0667194Z {"BlockIO":"0B / 0B","CPUPerc":"0.15%","Container":"olp-go-image-7388-14664-gateway","ID":"cea2e28af5a3","MemPerc":"0.10%","MemUsage":"15.88MiB / 15.61GiB","Name":"olp-go-image-7388-14664-gateway","NetIO":"15.9kB / 25.6kB","PIDs":"12"}
2026-09-18T10:40:12.2522515Z qualified amd64 gateway: dependencies, private health, listener ownership, shutdown
2026-09-18T10:40:14.2212570Z {"BlockIO":"0B / 0B","CPUPerc":"0.00%","Container":"olp-go-image-7388-14664-control","ID":"69682cee3a20","MemPerc":"0.50%","MemUsage":"79.95MiB / 15.61GiB","Name":"olp-go-image-7388-14664-control","NetIO":"15.3kB / 362kB","PIDs":"12"}
2026-09-18T10:40:14.3975403Z qualified amd64 control: dependencies, private health, listener ownership, shutdown
2026-09-18T10:40:16.2262909Z {"BlockIO":"0B / 0B","CPUPerc":"0.14%","Container":"olp-go-image-7388-14664-worker","ID":"ecd2fb8b997e","MemPerc":"0.10%","MemUsage":"16.03MiB / 15.61GiB","Name":"olp-go-image-7388-14664-worker","NetIO":"22.8kB / 48.2kB","PIDs":"14"}
2026-09-18T10:40:16.4369329Z qualified amd64 worker: dependencies, private health, listener ownership, shutdown
2026-09-18T10:40:16.4583025Z {"Id":"sha256:3bbbb9c53ecfefeba70bd83487658e7bd03206097f9490c21a84a2a15aa922df","RepoTags":[],"RepoDigests":["ghcr.io/tyk-swe/olp@sha256:0c7495977bf5a837c7d3d0fa9d21c557a7ddbabb5eb08213ec51d45a458de09d"],"Parent":"","Comment":"buildkit.dockerfile.v0","Created":"2026-09-18T10:36:38.761525375Z","DockerVersion":"","Author":"","Config":{"Hostname":"","Domainname":"","User":"65532:65532","AttachStdin":false,"AttachStdout":false,"AttachStderr":false,"ExposedPorts":{"8080/tcp":{},"9090/tcp":{}},"Tty":false,"OpenStdin":false,"StdinOnce":false,"Env":["PATH=/usr/local/sbin:/usr/local/bin:/usr/sbin:/usr/bin:/sbin:/bin","SSL_CERT_FILE=/etc/ssl/certs/ca-certificates.crt","OLP_CONSOLE_DIR=/opt/olp/console","OLP_LISTEN_ADDR=0.0.0.0:8080","OLP_OBSERVABILITY_LISTEN_ADDR=0.0.0.0:9090"],"Cmd":["all"],"ArgsEscaped":true,"Image":"","Volumes":null,"WorkingDir":"/home/nonroot","Entrypoint":["/usr/local/bin/olp"],"OnBuild":null,"Labels":{"io.openllmproxy.fresh-install":"required-for-rust-replacement","io.openllmproxy.storage":"olp-go-v1","org.opencontainers.image.licenses":"AGPL-3.0-only","org.opencontainers.image.source":"https://github.com/tyk-swe/olp","org.opencontainers.image.title":"OpenLLMProxy","org.opencontainers.image.version":"3.0.0"},"StopSignal":"SIGTERM"},"Architecture":"amd64","Os":"linux","Size":77151969,"GraphDriver":{"Data":{"LowerDir":"/var/lib/docker/overlay2/098e6723af93ce01de029e36eb009c8511575c108cde797d1e5fa55040615dc8/diff:/var/lib/docker/overlay2/1d7ba6389340efabcd5fa3cc1faa99aaf72165f5f784e0e71dfe4976dda9c8e6/diff:/var/lib/docker/overlay2/ec1d6b35425dfb81a57ac32d02b348ccd0f942390cba06eb5be19cf2ce3d118d/diff:/var/lib/docker/overlay2/7bf59095faa4e37409b31bace838820e709882f79342ef8af4133d6c9a70f8e7/diff:/var/lib/docker/overlay2/0b007ab7f43335e5777ccccfb91e9bb32d59b526470d5354e5a9df4a0a4f1639/diff:/var/lib/docker/overlay2/255cc960f9df03f6e1a42ba2ffe520f19ac998c58cb6665eb394550f9a2f2d0e/diff:/var/lib/docker/overlay2/d22b5dd6c5a0fad3048e3d45c8e1a704308e5018ade988fa20b6b0a58b5db1d8/diff:/var/lib/docker/overlay2/45f87796685bb7bf327e7911c1091384347a560ebc205cb130d998c0391bea65/diff:/var/lib/docker/overlay2/a1f35da8bc8bd50d1ca057dd3a508724be0eb9ba7ffa94b42497584fdaa20990/diff:/var/lib/docker/overlay2/52a11af6365eb30ec499f074e94063fa241c980806ab73baf902168c698b7ac3/diff:/var/lib/docker/overlay2/70d90fcab0b5868942a5535c801ee8dd9b8d18660c52d7b1b5e5e1f3e6fa52a8/diff:/var/lib/docker/overlay2/e02fef9bf9339ad485d31387246def84841348bd57105f70c5161b5c6b2ac761/diff:/var/lib/docker/overlay2/029ff68be8d136bd076df05139f71e268d0d48c4706085355b5ef6c96c51b84b/diff:/var/lib/docker/overlay2/f2f0e0636eb1fe72f8c6bbb8372c463b163053202b094d6bb63128a256689946/diff:/var/lib/docker/overlay2/98bc90f5e4278aeab24197e9d6e23b563b7965c9a82eac3806b3d7527fa27a3b/diff:/var/lib/docker/overlay2/9e610204eddbf154a0f5fa5e6dfb8f82e1a9753846fe8b4381628d97e180547b/diff:/var/lib/docker/overlay2/5850240fd2ef4ee627732a0dd1daa8f615456d7efb884be2d20633c21c487574/diff:/var/lib/docker/overlay2/471ae329952191bce502422866fbecd82c8b10a89018c9e11be75b3e9fb261b1/diff:/var/lib/docker/overlay2/6810bf3a68f6639327e5f18cd30e440cfaece589ec1c9d5b4b2804f86bb90617/diff:/var/lib/docker/overlay2/87a76051efb73909c9526e4d610be99e9a4796ee0692b0aac90be630f92d9774/diff:/var/lib/docker/overlay2/669e86c556f26afeba98ad3a98ab252ee0a6c8c814ed78afe0afdc908e3bb782/diff:/var/lib/docker/overlay2/ffd694287042bab9b43ea97d7c60fc2bae6449a0798faae0bfd5be02eddaf830/diff:/var/lib/docker/overlay2/95a8af937d8860f0257d952be7bc27b1f31bdeaa07c712440ff837d028d3d56a/diff:/var/lib/docker/overlay2/3db697103fce093b46f3600d9c5b9ca89d51c80b4d8640f02e63375a865afd12/diff:/var/lib/docker/overlay2/562f76da7ba1697892fec273056d9949449c77daf357d962e274e43d014e9561/diff","MergedDir":"/var/lib/docker/overlay2/e754c631acc56edfcfc891badfc61abb992e4f00e9fb9211e7215ce8d0d5fb64/merged","UpperDir":"/var/lib/docker/overlay2/e754c631acc56edfcfc891badfc61abb992e4f00e9fb9211e7215ce8d0d5fb64/diff","WorkDir":"/var/lib/docker/overlay2/e754c631acc56edfcfc891badfc61abb992e4f00e9fb9211e7215ce8d0d5fb64/work"},"Name":"overlay2"},"RootFS":{"Type":"layers","Layers":["sha256:50abe06dfc0957e14cb8332ed242e8b884ef2563a9eb202e5172f243f62792f7","sha256:621c35e751a51a9a9dc3e80aa0b7fe8be2a93402ea6ccd307d30852cd7776cda","sha256:c8b007d0206e4b10ed4d3b3d99dfeab47c2648e82011989fd78a5731baf33fc3","sha256:bec7e6bb35e05d1284f28b10d2150c259717d91c658c4c10c08424bb9466caba","sha256:275a30dd8ce958b21daa9ad962c6fbc09f98306ee2f486b65c9075dc257b1412","sha256:4d049f83d9cf21d1f5cc0e11deaf36df02790d0e60c1a3829538fb4b61685368","sha256:af5aa97ebe6ce1604747ec1e21af7136ded391bcabe4acef882e718a87c86bcc","sha256:6f1cdceb6a3146f0ccb986521156bef8a422cdbb0863396f7f751f575ba308f4","sha256:bd3cdfae1d3fdd83a2231d608969b38b82349777c2fff9a7c12d54f8ac5c9b38","sha256:4cde6b0bb6f50a5f255eef7b2a42162c661cf776b803225dcac9a659e396bb6b","sha256:ad51d0769d16ba578106a177987dfe3d2e02c1668c852b795b2f6b024068242a","sha256:187cfc6d1e3e8a40a5e64653bcd3239c140807dcf1c09e48021178705a5a6139","sha256:f2392a9484bf6b18f06beaf705b994e31dbb2716c99cf7d03c9c495cd107f364","sha256:3a7299f559d987305122c7669fc3643095eb0955f8ff4a38c9430d54d0b4452e","sha256:ada8421c741188c83c2e6de96450043e65ce6233e7d2a1d84cd789a0ad97f420","sha256:c0e409312adc366898967307565f692bb33d43a439d3de48e27d14b742389725","sha256:e4ba966d7f0527dfe0fcb559e4e18d4da42c4e6beae924719255e0dedb554ed0","sha256:1f5d28bd51650f429293f7730ede274b81dc0744aa918bc887133c4ad610258c","sha256:6e18ad80f3d64a8cbbcd1ff2e8a0d5ce7282cf664e816b86183a59d30a618e8a","sha256:c16b2ec4b1493bad1b1de23d659c899e60abb166bda756d02792f0a03ba54a43","sha256:7db505d90756626f425c6c5468eca565c82f589b144ecaa4f411ad9bbf79e614","sha256:596ada0f9a078aa209f594d8a026ce3629faf38f3100b0200f0a48011fa2f586","sha256:c41f6131de56cbe9a6a9eb12f693ab6040f96be0dcbdd9a675f3966815e1e0d4","sha256:1a732bd89c83c358192099d054c3102ecc5c4e5ce6209c7a9ee5064bfc02b1bd","sha256:186970c4c92c74f0433d5dc362d53ba31f8c66acc9c8bcc9e0dabc77c220dbfa","sha256:043fd040d5966cf655fd3a263cb13e7901a3b46c4fb7bb7ec73b4a560829d60b"]},"Metadata":{"LastTagTime":"0001-01-01T00:00:00Z"}}
2026-09-18T10:40:16.6324393Z  Container olp-go-image-7388-14664-postgres-1  Stopping
2026-09-18T10:40:16.6326046Z  Container olp-go-image-7388-14664-valkey-1  Stopping
2026-09-18T10:40:16.7601065Z  Container olp-go-image-7388-14664-valkey-1  Stopped
2026-09-18T10:40:16.7602000Z  Container olp-go-image-7388-14664-valkey-1  Removing
2026-09-18T10:40:16.7666202Z  Container olp-go-image-7388-14664-valkey-1  Removed
2026-09-18T10:40:16.7940656Z  Container olp-go-image-7388-14664-postgres-1  Stopped
2026-09-18T10:40:16.7942612Z  Container olp-go-image-7388-14664-postgres-1  Removing
2026-09-18T10:40:16.7989386Z  Container olp-go-image-7388-14664-postgres-1  Removed
2026-09-18T10:40:16.7999644Z  Volume olp-go-image-7388-14664_valkey-go  Removing
2026-09-18T10:40:16.8001893Z  Volume olp-go-image-7388-14664_postgres-go  Removing
2026-09-18T10:40:16.8002669Z  Network olp-go-image-7388-14664_default  Removing
2026-09-18T10:40:16.8451391Z  Volume olp-go-image-7388-14664_postgres-go  Removed
2026-09-18T10:40:16.8458541Z  Volume olp-go-image-7388-14664_valkey-go  Removed
2026-09-18T10:40:16.9170035Z  Network olp-go-image-7388-14664_default  Removed
2026-09-18T10:40:16.9985555Z  Network olp-candidate-5635-18032_default  Creating
2026-09-18T10:40:17.0357637Z  Network olp-candidate-5635-18032_default  Created
2026-09-18T10:40:17.0363280Z  Volume "olp-candidate-5635-18032_postgres-go"  Creating
2026-09-18T10:40:17.0373609Z  Volume "olp-candidate-5635-18032_postgres-go"  Created
2026-09-18T10:40:17.0377639Z  Volume "olp-candidate-5635-18032_valkey-go"  Creating
2026-09-18T10:40:17.0384300Z  Volume "olp-candidate-5635-18032_valkey-go"  Created
2026-09-18T10:40:17.0388802Z  Container olp-candidate-5635-18032-postgres-1  Creating
2026-09-18T10:40:17.0392268Z  Container olp-candidate-5635-18032-valkey-1  Creating
2026-09-18T10:40:17.0608701Z  Container olp-candidate-5635-18032-valkey-1  Created
2026-09-18T10:40:17.0609983Z  Container olp-candidate-5635-18032-postgres-1  Created
2026-09-18T10:40:17.0618008Z  Container olp-candidate-5635-18032-valkey-1  Starting
2026-09-18T10:40:17.0618839Z  Container olp-candidate-5635-18032-postgres-1  Starting
2026-09-18T10:40:17.2221194Z  Container olp-candidate-5635-18032-valkey-1  Started
2026-09-18T10:40:17.2327446Z  Container olp-candidate-5635-18032-postgres-1  Started
2026-09-18T10:40:17.2328015Z  Container olp-candidate-5635-18032-postgres-1  Waiting
2026-09-18T10:40:17.2328692Z  Container olp-candidate-5635-18032-valkey-1  Waiting
2026-09-18T10:40:18.7343937Z  Container olp-candidate-5635-18032-postgres-1  Healthy
2026-09-18T10:40:18.7345209Z  Container olp-candidate-5635-18032-valkey-1  Healthy
2026-09-18T10:40:21.9078435Z [WebServer] {"time":"2026-09-18T10:40:21.905990116Z","level":"INFO","msg":"authority refreshed","sequence":0,"keys":0,"revoked_credentials":0}
2026-09-18T10:40:21.9188811Z [WebServer] {"time":"2026-09-18T10:40:21.917898231Z","level":"INFO","msg":"request metadata gateway registered","gateway_instance":"runnervmlun5p-1-01a0b41a5d977b8a8b59463fd62c7c77"}
2026-09-18T10:40:21.9220076Z [WebServer] {"time":"2026-09-18T10:40:21.920889718Z","level":"INFO","msg":"listener started","mode":"all","listener":"private","address":"127.0.0.1:4177"}
2026-09-18T10:40:21.9223314Z [WebServer] {"time":"2026-09-18T10:40:21.921028648Z","level":"INFO","msg":"listener started","mode":"all","listener":"public","address":"127.0.0.1:4175"}
2026-09-18T10:40:21.9311243Z [WebServer] {"time":"2026-09-18T10:40:21.930204321Z","level":"WARN","msg":"observability readiness refresh failed","error":"runtime_generation_unavailable"}
2026-09-18T10:40:22.5709183Z 
2026-09-18T10:40:22.5710076Z Running 7 tests using 1 worker
2026-09-18T10:40:26.9487368Z [WebServer] {"time":"2026-09-18T10:40:26.948040437Z","level":"WARN","msg":"observability readiness refresh failed","error":"runtime_generation_unavailable"}
2026-09-18T10:40:31.9152668Z [WebServer] {"time":"2026-09-18T10:40:31.913870828Z","level":"INFO","msg":"authority refreshed","sequence":1,"keys":1,"revoked_credentials":0}
2026-09-18T10:40:31.9167628Z [WebServer] {"time":"2026-09-18T10:40:31.916047841Z","level":"INFO","msg":"release installed","sequence":2,"sha256":"814501b52ef3a5de932f9de46357d06c8fc8321725178a0f60e24ca57e4623bc","providers":1,"routes":1}
2026-09-18T10:40:32.0688802Z [WebServer] {"time":"2026-09-18T10:40:32.065562869Z","level":"INFO","msg":"inference request","request_id":"01a0b41a-853e-71eb-bf7a-8beea7e799d8","accounting_id":"01a0b41a-853e-71eb-bf7a-8beea7e799d8","client_ip":"127.0.0.1","route_revision_id":"01a0b41a-81ce-727e-a901-10d027afae73","started_at":"2026-09-18T10:40:32.062130896Z","usage":{"input_tokens":7,"output_tokens":5,"total_tokens":12},"actor":"api_key","key_id":"01a0b41a-83a0-786e-b5df-493f826fe238","user_id":"","route":"vertical-all-protocols","release_sequence":2,"family":"responses","mode":"unary","operation":"generation","surface":"openai","runtime_generation_id":"01a0b41a-81d3-7b92-a941-993fe58ba61f","outcome":"success","status":200,"error_class":"","committed":true,"completed_at":"2026-09-18T10:40:32.065540998Z","duration":3410102,"first_byte":3405524,"attempt_count":1,"attempts":[{"billing_uncertain":false,"class":"success","committed":true,"credential_id":"01a0b41a-7540-739e-97a8-8dd19558e07d","credential_version":1,"duration":1549169,"first_byte":1452839,"mode":"unary","ordinal":1,"provider_id":"01a0b41a-753f-7496-9647-2fa0ef1c3bc4","provider_revision_id":"01a0b41a-7ad6-733f-94c6-7a0a87f556cc","retry_after":null,"slot_id":"01a0b41a-7542-78ec-afe0-111ba75a3135","started_at":"2026-09-18T10:40:32.063561263Z","status":200,"target_id":"01a0b41a-7bf2-7bb6-bc8a-55ce31ba4d19","upstream_model":"vertical-e2e-deployment","usage":{"input_tokens":7,"output_tokens":5,"total_tokens":12},"usage_complete":true,"usage_observed":true}],"usage_known":true,"input_tokens":7,"output_tokens":5}
2026-09-18T10:40:32.1838391Z [WebServer] {"time":"2026-09-18T10:40:32.180280979Z","level":"INFO","msg":"inference request","request_id":"01a0b41a-85b2-7593-a6db-a58418f6ea3e","accounting_id":"01a0b41a-85b2-7593-a6db-a58418f6ea3e","client_ip":"127.0.0.1","route_revision_id":"01a0b41a-81ce-727e-a901-10d027afae73","started_at":"2026-09-18T10:40:32.178370824Z","usage":{"input_tokens":7,"output_tokens":5,"total_tokens":12},"actor":"api_key","key_id":"01a0b41a-83a0-786e-b5df-493f826fe238","user_id":"","route":"vertical-all-protocols","release_sequence":2,"family":"anthropic","mode":"unary","operation":"generation","surface":"anthropic","runtime_generation_id":"01a0b41a-81d3-7b92-a941-993fe58ba61f","outcome":"success","status":200,"error_class":"","committed":true,"completed_at":"2026-09-18T10:40:32.180261322Z","duration":1890498,"first_byte":1887332,"attempt_count":1,"attempts":[{"billing_uncertain":false,"class":"success","committed":true,"credential_id":"01a0b41a-7540-739e-97a8-8dd19558e07d","credential_version":1,"duration":1000775,"first_byte":889515,"mode":"unary","ordinal":1,"provider_id":"01a0b41a-753f-7496-9647-2fa0ef1c3bc4","provider_revision_id":"01a0b41a-7ad6-733f-94c6-7a0a87f556cc","retry_after":null,"slot_id":"01a0b41a-7542-78ec-afe0-111ba75a3135","started_at":"2026-09-18T10:40:32.179205183Z","status":200,"target_id":"01a0b41a-7bf2-7bb6-bc8a-55ce31ba4d19","upstream_model":"vertical-e2e-deployment","usage":{"input_tokens":7,"output_tokens":5,"total_tokens":12},"usage_complete":true,"usage_observed":true}],"usage_known":true,"input_tokens":7,"output_tokens":5}
2026-09-18T10:40:32.3041583Z [WebServer] {"time":"2026-09-18T10:40:32.296818091Z","level":"INFO","msg":"inference request","request_id":"01a0b41a-8627-7171-9496-e49a7d69a5b9","accounting_id":"01a0b41a-8627-7171-9496-e49a7d69a5b9","client_ip":"127.0.0.1","route_revision_id":"01a0b41a-81ce-727e-a901-10d027afae73","started_at":"2026-09-18T10:40:32.295099733Z","usage":{"input_tokens":7,"output_tokens":5,"total_tokens":12},"actor":"api_key","key_id":"01a0b41a-83a0-786e-b5df-493f826fe238","user_id":"","route":"vertical-all-protocols","release_sequence":2,"family":"gemini","mode":"unary","operation":"generation","surface":"gemini","runtime_generation_id":"01a0b41a-81d3-7b92-a941-993fe58ba61f","outcome":"success","status":200,"error_class":"","committed":true,"completed_at":"2026-09-18T10:40:32.296800267Z","duration":1700544,"first_byte":1697519,"attempt_count":1,"attempts":[{"billing_uncertain":false,"class":"success","committed":true,"credential_id":"01a0b41a-7540-739e-97a8-8dd19558e07d","credential_version":1,"duration":856002,"first_byte":750024,"mode":"unary","ordinal":1,"provider_id":"01a0b41a-753f-7496-9647-2fa0ef1c3bc4","provider_revision_id":"01a0b41a-7ad6-733f-94c6-7a0a87f556cc","retry_after":null,"slot_id":"01a0b41a-7542-78ec-afe0-111ba75a3135","started_at":"2026-09-18T10:40:32.295889653Z","status":200,"target_id":"01a0b41a-7bf2-7bb6-bc8a-55ce31ba4d19","upstream_model":"vertical-e2e-deployment","usage":{"input_tokens":7,"output_tokens":5,"total_tokens":12},"usage_complete":true,"usage_observed":true}],"usage_known":true,"input_tokens":7,"output_tokens":5}
2026-09-18T10:40:34.0000467Z [WebServer] {"time":"2026-09-18T10:40:33.998099625Z","level":"INFO","msg":"inference request","request_id":"01a0b41a-8c9a-71bb-8428-b5288399de9c","accounting_id":"01a0b41a-8c9a-71bb-8428-b5288399de9c","client_ip":"127.0.0.1","route_revision_id":"01a0b41a-81ce-727e-a901-10d027afae73","started_at":"2026-09-18T10:40:33.946118712Z","usage":{"input_tokens":7,"output_tokens":5,"total_tokens":12},"actor":"api_key","key_id":"01a0b41a-83a0-786e-b5df-493f826fe238","user_id":"","route":"vertical-all-protocols","release_sequence":2,"family":"chat","mode":"streaming","operation":"generation","surface":"openai","runtime_generation_id":"01a0b41a-81d3-7b92-a941-993fe58ba61f","outcome":"success","status":200,"error_class":"","committed":true,"completed_at":"2026-09-18T10:40:33.998079798Z","duration":51961076,"first_byte":1953736,"attempt_count":1,"attempts":[{"billing_uncertain":false,"class":"success","committed":true,"credential_id":"01a0b41a-7540-739e-97a8-8dd19558e07d","credential_version":1,"duration":51084185,"first_byte":993129,"mode":"streaming","ordinal":1,"provider_id":"01a0b41a-753f-7496-9647-2fa0ef1c3bc4","provider_revision_id":"01a0b41a-7ad6-733f-94c6-7a0a87f556cc","retry_after":null,"slot_id":"01a0b41a-7542-78ec-afe0-111ba75a3135","started_at":"2026-09-18T10:40:33.9469246Z","status":200,"target_id":"01a0b41a-7bf2-7bb6-bc8a-55ce31ba4d19","upstream_model":"vertical-e2e-deployment","usage":{"input_tokens":7,"output_tokens":5,"total_tokens":12},"usage_complete":true,"usage_observed":true}],"usage_known":true,"input_tokens":7,"output_tokens":5}
2026-09-18T10:40:36.9164769Z [WebServer] {"time":"2026-09-18T10:40:36.915048753Z","level":"INFO","msg":"authority refreshed","sequence":4,"keys":2,"revoked_credentials":0}
2026-09-18T10:40:41.9159427Z [WebServer] {"time":"2026-09-18T10:40:41.915316386Z","level":"INFO","msg":"release installed","sequence":4,"sha256":"7c4d55ec97d96ef8f04ac6f7febba3d08dc3b03d9cb45536874ad7bcd0a5b273","providers":2,"routes":1}
2026-09-18T10:40:43.3652772Z [WebServer] {"time":"2026-09-18T10:40:43.363713713Z","level":"INFO","msg":"inference request","request_id":"01a0b41a-b163-7a71-a77a-69eb6f7f9b36","accounting_id":"01a0b41a-b163-7a71-a77a-69eb6f7f9b36","client_ip":"127.0.0.1","route_revision_id":"","started_at":"2026-09-18T10:40:43.363687444Z","usage":null,"actor":"playground","key_id":"","user_id":"01a0b41a-6965-78b4-ba2c-76ab7daaaeb2","route":"","release_sequence":4,"family":"chat","mode":"unary","operation":"generation","surface":"openai","runtime_generation_id":"01a0b41a-ab4b-7961-9962-4e0fcba95a9e","outcome":"failure","status":404,"error_class":"route_not_found","committed":false,"completed_at":"2026-09-18T10:40:43.363697893Z","duration":10449,"first_byte":null,"attempt_count":0,"attempts":[],"usage_known":false}
2026-09-18T10:40:46.9159520Z [WebServer] {"time":"2026-09-18T10:40:46.915093972Z","level":"INFO","msg":"release installed","sequence":5,"sha256":"99de438feb11a72a734af81316ab8ef666477e66e0844deb3eb0c0c8501511ff","providers":2,"routes":2}
2026-09-18T10:40:48.9012743Z [WebServer] {"time":"2026-09-18T10:40:48.896805035Z","level":"INFO","msg":"inference request","request_id":"01a0b41a-c6fd-7d56-acaf-4c30094b07a4","accounting_id":"01a0b41a-c6fd-7d56-acaf-4c30094b07a4","client_ip":"127.0.0.1","route_revision_id":"01a0b41a-b028-7df1-b878-18c106de80a5","started_at":"2026-09-18T10:40:48.893877077Z","usage":{"input_tokens":7,"output_tokens":5,"total_tokens":12},"actor":"playground","key_id":"","user_id":"01a0b41a-6965-78b4-ba2c-76ab7daaaeb2","route":"provider-pool-route","release_sequence":5,"family":"chat","mode":"unary","operation":"generation","surface":"openai","runtime_generation_id":"01a0b41a-b02e-7779-8f80-36f98ae8a42e","outcome":"success","status":200,"error_class":"","committed":false,"completed_at":"2026-09-18T10:40:48.896750683Z","duration":2873597,"first_byte":null,"attempt_count":1,"attempts":[{"billing_uncertain":false,"class":"success","committed":false,"credential_id":"01a0b41a-a611-79af-8d60-860f30181834","credential_version":1,"duration":1952865,"first_byte":1877934,"mode":"unary","ordinal":1,"provider_id":"01a0b41a-a610-7bef-ac9f-f4af33b09e9e","provider_revision_id":"01a0b41a-ab46-7cb5-926e-9b0cdada55d1","retry_after":null,"slot_id":"01a0b41a-a612-7c11-a8a7-90f5d696946a","started_at":"2026-09-18T10:40:48.894790426Z","status":200,"target_id":"01a0b41a-adc0-720c-82dd-15735ee7a772","upstream_model":"vertical-e2e-deployment","usage":{"input_tokens":7,"output_tokens":5,"total_tokens":12},"usage_complete":true,"usage_observed":true}],"usage_known":true,"input_tokens":7,"output_tokens":5}
2026-09-18T10:40:49.9173560Z [WebServer] {"time":"2026-09-18T10:40:49.915462443Z","level":"INFO","msg":"inference request","request_id":"01a0b41a-caf9-7998-b66e-66099e18d753","accounting_id":"01a0b41a-caf9-7998-b66e-66099e18d753","client_ip":"127.0.0.1","route_revision_id":"01a0b41a-b028-7df1-b878-18c106de80a5","started_at":"2026-09-18T10:40:49.913631784Z","usage":{"input_tokens":7,"output_tokens":5,"total_tokens":12},"actor":"playground","key_id":"","user_id":"01a0b41a-6965-78b4-ba2c-76ab7daaaeb2","route":"provider-pool-route","release_sequence":5,"family":"chat","mode":"unary","operation":"generation","surface":"openai","runtime_generation_id":"01a0b41a-b02e-7779-8f80-36f98ae8a42e","outcome":"success","status":200,"error_class":"","committed":false,"completed_at":"2026-09-18T10:40:49.915447766Z","duration":1815972,"first_byte":null,"attempt_count":1,"attempts":[{"billing_uncertain":false,"class":"success","committed":false,"credential_id":"01a0b41a-a611-79af-8d60-860f30181834","credential_version":1,"duration":993543,"first_byte":924243,"mode":"unary","ordinal":1,"provider_id":"01a0b41a-a610-7bef-ac9f-f4af33b09e9e","provider_revision_id":"01a0b41a-ab46-7cb5-926e-9b0cdada55d1","retry_after":null,"slot_id":"01a0b41a-a612-7c11-a8a7-90f5d696946a","started_at":"2026-09-18T10:40:49.914447951Z","status":200,"target_id":"01a0b41a-adc0-720c-82dd-15735ee7a772","upstream_model":"vertical-e2e-deployment","usage":{"input_tokens":7,"output_tokens":5,"total_tokens":12},"usage_complete":true,"usage_observed":true}],"usage_known":true,"input_tokens":7,"output_tokens":5}
2026-09-18T10:40:51.9159533Z [WebServer] {"time":"2026-09-18T10:40:51.915261058Z","level":"INFO","msg":"release installed","sequence":6,"sha256":"3701c602a762dbb45393e0ee95f32176d74fd491173e7b48754c8440ab7df43a","providers":2,"routes":2}
2026-09-18T10:41:21.9252067Z [WebServer] {"time":"2026-09-18T10:41:21.924349307Z","level":"INFO","msg":"reconciled cost budgets","keys":1,"daily_windows":1,"monthly_windows":1}
2026-09-18T10:42:06.3848641Z [WebServer] {"time":"2026-09-18T10:42:06.382054291Z","level":"INFO","msg":"process stopped","mode":"all"}
2026-09-18T10:42:06.4362851Z ······°
2026-09-18T10:42:06.4367403Z   1 skipped
2026-09-18T10:42:06.4367844Z   6 passed (1.8m)
2026-09-18T10:42:06.4399239Z ##[notice]  1 skipped
  6 passed (1.8m)
2026-09-18T10:42:06.5871222Z Unable to find image 'valkey/valkey:9-alpine' locally
2026-09-18T10:42:07.0467189Z 9-alpine: Pulling from valkey/valkey
2026-09-18T10:42:07.2123283Z 55afa1ecc21d: Already exists
2026-09-18T10:42:07.2137843Z f13fe725a748: Pulling fs layer
2026-09-18T10:42:07.2138424Z 7088823af441: Pulling fs layer
2026-09-18T10:42:07.2138983Z b5fbcda668fd: Pulling fs layer
2026-09-18T10:42:07.2139625Z 02a7ff0006b0: Pulling fs layer
2026-09-18T10:42:07.2140155Z 4f4fb700ef54: Pulling fs layer
2026-09-18T10:42:07.2140709Z 3a31f694eab2: Pulling fs layer
2026-09-18T10:42:07.2141186Z 02a7ff0006b0: Waiting
2026-09-18T10:42:07.2141655Z 4f4fb700ef54: Waiting
2026-09-18T10:42:07.2142090Z 3a31f694eab2: Waiting
2026-09-18T10:42:07.3523301Z f13fe725a748: Download complete
2026-09-18T10:42:07.3794872Z f13fe725a748: Pull complete
2026-09-18T10:42:07.4730256Z 7088823af441: Verifying Checksum
2026-09-18T10:42:07.4735507Z 7088823af441: Download complete
2026-09-18T10:42:07.4873605Z 02a7ff0006b0: Verifying Checksum
2026-09-18T10:42:07.4875464Z 02a7ff0006b0: Download complete
2026-09-18T10:42:07.5340600Z b5fbcda668fd: Download complete
2026-09-18T10:42:07.6165677Z 3a31f694eab2: Verifying Checksum
2026-09-18T10:42:07.6166375Z 3a31f694eab2: Download complete
2026-09-18T10:42:07.6318599Z 4f4fb700ef54: Verifying Checksum
2026-09-18T10:42:07.6319298Z 4f4fb700ef54: Download complete
2026-09-18T10:42:07.6807366Z 7088823af441: Pull complete
2026-09-18T10:42:07.9164270Z b5fbcda668fd: Pull complete
2026-09-18T10:42:07.9259239Z 02a7ff0006b0: Pull complete
2026-09-18T10:42:07.9333911Z 4f4fb700ef54: Pull complete
2026-09-18T10:42:07.9426304Z 3a31f694eab2: Pull complete
2026-09-18T10:42:07.9466312Z Digest: sha256:a0dbf4c1d5708782907c10e2c72deff317518518b5288a58416981d9db95d30b
2026-09-18T10:42:07.9477126Z Status: Downloaded newer image for valkey/valkey:9-alpine
2026-09-18T10:42:10.3325332Z Restored and verified the Go installation, keys, migration history and runtime identity.
2026-09-18T10:42:12.1947359Z [WebServer] {"time":"2026-09-18T10:42:12.19300193Z","level":"INFO","msg":"authority refreshed","sequence":4,"keys":2,"revoked_credentials":0}
2026-09-18T10:42:12.1971207Z [WebServer] {"time":"2026-09-18T10:42:12.196442018Z","level":"INFO","msg":"release installed","sequence":6,"sha256":"3701c602a762dbb45393e0ee95f32176d74fd491173e7b48754c8440ab7df43a","providers":2,"routes":2}
2026-09-18T10:42:12.2058537Z [WebServer] {"time":"2026-09-18T10:42:12.204647162Z","level":"INFO","msg":"request metadata gateway registered","gateway_instance":"runnervmlun5p-1-01a0b41c0c687d4d941cde2282f7b9ae"}
2026-09-18T10:42:12.2084380Z [WebServer] {"time":"2026-09-18T10:42:12.207031313Z","level":"INFO","msg":"listener started","mode":"all","listener":"private","address":"127.0.0.1:4177"}
2026-09-18T10:42:12.2086982Z [WebServer] {"time":"2026-09-18T10:42:12.207104059Z","level":"INFO","msg":"listener started","mode":"all","listener":"public","address":"127.0.0.1:4175"}
2026-09-18T10:42:12.2291629Z [WebServer] {"time":"2026-09-18T10:42:12.22838961Z","level":"INFO","msg":"reconciled cost budgets","keys":1,"daily_windows":1,"monthly_windows":1}
2026-09-18T10:42:12.7289856Z 
2026-09-18T10:42:12.7290501Z Running 1 test using 1 worker
2026-09-18T10:42:17.2039957Z [WebServer] {"time":"2026-09-18T10:42:17.20316576Z","level":"INFO","msg":"authority refreshed","sequence":5,"keys":3,"revoked_credentials":0}
2026-09-18T10:42:17.2341680Z [WebServer] {"time":"2026-09-18T10:42:17.230883138Z","level":"INFO","msg":"inference request","request_id":"01a0b41c-200b-757a-84e1-7ba51c797b76","accounting_id":"01a0b41c-200b-757a-84e1-7ba51c797b76","client_ip":"127.0.0.1","route_revision_id":"01a0b41a-81ce-727e-a901-10d027afae73","started_at":"2026-09-18T10:42:17.227362931Z","usage":{"input_tokens":7,"output_tokens":5,"total_tokens":12},"actor":"api_key","key_id":"01a0b41c-14ea-7b61-8708-72a36cd7509a","user_id":"","route":"vertical-all-protocols","release_sequence":6,"family":"responses","mode":"unary","operation":"generation","surface":"openai","runtime_generation_id":"01a0b41a-c97e-7478-8122-752485d3bf8e","outcome":"success","status":200,"error_class":"","committed":true,"completed_at":"2026-09-18T10:42:17.230864744Z","duration":3501813,"first_byte":3498677,"attempt_count":1,"attempts":[{"billing_uncertain":false,"class":"success","committed":true,"credential_id":"01a0b41a-7540-739e-97a8-8dd19558e07d","credential_version":1,"duration":2670237,"first_byte":2563277,"mode":"unary","ordinal":1,"provider_id":"01a0b41a-753f-7496-9647-2fa0ef1c3bc4","provider_revision_id":"01a0b41a-7ad6-733f-94c6-7a0a87f556cc","retry_after":null,"slot_id":"01a0b41a-7542-78ec-afe0-111ba75a3135","started_at":"2026-09-18T10:42:17.228114718Z","status":200,"target_id":"01a0b41a-7bf2-7bb6-bc8a-55ce31ba4d19","upstream_model":"vertical-e2e-deployment","usage":{"input_tokens":7,"output_tokens":5,"total_tokens":12},"usage_complete":true,"usage_observed":true}],"usage_known":true,"input_tokens":7,"output_tokens":5}
2026-09-18T10:42:17.3949566Z [WebServer] {"time":"2026-09-18T10:42:17.391731967Z","level":"INFO","msg":"inference request","request_id":"01a0b41c-20ad-74dd-b4ac-3a6b773c22d8","accounting_id":"01a0b41c-20ad-74dd-b4ac-3a6b773c22d8","client_ip":"127.0.0.1","route_revision_id":"01a0b41a-81ce-727e-a901-10d027afae73","started_at":"2026-09-18T10:42:17.38932348Z","usage":{"input_tokens":7,"output_tokens":5,"total_tokens":12},"actor":"api_key","key_id":"01a0b41c-14ea-7b61-8708-72a36cd7509a","user_id":"","route":"vertical-all-protocols","release_sequence":6,"family":"responses","mode":"unary","operation":"generation","surface":"openai","runtime_generation_id":"01a0b41a-c97e-7478-8122-752485d3bf8e","outcome":"success","status":200,"error_class":"","committed":true,"completed_at":"2026-09-18T10:42:17.391676313Z","duration":2352843,"first_byte":2349798,"attempt_count":1,"attempts":[{"billing_uncertain":false,"class":"success","committed":true,"credential_id":"01a0b41a-7540-739e-97a8-8dd19558e07d","credential_version":1,"duration":1451636,"first_byte":1252073,"mode":"unary","ordinal":1,"provider_id":"01a0b41a-753f-7496-9647-2fa0ef1c3bc4","provider_revision_id":"01a0b41a-7ad6-733f-94c6-7a0a87f556cc","retry_after":null,"slot_id":"01a0b41a-7542-78ec-afe0-111ba75a3135","started_at":"2026-09-18T10:42:17.390148855Z","status":200,"target_id":"01a0b41a-7bf2-7bb6-bc8a-55ce31ba4d19","upstream_model":"vertical-e2e-deployment","usage":{"input_tokens":7,"output_tokens":5,"total_tokens":12},"usage_complete":true,"usage_observed":true}],"usage_known":true,"input_tokens":7,"output_tokens":5}
2026-09-18T10:42:17.7327226Z [WebServer] {"time":"2026-09-18T10:42:17.730293769Z","level":"INFO","msg":"inference request","request_id":"01a0b41c-21ff-7af9-9b0c-42dcb902fe0a","accounting_id":"01a0b41c-21ff-7af9-9b0c-42dcb902fe0a","client_ip":"127.0.0.1","route_revision_id":"01a0b41a-81ce-727e-a901-10d027afae73","started_at":"2026-09-18T10:42:17.727722277Z","usage":{"input_tokens":7,"output_tokens":5,"total_tokens":12},"actor":"playground","key_id":"","user_id":"01a0b41a-6965-78b4-ba2c-76ab7daaaeb2","route":"vertical-all-protocols","release_sequence":6,"family":"chat","mode":"unary","operation":"generation","surface":"openai","runtime_generation_id":"01a0b41a-c97e-7478-8122-752485d3bf8e","outcome":"success","status":200,"error_class":"","committed":false,"completed_at":"2026-09-18T10:42:17.730275425Z","duration":2553147,"first_byte":null,"attempt_count":1,"attempts":[{"billing_uncertain":false,"class":"success","committed":false,"credential_id":"01a0b41a-7540-739e-97a8-8dd19558e07d","credential_version":1,"duration":1476554,"first_byte":1372789,"mode":"unary","ordinal":1,"provider_id":"01a0b41a-753f-7496-9647-2fa0ef1c3bc4","provider_revision_id":"01a0b41a-7ad6-733f-94c6-7a0a87f556cc","retry_after":null,"slot_id":"01a0b41a-7542-78ec-afe0-111ba75a3135","started_at":"2026-09-18T10:42:17.728789905Z","status":200,"target_id":"01a0b41a-7bf2-7bb6-bc8a-55ce31ba4d19","upstream_model":"vertical-e2e-deployment","usage":{"input_tokens":7,"output_tokens":5,"total_tokens":12},"usage_complete":true,"usage_observed":true}],"usage_known":true,"input_tokens":7,"output_tokens":5}
2026-09-18T10:42:17.8443169Z [WebServer] {"time":"2026-09-18T10:42:17.843438801Z","level":"INFO","msg":"process stopped","mode":"all"}
2026-09-18T10:42:17.8991230Z ·
2026-09-18T10:42:17.8995783Z   1 passed (6.4s)
2026-09-18T10:42:17.9001620Z ##[notice]  1 passed (6.4s)
2026-09-18T10:42:17.9576757Z Restore drill passed: historical requests=4, requests after inference=6
2026-09-18T10:42:18.2613628Z  Container olp-candidate-5635-18032-valkey-1  Stopping
2026-09-18T10:42:18.2614766Z  Container olp-candidate-5635-18032-postgres-1  Stopping
2026-09-18T10:42:18.4016699Z  Container olp-candidate-5635-18032-postgres-1  Stopped
2026-09-18T10:42:18.4017960Z  Container olp-candidate-5635-18032-postgres-1  Removing
2026-09-18T10:42:18.4066387Z  Container olp-candidate-5635-18032-postgres-1  Removed
2026-09-18T10:42:18.4625660Z  Container olp-candidate-5635-18032-valkey-1  Stopped
2026-09-18T10:42:18.4626540Z  Container olp-candidate-5635-18032-valkey-1  Removing
2026-09-18T10:42:18.4671827Z  Container olp-candidate-5635-18032-valkey-1  Removed
2026-09-18T10:42:18.4680668Z  Volume olp-candidate-5635-18032_valkey-go  Removing
2026-09-18T10:42:18.4682054Z  Volume olp-candidate-5635-18032_postgres-go  Removing
2026-09-18T10:42:18.4684306Z  Network olp-candidate-5635-18032_default  Removing
2026-09-18T10:42:18.4690061Z  Volume olp-candidate-5635-18032_valkey-go  Removed
2026-09-18T10:42:18.5098479Z  Volume olp-candidate-5635-18032_postgres-go  Removed
2026-09-18T10:42:18.5550349Z  Network olp-candidate-5635-18032_default  Removed
2026-09-18T10:42:18.5674294Z ##[group]Run actions/upload-artifact@b7c566a772e6b6bfb58ed0dc250532a479d7789f
2026-09-18T10:42:18.5674742Z with:
2026-09-18T10:42:18.5675307Z   name: packaged-ubuntu-24.04
2026-09-18T10:42:18.5676172Z   path: /home/runner/work/_temp/olp-candidate-scan/*.json
/home/runner/work/_temp/olp-candidate-scan/native-inventory
console/test-results

2026-09-18T10:42:18.5676807Z   if-no-files-found: warn
2026-09-18T10:42:18.5677055Z   compression-level: 6
2026-09-18T10:42:18.5677276Z   overwrite: false
2026-09-18T10:42:18.5677499Z   include-hidden-files: false
2026-09-18T10:42:18.5677736Z env:
2026-09-18T10:42:18.5677923Z   GOTOOLCHAIN: local
2026-09-18T10:42:18.5678201Z   PNPM_HOME: /home/runner/setup-pnpm/node_modules/.bin
2026-09-18T10:42:18.5678515Z ##[endgroup]
2026-09-18T10:42:18.7504473Z Multiple search paths detected. Calculating the least common ancestor of all paths
2026-09-18T10:42:18.7507346Z The least common ancestor is /home/runner/work. This will be the root directory of the artifact
2026-09-18T10:42:18.7508477Z With the provided path, there will be 47 files uploaded
2026-09-18T10:42:18.7515651Z Artifact name is valid!
2026-09-18T10:42:18.7516249Z Root directory input is valid!
2026-09-18T10:42:19.0319347Z Beginning upload of artifact content to blob storage
2026-09-18T10:42:20.3072584Z Uploaded bytes 8388608
2026-09-18T10:42:20.3400560Z Uploaded bytes 8407144
2026-09-18T10:42:20.3755971Z Finished uploading artifact content to blob storage!
2026-09-18T10:42:20.3759168Z SHA256 digest of uploaded artifact zip is 976441ab8c1db44b3b68dac509421b24d35203e0231c8c7ca810e039d3b28dba
2026-09-18T10:42:20.3761966Z Finalizing artifact upload
2026-09-18T10:42:20.6724867Z Artifact packaged-ubuntu-24.04.zip successfully finalized. Artifact ID 10543337465
2026-09-18T10:42:20.6726792Z Artifact packaged-ubuntu-24.04 has been successfully uploaded! Final size is 8407144 bytes. Artifact ID is 10543337465
2026-09-18T10:42:20.6732304Z Artifact download URL: https://github.com/tyk-swe/olp/actions/runs/35334054213/artifacts/10543337465
2026-09-18T10:42:20.6919248Z Post job cleanup.
2026-09-18T10:42:20.9110174Z ##[group]Logout from ghcr.io
2026-09-18T10:42:20.9191198Z [command]/usr/bin/docker logout ghcr.io
2026-09-18T10:42:20.9352581Z Removing login credentials for ghcr.io
2026-09-18T10:42:20.9385904Z ##[endgroup]
2026-09-18T10:42:20.9387186Z ##[group]Post cache
2026-09-18T10:42:20.9388256Z State not set
2026-09-18T10:42:20.9389179Z ##[endgroup]
2026-09-18T10:42:20.9588527Z Post job cleanup.
2026-09-18T10:42:21.1496960Z ##[group]Removing builder
2026-09-18T10:42:21.2744410Z [command]/usr/bin/docker buildx rm builder-ed79ee79-e350-464a-880d-7348ec8bcdcb
2026-09-18T10:42:21.4318232Z builder-ed79ee79-e350-464a-880d-7348ec8bcdcb removed
2026-09-18T10:42:21.4359431Z ##[endgroup]
2026-09-18T10:42:21.4360184Z ##[group]Cleaning up certificates
2026-09-18T10:42:21.4362978Z ##[endgroup]
2026-09-18T10:42:21.4363640Z ##[group]Post cache
2026-09-18T10:42:21.4365988Z State not set
2026-09-18T10:42:21.4366861Z ##[endgroup]
2026-09-18T10:42:21.4532177Z Post job cleanup.
2026-09-18T10:42:21.4537636Z ##[start-action display=Run actions/setup-node@820762786026740c76f36085b0efc47a31fe5020;id=__49ed47d8-4493-40dc-9ca1-c584b75c64d3.__actions_setup-node]
2026-09-18T10:42:21.4577691Z Post job cleanup.
2026-09-18T10:42:21.5745982Z Cache hit occurred on the primary key node-cache-Linux-x64-pnpm-9f58594c242bf5e569eea53d3e37b4ccf49bca194ccaae07d92574d4dca62533, not saving cache.
2026-09-18T10:42:21.5809859Z ##[end-action id=__49ed47d8-4493-40dc-9ca1-c584b75c64d3.__actions_setup-node;outcome=success;conclusion=success;duration_ms=127]
2026-09-18T10:42:21.5812994Z ##[start-action display=Run pnpm/action-setup@ea17c68df8912ef543352723c149a84f56e3d413;id=__49ed47d8-4493-40dc-9ca1-c584b75c64d3.__pnpm_action-setup]
2026-09-18T10:42:21.5847856Z Post job cleanup.
2026-09-18T10:42:21.7403590Z Pruning is unnecessary.
2026-09-18T10:42:21.7515450Z ##[end-action id=__49ed47d8-4493-40dc-9ca1-c584b75c64d3.__pnpm_action-setup;outcome=success;conclusion=success;duration_ms=170]
2026-09-18T10:42:21.7520242Z ##[start-action display=Run actions/setup-go@924ae3a1cded613372ab5595356fb5720e22ba16;id=__49ed47d8-4493-40dc-9ca1-c584b75c64d3.__actions_setup-go]
2026-09-18T10:42:21.7576744Z Post job cleanup.
2026-09-18T10:42:21.8922064Z [command]/opt/hostedtoolcache/go/1.27.1/x64/bin/go env GOMODCACHE
2026-09-18T10:42:21.8972226Z [command]/opt/hostedtoolcache/go/1.27.1/x64/bin/go env GOCACHE
2026-09-18T10:42:21.9010797Z /home/runner/go/pkg/mod
2026-09-18T10:42:21.9034366Z /home/runner/.cache/go-build
2026-09-18T10:42:21.9040276Z Cache hit occurred on the primary key setup-go-Linux-x64-ubuntu24-go-1.27.1-6907cd9f6b0643e4f370533693c6212e6e01d21c485d39d220f91f38f43c10b0, not saving cache.
2026-09-18T10:42:21.9134477Z ##[end-action id=__49ed47d8-4493-40dc-9ca1-c584b75c64d3.__actions_setup-go;outcome=success;conclusion=success;duration_ms=161]
2026-09-18T10:42:21.9304635Z Post job cleanup.
2026-09-18T10:42:22.0188976Z [command]/usr/bin/git version
2026-09-18T10:42:22.0242184Z git version 2.55.0
2026-09-18T10:42:22.0299123Z Temporarily overriding HOME='/home/runner/work/_temp/e1f91f31-f4fc-4481-bb24-b634ceaaf579' before making global git config changes
2026-09-18T10:42:22.0301082Z Adding repository directory to the temporary git global config as a safe directory
2026-09-18T10:42:22.0306320Z [command]/usr/bin/git config --global --add safe.directory /home/runner/work/olp/olp
2026-09-18T10:42:22.0350356Z Removing SSH command configuration
2026-09-18T10:42:22.0358877Z [command]/usr/bin/git config --local --name-only --get-regexp core\.sshCommand
2026-09-18T10:42:22.0403260Z [command]/usr/bin/git submodule foreach --recursive sh -c "git config --local --name-only --get-regexp 'core\.sshCommand' && git config --local --unset-all 'core.sshCommand' || :"
2026-09-18T10:42:22.0674815Z Removing HTTP extra header
2026-09-18T10:42:22.0686121Z [command]/usr/bin/git config --local --name-only --get-regexp http\.https\:\/\/github\.com\/\.extraheader
2026-09-18T10:42:22.0727485Z [command]/usr/bin/git submodule foreach --recursive sh -c "git config --local --name-only --get-regexp 'http\.https\:\/\/github\.com\/\.extraheader' && git config --local --unset-all 'http.https://github.com/.extraheader' || :"
2026-09-18T10:42:22.1001731Z Removing includeIf entries pointing to credentials config files
2026-09-18T10:42:22.1009432Z [command]/usr/bin/git config --local --name-only --get-regexp ^includeIf\.gitdir:
2026-09-18T10:42:22.1051389Z includeif.gitdir:/home/runner/work/olp/olp/.git.path
2026-09-18T10:42:22.1052501Z includeif.gitdir:/home/runner/work/olp/olp/.git/worktrees/*.path
2026-09-18T10:42:22.1053691Z includeif.gitdir:/github/workspace/.git.path
2026-09-18T10:42:22.1054738Z includeif.gitdir:/github/workspace/.git/worktrees/*.path
2026-09-18T10:42:22.1063176Z [command]/usr/bin/git config --local --get-all includeif.gitdir:/home/runner/work/olp/olp/.git.path
2026-09-18T10:42:22.1095793Z /home/runner/work/_temp/git-credentials-b652988b-3b89-49ed-97d7-0ed68f3a589a.config
2026-09-18T10:42:22.1107895Z [command]/usr/bin/git config --local --unset includeif.gitdir:/home/runner/work/olp/olp/.git.path \/home\/runner\/work\/_temp\/git\-credentials\-b652988b\-3b89\-49ed\-97d7\-0ed68f3a589a\.config
2026-09-18T10:42:22.1166730Z [command]/usr/bin/git config --local --get-all includeif.gitdir:/home/runner/work/olp/olp/.git/worktrees/*.path
2026-09-18T10:42:22.1194818Z /home/runner/work/_temp/git-credentials-b652988b-3b89-49ed-97d7-0ed68f3a589a.config
2026-09-18T10:42:22.1199220Z [command]/usr/bin/git config --local --unset includeif.gitdir:/home/runner/work/olp/olp/.git/worktrees/*.path \/home\/runner\/work\/_temp\/git\-credentials\-b652988b\-3b89\-49ed\-97d7\-0ed68f3a589a\.config
2026-09-18T10:42:22.1244177Z [command]/usr/bin/git config --local --get-all includeif.gitdir:/github/workspace/.git.path
2026-09-18T10:42:22.1275686Z /github/runner_temp/git-credentials-b652988b-3b89-49ed-97d7-0ed68f3a589a.config
2026-09-18T10:42:22.1284374Z [command]/usr/bin/git config --local --unset includeif.gitdir:/github/workspace/.git.path \/github\/runner_temp\/git\-credentials\-b652988b\-3b89\-49ed\-97d7\-0ed68f3a589a\.config
2026-09-18T10:42:22.1328013Z [command]/usr/bin/git config --local --get-all includeif.gitdir:/github/workspace/.git/worktrees/*.path
2026-09-18T10:42:22.1356679Z /github/runner_temp/git-credentials-b652988b-3b89-49ed-97d7-0ed68f3a589a.config
2026-09-18T10:42:22.1366723Z [command]/usr/bin/git config --local --unset includeif.gitdir:/github/workspace/.git/worktrees/*.path \/github\/runner_temp\/git\-credentials\-b652988b\-3b89\-49ed\-97d7\-0ed68f3a589a\.config
2026-09-18T10:42:22.1409187Z [command]/usr/bin/git submodule foreach --recursive git config --local --show-origin --name-only --get-regexp remote.origin.url
2026-09-18T10:42:22.1641625Z Removing credentials config '/home/runner/work/_temp/git-credentials-b652988b-3b89-49ed-97d7-0ed68f3a589a.config'
2026-09-18T10:42:22.1799850Z Cleaning up orphan processes
